domain,tld,status,expiry,days_left,registrar,created,epp_status,via,sources,example_url
wandercoin.ai,ai,REGISTERED,6/25/2026,-87,"NameCheap, Inc.",6/25/2024,"client transfer prohibited,pending delete",rdap,https://opensea.io/blog/articles/opensea-digest-january-9-2025,https://www.wandercoin.ai/
atomicbazaar.io,io,REGISTERED,6/27/2026,-86,"Spaceship, Inc.",6/27/2025,clientTransferProhibited https://icann.org/epp#clientTransferProhibited,whois,https://opensea.io/blog/articles/atomic-bazaar,https://www.atomicbazaar.io/
gener8.art,art,REGISTERED,7/6/2026,-76,Squarespace Domains II LLC,7/6/2021,"server hold,server transfer prohibited,client hold,client transfer prohibited,pending delete,pending delete",rdap,https://opensea.io/blog/articles/interview-arran-schlosberg,https://gener8.art/
woodiesnft.com,com,REGISTERED,7/7/2026,-75,"GoDaddy.com, LLC",7/7/2021,pending delete,rdap,https://opensea.io/blog/articles/strongthe-2022-nft-awards-strong,https://www.woodiesnft.com/
arcade.fun,fun,REGISTERED,7/19/2026,-63,"NameCheap, Inc.",7/19/2024,"pending delete,server hold,server transfer prohibited,server update prohibited,redemption period",rdap,https://opensea.io/blog/articles/opensea-digest-august-15-2024;https://opensea.io/blog/articles/opensea-digest-july-25-2024,https://www.arcade.fun/asteroids
nyanheroes.com,com,REGISTERED,8/2/2026,-49,"DreamHost, LLC",8/2/2021,redemption period,rdap,https://opensea.io/blog/articles/opensea-digest-may-22-2025,https://nyanheroes.com/
stryking.io,io,REGISTERED,8/14/2026,-37,IONOS SE,8/14/2019,clientHold https://icann.org/epp#clientHold,whois,https://opensea.io/blog/articles/the-second-christmas-edition-stryking-auction-starts-today,https://presale.stryking.io/
huxleysaga.com,com,REGISTERED,9/21/2026,1,"GoDaddy.com, LLC",9/21/2017,"client delete prohibited,client renew prohibited,client transfer prohibited,client update prohibited",rdap,https://opensea.io/blog/articles/bringing-virtual-games-into-the-real-world,https://huxleysaga.com/
monaris.me,me,REGISTERED,9/21/2026,1,Tucows Domains Inc.,9/21/2015,clientTransferProhibited https://icann.org/epp#clientTransferProhibited,whois,https://opensea.io/blog/articles/monaris;https://opensea.io/blog/articles/spotlight-on-hispanic-heritage-month,https://www.monaris.me/
accesswire.com,com,REGISTERED,9/22/2026,2,"GoDaddy.com, LLC",9/22/2002,"client delete prohibited,client renew prohibited,client transfer prohibited,client update prohibited",rdap,https://opensea.io/blog/articles/complexity-gamings-bold-pivot-to-web3-gaming,https://www.accesswire.com/838740/gamesquare-completes-sale-of-complexity-gaming
jaimerogozinski.com,com,REGISTERED,9/22/2026,2,"GoDaddy.com, LLC",9/22/2011,"client delete prohibited,client renew prohibited,client transfer prohibited,client update prohibited",rdap,https://opensea.io/blog/articles/in-conversation-with-jaime-rogozinski-founder-of-redacted;https://opensea.io/blog/articles/opensea-digest-april-10-2025,https://jaimerogozinski.com/
adidas.com,com,REGISTERED,9/24/2026,3,"CSC Corporate Domains, Inc.",9/25/1995,client transfer prohibited,rdap,https://opensea.io/blog/articles/in-conversation-with-gmoney;https://opensea.io/blog/articles/opensea-digest-april-11-2024;https://opensea.io/blog/articles/opensea-digest-april-18-2024,https://collect.adidas.com/drop/alts
reddao.xyz,xyz,REGISTERED,9/23/2026,3,"GoDaddy.com, LLC",9/23/2021,"client renew prohibited,client transfer prohibited,client update prohibited,client delete prohibited",rdap,https://opensea.io/blog/articles/in-conversation-with-mmerchs-colby-mugrabi,https://reddao.xyz/
buffaloakg.org,org,REGISTERED,9/23/2026,3,"GoDaddy.com, LLC",9/23/2016,"client delete prohibited,client renew prohibited,client transfer prohibited,client update prohibited",rdap,https://opensea.io/blog/articles/live-from-marfa-in-conversation-with-mitchell-f-chan,https://buffaloakg.org/artworks/194111-croquet-players
ralphlauren.com,com,REGISTERED,9/24/2026,3,"CSC Corporate Domains, Inc.",9/25/1996,"client transfer prohibited,server delete prohibited,server transfer prohibited,server update prohibited",rdap,https://opensea.io/blog/articles/opensea-digest-july-25-2024,https://www.ralphlauren.com/
christiesrealestate.com,com,REGISTERED,9/24/2026,3,"CSC Corporate Domains, Inc.",9/24/1999,client transfer prohibited,rdap,https://opensea.io/blog/articles/opensea-digest-july-31-2025,https://www.christiesrealestate.com/
vam.ac.uk,uk,REGISTERED,9/24/2026,3,Com Laude,9/17/2003,,whois,https://opensea.io/blog/articles/opensea-digest-march-12-2026,https://www.vam.ac.uk/
mountvitruvius.art,art,REGISTERED,9/24/2026,4,Tucows Domains Inc.,9/24/2021,"client transfer prohibited,client update prohibited",rdap,https://opensea.io/blog/articles/live-from-marfa-in-conversation-with-mountvitruvius,https://www.mountvitruvius.art/
moonray.game,game,REGISTERED,9/24/2026,4,"Name.com, Inc.",9/24/2019,"client transfer prohibited,client update prohibited",rdap,https://opensea.io/blog/articles/opensea-digest-october-24-2024,https://www.moonray.game/
digitalasset.com,com,REGISTERED,9/26/2026,6,"GoDaddy.com, LLC",9/26/2004,"client delete prohibited,client renew prohibited,client transfer prohibited,client update prohibited",rdap,https://opensea.io/blog/articles/opensea-digest-january-9-2026,https://www.digitalasset.com/
bloomberg.com,com,REGISTERED,9/28/2026,7,"CSC Corporate Domains, Inc.",9/29/1993,"client transfer prohibited,server delete prohibited,server transfer prohibited,server update prohibited",rdap,https://opensea.io/blog/articles/brands-that-started-as-crypto-tokens;https://opensea.io/blog/articles/jack-butcher;https://opensea.io/blog/articles/non-fungible-tokens,https://www.bloomberg.com/news/articles/2022-06-01/snoop-dogg-buys-two-nfts-created-by-ex-trader-at-barclays
sniper.xyz,xyz,REGISTERED,9/27/2026,7,"GoDaddy.com, LLC",9/27/2017,"client renew prohibited,client transfer prohibited,client update prohibited,client delete prohibited",rdap,https://opensea.io/blog/articles/opensea-digest-august-7-2025,https://www.sniper.xyz/
creepz.co,co,REGISTERED,10/2/2026,12,"GoDaddy.com, LLC",10/2/2021,clientRenewProhibited https://icann.org/epp#clientRenewProhibited,whois,https://opensea.io/blog/articles/in-conversation-with-joe-carnell-of-creepz,https://creepz.co/
delegate.xyz,xyz,REGISTERED,10/2/2026,12,"GoDaddy.com, LLC",10/2/2015,"client renew prohibited,client transfer prohibited,client update prohibited,client delete prohibited",rdap,https://opensea.io/blog/articles/opensea-digest-oct-5-2023,https://delegate.xyz/
thevalue.com,com,REGISTERED,10/3/2026,13,"GoDaddy.com, LLC",10/3/2002,"client delete prohibited,client renew prohibited,client transfer prohibited,client update prohibited",rdap,https://opensea.io/blog/articles/opensea-digest-jan-18-2023,https://en.thevalue.com/articles/interview-sothebys-hong-kong-old-master-q-2-0-selling-exhibition-2018-rock-n-roll-joseph-wong-jonathan-wong
ikonick.com,com,REGISTERED,10/3/2026,13,"GoDaddy.com, LLC",10/3/2008,"client delete prohibited,client renew prohibited,client transfer prohibited,client update prohibited",rdap,https://opensea.io/blog/articles/the-ikonick-universe-is-expanding,https://ikonick.com/pages/nft
mlssoccer.com,com,REGISTERED,10/5/2026,14,"CSC Corporate Domains, Inc.",5/20/2001,client transfer prohibited,rdap,https://opensea.io/blog/articles/opensea-digest-october-31-2024,https://www.mlssoccer.com/
nouns.coffee,coffee,REGISTERED,10/5/2026,15,Mesh Digital Limited,10/5/2021,active,rdap,https://opensea.io/blog/articles/nouns,https://www.nouns.coffee/
art.art,art,REGISTERED,10/5/2026,15,UK Creative Ideas Limited,10/5/2016,server transfer prohibited,rdap,https://opensea.io/blog/articles/opensea-digest-may-15-2026,https://www.art.art
footium.club,club,REGISTERED,10/6/2026,16,Mesh Digital Limited,10/6/2020,active,rdap,https://opensea.io/blog/articles/footiums-fresh-take-on-the-sports-management-gaming-genre;https://opensea.io/blog/articles/sports-nfts,http://footium.club
jenstark.com,com,REGISTERED,10/6/2026,16,Tucows Domains Inc.,1/7/2005,"client transfer prohibited,client update prohibited",rdap,https://opensea.io/blog/articles/jen-stark;https://opensea.io/blog/articles/spotlight-on-womens-history-month,https://www.jenstark.com/about
privy.io,io,REGISTERED,10/7/2026,17,Key-Systems GmbH,10/7/2018,clientDeleteProhibited https://icann.org/epp#clientDeleteProhibited,whois,https://opensea.io/blog/articles/opensea-digest-july-6-2024;https://opensea.io/blog/articles/opensea-digest-june-12-2025,https://www.privy.io/
rektdrinks.com,com,REGISTERED,10/7/2026,17,"GoDaddy.com, LLC",10/7/2023,"client delete prohibited,client renew prohibited,client transfer prohibited,client update prohibited",rdap,https://opensea.io/blog/articles/opensea-digest-november-7-2024,https://rektdrinks.com/
poolsuite.net,net,REGISTERED,10/8/2026,18,Squarespace Domains II LLC,10/8/2020,"client delete prohibited,client transfer prohibited",rdap,https://opensea.io/blog/articles/brands-that-started-as-crypto-tokens,https://poolsuite.net/
art3.io,io,REGISTERED,10/8/2026,18,"GoDaddy.com, LLC",10/8/2021,clientDeleteProhibited https://icann.org/epp#clientDeleteProhibited,whois,https://opensea.io/blog/articles/james-and-other-apes-japes,https://art3.io/drops/japes/
doodles.app,app,REGISTERED,10/9/2026,19,Namecheap Inc.,10/9/2021,client transfer prohibited,rdap,https://opensea.io/blog/articles/in-conversation-with-alan-carr-of-cryptokitties;https://opensea.io/blog/articles/in-conversation-with-burnt-toast-of-doodles;https://opensea.io/blog/articles/opensea-digest-april-3-2025,https://arizona.doodles.app/
internationalmusicsummit.com,com,REGISTERED,10/9/2026,19,"CSC Corporate Domains, Inc.",10/9/2006,client transfer prohibited,rdap,https://opensea.io/blog/articles/in-conversation-with-inder-phull-of-pixelynx,https://www.internationalmusicsummit.com/
fandom.com,com,REGISTERED,10/10/2026,19,Tucows Domains Inc.,10/11/1996,"client transfer prohibited,client update prohibited",rdap,https://opensea.io/blog/articles/in-conversation-with-jonathan-mann;https://opensea.io/blog/articles/in-conversation-with-walter-newman-an-emmy-nominated-producer-behind-nouns-fest;https://opensea.io/blog/articles/opensea-digest-october-16-2025,https://adultswim.fandom.com/wiki/Walter_Newman
vrfocus.com,com,REGISTERED,10/9/2026,19,"GoDaddy.com, LLC",10/9/2013,"client delete prohibited,client renew prohibited,client transfer prohibited,client update prohibited",rdap,https://opensea.io/blog/articles/somnium-space-is-coming-to-opensea-a19f093f7142,https://www.vrfocus.com/2019/05/social-vr-world-somnium-space-completes-1-million-funding-round-oculus-quest-version-coming-2019/
nonfungibleconference.com,com,REGISTERED,10/10/2026,20,Squarespace Domains II LLC,10/10/2021,"client delete prohibited,client transfer prohibited",rdap,https://opensea.io/blog/articles/opensea-digest-june-4-2026;https://opensea.io/blog/articles/opensea-digest-june-5-2025,https://www.nonfungibleconference.com/
pitchfork.com,com,REGISTERED,10/12/2026,21,"CSC Corporate Domains, Inc.",10/13/1995,"client transfer prohibited,server delete prohibited,server transfer prohibited,server update prohibited",rdap,https://opensea.io/blog/articles/music-nfts,https://pitchfork.com/news/wu-tang-clan-once-upon-a-time-in-shaolin-turned-into-nft/
atproto.com,com,REGISTERED,10/12/2026,21,Squarespace Domains II LLC,10/12/2022,"client delete prohibited,client transfer prohibited",rdap,https://opensea.io/blog/articles/opensea-digest-feb-8-2024,https://atproto.com/
projectvenkman.com,com,REGISTERED,10/12/2026,22,Squarespace Domains II LLC,10/12/2021,"client delete prohibited,client transfer prohibited",rdap,https://opensea.io/blog/articles/opensea-digest-april-10-2025,https://www.projectvenkman.com/
human-one.xyz,xyz,REGISTERED,10/12/2026,22,"GoDaddy.com, LLC",10/12/2021,"client renew prohibited,client transfer prohibited,client update prohibited,client delete prohibited",rdap,https://opensea.io/blog/articles/opensea-digest-november-14-2024,https://human-one.xyz/
altcoinbuzz.io,io,REGISTERED,10/14/2026,23,"GoDaddy.com, LLC",10/14/2017,clientDeleteProhibited https://icann.org/epp#clientDeleteProhibited,whois,https://opensea.io/blog/articles/opensea-digest-march-14-2024;https://opensea.io/blog/articles/opensea-digest-september-19-2024,https://www.altcoinbuzz.io/cryptocurrency-news/phantom-wallet-adds-easy-swaps-with-mayan-finance/
jonmccormack.info,info,REGISTERED,10/14/2026,23,"GoDaddy.com, LLC",10/14/2011,"client delete prohibited,client renew prohibited,client transfer prohibited,client update prohibited",rdap,https://opensea.io/blog/articles/what-is-art-blocks,https://jonmccormack.info/
token2049.com,com,REGISTERED,10/15/2026,24,"GoDaddy.com, LLC",10/15/2017,"client delete prohibited,client renew prohibited,client transfer prohibited,client update prohibited",rdap,https://opensea.io/blog/articles/in-conversation-with-firestorm-of-neo-tokyo;https://opensea.io/blog/articles/opensea-digest-september-19-2024;https://opensea.io/blog/articles/parallel-new-3d-shooter-game-powered-by-unreal-engine,https://www.asia.token2049.com/
hyperliquid.xyz,xyz,REGISTERED,10/15/2026,25,Squarespace Domains II LLC,10/15/2022,"client transfer prohibited,client delete prohibited",rdap,https://opensea.io/blog/articles/opensea-digest-july-10-2025,https://app.hyperliquid.xyz/trade
ethdenver.com,com,REGISTERED,10/16/2026,26,"GoDaddy.com, LLC",10/16/2017,"client delete prohibited,client renew prohibited,client transfer prohibited,client update prohibited",rdap,https://opensea.io/blog/articles/gitcoin-kudos-are-now-tradeable;https://opensea.io/blog/articles/opensea-digest-february-19-2026;https://opensea.io/blog/articles/opensea-digest-march-6-2025,https://ethdenver.com/
terravirtua.io,io,REGISTERED,10/16/2026,26,"NameCheap, Inc.",10/16/2017,clientTransferProhibited https://icann.org/epp#clientTransferProhibited,whois,https://opensea.io/blog/articles/welcoming-the-godfather-to-opensea,https://terravirtua.io/
louisvuitton.com,com,REGISTERED,10/19/2026,29,"CSC Corporate Domains, Inc.",2/18/1997,"client transfer prohibited,server delete prohibited,server transfer prohibited,server update prohibited",rdap,https://opensea.io/blog/articles/beeple;https://opensea.io/blog/articles/in-conversation-with-seedphrase;https://opensea.io/blog/articles/luxury-nfts,https://us.louisvuitton.com/eng-us/homepage
aave.com,com,REGISTERED,10/20/2026,29,"Cloudflare, Inc.",10/21/1997,client transfer prohibited,rdap,https://opensea.io/blog/articles/opensea-digest-july-31-2025,https://aave.com/
endlessclouds.xyz,xyz,REGISTERED,10/19/2026,29,"NameCheap, Inc.",10/19/2021,client transfer prohibited,rdap,https://opensea.io/blog/articles/opensea-digest-march-20-2025,https://endlessclouds.xyz/
tim.blog,blog,REGISTERED,10/19/2026,29,"Knock Knock WHOIS There, LLC",10/19/2016,active,rdap,https://opensea.io/blog/articles/opensea-raises-23m-to-scale-the-largest-marketplace-for-nfts,https://tim.blog/
thesphere.com,com,REGISTERED,10/21/2026,31,MarkMonitor Inc.,10/21/2001,"client delete prohibited,client transfer prohibited,client update prohibited",rdap,https://opensea.io/blog/articles/opensea-digest-july-6-2024;https://opensea.io/blog/articles/opensea-digest-march-13-2025,https://www.thesphere.com/
model-wip.com,com,REGISTERED,10/21/2026,31,"NameCheap, Inc.",10/21/2023,client transfer prohibited,rdap,https://opensea.io/blog/articles/opensea-digest-march-6-2025,https://model-wip.com/emilyxie
intellimizeio.com,com,REGISTERED,10/22/2026,32,MarkMonitor Inc.,10/22/2020,"client delete prohibited,client transfer prohibited,client update prohibited",rdap,https://opensea.io/blog/articles/1-billion-from-creator-fees-in-2022;https://opensea.io/blog/articles/10-tips-for-avoiding-scams-and-staying-safe-on-the-decentralized-web;https://opensea.io/blog/articles/12-curated-works-for-cadaf-online,https://117501929.intellimizeio.com
loreal.com,com,REGISTERED,10/23/2026,32,"CSC Corporate Domains, Inc.",10/24/1997,client transfer prohibited,rdap,https://opensea.io/blog/articles/in-conversation-with-omar-ghanem-of-gam3s-gg;https://opensea.io/blog/articles/opensea-digest-june-12-2025;https://opensea.io/blog/articles/opensea-digest-march-1-2024,https://www.loreal.com/en/
jonathanrosen.com,com,REGISTERED,10/22/2026,32,"Wild West Domains, LLC",10/22/2011,ok https://icann.org/epp#ok,whois,https://opensea.io/blog/articles/the-biggest-drop-in-times-square-since-new-years-eve,https://jonathanrosen.com/
newswire.ca,ca,REGISTERED,10/24/2026,33,CSC Corporate Domains (Canada) Company,9/27/2000,"client transfer prohibited,server delete prohibited,server transfer prohibited,server update prohibited",rdap,https://opensea.io/blog/articles/5-health-and-wellness-nft-collections-to-watch-in-2024,https://www.newswire.ca/news-releases/wellness-nft-yogapetz-sells-out-in-less-than-45-minutes-with-a-value-close-to-3-million-801169889.html
starbucks.com,com,REGISTERED,10/24/2026,33,"CSC Corporate Domains, Inc.",10/25/1993,"client transfer prohibited,server delete prohibited,server transfer prohibited,server update prohibited",rdap,https://opensea.io/blog/articles/opensea-digest-jan-18-2023;https://opensea.io/blog/articles/opensea-digest-oct-12-2023,https://odyssey.starbucks.com/#/landing
joy.lol,lol,REGISTERED,10/24/2026,34,Porkbun LLC,10/24/2018,"client transfer prohibited,client delete prohibited",rdap,https://opensea.io/blog/articles/journey-to-joyworld-with-joy,https://www.joy.lol/joy/berserk
messari.io,io,REGISTERED,10/25/2026,35,"Amazon Registrar, Inc.",10/25/2017,clientTransferProhibited https://icann.org/epp#clientTransferProhibited,whois,https://opensea.io/blog/articles/a-short-non-fungible-story-from-messari,https://messari.io/
aireuropa.com,com,REGISTERED,10/26/2026,35,"Interdominios, Inc.",10/27/1997,client transfer prohibited,rdap,https://opensea.io/blog/articles/airline-nfts,https://www.aireuropa.com/
lolesports.com,com,REGISTERED,10/26/2026,35,MarkMonitor Inc.,10/26/2012,clientDeleteProhibited https://icann.org/epp#clientDeleteProhibited,whois,https://opensea.io/blog/articles/opensea-digest-may-8-2025,https://lolesports.com/en-US/
newyorkfed.org,org,REGISTERED,10/26/2026,36,"GoDaddy.com, LLC",10/26/1999,"client delete prohibited,client renew prohibited,client transfer prohibited,client update prohibited",rdap,https://opensea.io/blog/articles/opensea-digest-april-2-2026,https://www.newyorkfed.org/microeconomics/hhdc
oasys.games,games,REGISTERED,10/26/2026,36,Squarespace Domains II LLC,10/26/2021,"client delete prohibited,client transfer prohibited",rdap,https://opensea.io/blog/articles/opensea-digest-may-1-2025,https://www.oasys.games/
uniswap.io,io,REGISTERED,10/28/2026,37,"Cloudflare, Inc",10/28/2017,clientTransferProhibited https://icann.org/epp#clientTransferProhibited,whois,https://opensea.io/blog/articles/bringing-on-additional-strategic-investors-to-opensea,https://uniswap.io/
visitsugartown.com,com,REGISTERED,10/27/2026,37,"Amazon Registrar, Inc.",10/27/2022,client transfer prohibited,rdap,https://opensea.io/blog/articles/opensea-digest-aug-24-2023,https://visitsugartown.com/
foldapp.com,com,REGISTERED,10/27/2026,37,"Cloudflare, Inc.",10/27/2013,client transfer prohibited,rdap,https://opensea.io/blog/articles/opensea-digest-january-22-2026,https://foldapp.com/
joinsparks.io,io,REGISTERED,10/27/2026,37,"NameCheap, Inc.",10/27/2023,clientTransferProhibited https://icann.org/epp#clientTransferProhibited,whois,https://opensea.io/blog/articles/opensea-digest-nov-30-2023,https://joinsparks.io/
biggreen.org,org,REGISTERED,10/27/2026,37,"GoDaddy.com, LLC",10/27/2016,"client delete prohibited,client renew prohibited,client transfer prohibited,client update prohibited",rdap,https://opensea.io/blog/articles/opensea-digest-october-2-2024,https://biggreen.org/
maxon.net,net,REGISTERED,10/29/2026,38,Hetzner Online GmbH,10/30/1997,active,rdap,https://opensea.io/blog/articles/in-conversation-with-ricky-retouch,https://www.maxon.net/en/cinema-4d
artmeta.org,org,REGISTERED,10/28/2026,38,Key-Systems GmbH,10/28/2021,client transfer prohibited,rdap,https://opensea.io/blog/articles/opensea-digest-may-8-2025,https://www.artmeta.org/
redstone.xyz,xyz,REGISTERED,10/30/2026,40,"Cloudflare, Inc.",10/30/2020,client transfer prohibited,rdap,https://opensea.io/blog/articles/opensea-digest-october-16-2025,https://redstone.xyz/
jdsupra.com,com,REGISTERED,10/31/2026,41,"GoDaddy.com, LLC",10/31/2006,"client delete prohibited,client renew prohibited,client transfer prohibited,client update prohibited",rdap,https://opensea.io/blog/articles/airline-nfts,https://www.jdsupra.com/legalnews/japan-s-national-strategy-for-digital-9309870/
nft.kred,kred,REGISTERED,10/31/2026,41,KredTLD Pty Ltd,10/31/2018,active,rdap,https://opensea.io/blog/articles/kred-auction;https://opensea.io/blog/articles/non-fungible-tokens,https://www.nft.kred/
hasbro.com,com,REGISTERED,11/1/2026,41,MarkMonitor Inc.,11/2/1994,"client delete prohibited,client transfer prohibited,client update prohibited",rdap,https://opensea.io/blog/articles/opensea-digest-november-13-2025,https://shop.hasbro.com/en-us
grab.com,com,REGISTERED,11/1/2026,41,"CSC Corporate Domains, Inc.",11/2/1996,client transfer prohibited,rdap,https://opensea.io/blog/articles/opensea-digest-sept-15-2023,https://www.grab.com/sg/
allseeingseneca.com,com,REGISTERED,11/1/2026,42,Squarespace Domains LLC,11/1/2021,"client delete prohibited,client transfer prohibited,client update prohibited",rdap,https://opensea.io/blog/articles/in-conversation-with-all-seeing-seneca;https://opensea.io/blog/articles/opensea-digest-august-22-2024;https://opensea.io/blog/articles/spotlight-on-womens-history-month,https://www.allseeingseneca.com
p5js.org,org,REGISTERED,11/1/2026,42,"Cloudflare, Inc.",11/1/2013,client transfer prohibited,rdap,https://opensea.io/blog/articles/interview-arran-schlosberg;https://opensea.io/blog/articles/live-from-marfa-in-conversation-with-harvey-rayner;https://opensea.io/blog/articles/live-from-marfa-in-conversation-with-radix,https://editor.p5js.org/
kareprints.com,com,REGISTERED,11/1/2026,42,"GoDaddy.com, LLC",11/1/2010,"client delete prohibited,client renew prohibited,client transfer prohibited,client update prohibited",rdap,https://opensea.io/blog/articles/opensea-digest-november-27-2024,https://kareprints.com/
untitledartfairs.com,com,REGISTERED,11/1/2026,42,SafeNames Ltd.,11/1/2016,"client delete prohibited,client transfer prohibited,client update prohibited",rdap,https://opensea.io/blog/articles/opensea-digest-november-27-2024,https://untitledartfairs.com/
zepstergallery.com,com,REGISTERED,11/1/2026,42,Wix.com Ltd.,11/1/2023,"client transfer prohibited,client update prohibited",rdap,https://opensea.io/blog/articles/opensea-digest-september-11-2025,https://www.zepstergallery.com/
edwardhopper.net,net,REGISTERED,11/2/2026,43,"Cloudflare, Inc.",11/2/2011,client transfer prohibited,rdap,https://opensea.io/blog/articles/live-from-marfa-in-conversation-with-deltasauce,https://www.edwardhopper.net/
javascript.com,com,REGISTERED,11/2/2026,43,MarkMonitor Inc.,12/29/1995,"client delete prohibited,client transfer prohibited,client update prohibited",rdap,https://opensea.io/blog/articles/live-from-marfa-in-conversation-with-remnynt,https://www.javascript.com/
getdrip.com,com,REGISTERED,11/4/2026,44,"GoDaddy.com, LLC",11/4/2012,"client delete prohibited,client renew prohibited,client transfer prohibited,client update prohibited",rdap,https://opensea.io/blog/articles/atomic-bazaar;https://opensea.io/blog/articles/partnership-with-hash-rush,https://www.getdrip.com/forms/565903833/submissions/new
jeffgdavis.com,com,REGISTERED,11/3/2026,44,"GoDaddy.com, LLC",11/3/2005,"client delete prohibited,client renew prohibited,client transfer prohibited,client update prohibited",rdap,https://opensea.io/blog/articles/in-conversation-with-jeff-davis;https://opensea.io/blog/articles/what-is-art-blocks,https://www.jeffgdavis.com/
thebrazilbusiness.com,com,REGISTERED,11/4/2026,44,Tucows Domains Inc.,11/4/2008,"client transfer prohibited,client update prohibited",rdap,https://opensea.io/blog/articles/opensea-digest-january-1-2026,https://thebrazilbusiness.com/article/introduction-to-rouanet-law
darkcountry.io,io,REGISTERED,11/4/2026,45,"NameCheap, Inc.",11/4/2019,clientTransferProhibited https://icann.org/epp#clientTransferProhibited,whois,https://opensea.io/blog/articles/dark-country-is-on-opensea,https://darkcountry.io/
nftfest.wtf,wtf,REGISTERED,11/4/2026,45,"Name.com, Inc.",11/4/2022,client transfer prohibited,rdap,https://opensea.io/blog/articles/opensea-digest-april-11-2024,https://www.nftfest.wtf/
meso.network,network,REGISTERED,11/4/2026,45,"Cloudflare, Inc",11/4/2021,client transfer prohibited,rdap,https://opensea.io/blog/articles/opensea-digest-september-18-2025,https://meso.network/
xie-emily.com,com,REGISTERED,11/6/2026,46,"Amazon Registrar, Inc.",11/6/2015,active,rdap,https://opensea.io/blog/articles/emily-xie;https://opensea.io/blog/articles/spotlight-on-asian-american-and-pacific-islander-heritage-month,https://xie-emily.com/about
mschf.com,com,REGISTERED,11/5/2026,46,"Amazon Registrar, Inc.",11/5/2017,client transfer prohibited,rdap,https://opensea.io/blog/articles/in-conversation-with-alex-taub-of-goblintown,https://mschf.com/
zksync.io,io,REGISTERED,11/5/2026,46,"NameCheap, Inc.",11/5/2019,clientTransferProhibited https://icann.org/epp#clientTransferProhibited,whois,https://opensea.io/blog/articles/opensea-digest-dec-13-2023;https://opensea.io/blog/articles/opensea-digest-october-2-2025,https://www.zksync.io/
arianee.com,com,REGISTERED,11/5/2026,46,OVH sas,11/5/2017,"client delete prohibited,client transfer prohibited",rdap,https://opensea.io/blog/articles/opensea-digest-march-1-2024,https://www.arianee.com/
arianee.org,org,REGISTERED,11/5/2026,46,OVH sas,11/5/2017,"client delete prohibited,client transfer prohibited",rdap,https://opensea.io/blog/articles/opensea-digest-sept-15-2023,https://www.arianee.org/
ted.com,com,REGISTERED,11/7/2026,47,"Name.com, Inc.",11/8/1994,client transfer prohibited,rdap,https://opensea.io/blog/articles/claire-silver;https://opensea.io/blog/articles/niceaunties;https://opensea.io/blog/articles/refik-anadol,https://www.ted.com/pages/www.ted.com/podcasts/ai-may-take-jobs---but-not-our-creativity
artseconomics.com,com,REGISTERED,11/7/2026,48,Blacknight Internet Solutions Ltd.,11/7/2007,client transfer prohibited,rdap,https://opensea.io/blog/articles/opensea-digest-march-12-2026,https://artseconomics.com
a0k1verse.xyz,xyz,REGISTERED,11/8/2026,49,"GoDaddy.com, LLC",11/8/2021,"client renew prohibited,client transfer prohibited,client update prohibited,client delete prohibited",rdap,https://opensea.io/blog/articles/5-health-and-wellness-nft-collections-to-watch-in-2024,https://a0k1verse.xyz/
coolcats.com,com,REGISTERED,11/9/2026,49,Lexsynergy Limited,11/10/1998,"client delete prohibited,client transfer prohibited,client update prohibited",rdap,https://opensea.io/blog/articles/opensea-digest-august-15-2025;https://opensea.io/blog/articles/opensea-digest-dec-21-2023;https://opensea.io/blog/articles/opensea-digest-january-9-2025,https://coolcats.com/
chirulabs.com,com,REGISTERED,11/8/2026,49,Squarespace Domains II LLC,11/8/2021,"client delete prohibited,client transfer prohibited",rdap,https://opensea.io/blog/articles/opensea-digest-feb-1-2024;https://opensea.io/blog/articles/opensea-digest-june-30-2023,https://www.chirulabs.com/
theverge.com,com,REGISTERED,11/10/2026,50,"Amazon Registrar, Inc.",11/11/1998,client transfer prohibited,rdap,https://opensea.io/blog/articles/6-artists-who-shaped-the-music-nft-movement;https://opensea.io/blog/articles/defaced;https://opensea.io/blog/articles/in-conversation-with-inder-phull-of-pixelynx,https://www.theverge.com/2019/10/8/20904308/hearthstone-player-blitzchung-hong-kong-protesters-ban-blizzard
foodandwine.com,com,REGISTERED,11/10/2026,50,MarkMonitor Inc.,11/11/1998,"client delete prohibited,client transfer prohibited,client update prohibited,server delete prohibited,server transfer prohibited,server update prohibited",rdap,https://opensea.io/blog/articles/brands-that-started-as-crypto-tokens,https://www.foodandwine.com/vacation-sunscreen-wild-cherry-pepsi-spf-30-tinted-lip-gel-11902570
nca.org,org,REGISTERED,11/9/2026,50,"GoDaddy.com, LLC",11/9/2003,"client delete prohibited,client renew prohibited,client transfer prohibited,client update prohibited",rdap,https://opensea.io/blog/articles/crypto-owners-by-state;https://opensea.io/blog/articles/crypto-rewards-cards,https://nca.org
cactoidlabs.io,io,REGISTERED,11/9/2026,50,"Name.com, Inc.",11/9/2021,clientTransferProhibited https://icann.org/epp#clientTransferProhibited,whois,https://opensea.io/blog/articles/emily-xie;https://opensea.io/blog/articles/generative-art-nfts;https://opensea.io/blog/articles/spotlight-on-asian-american-and-pacific-islander-heritage-month,https://lacma.cactoidlabs.io/
base.org,org,REGISTERED,11/10/2026,50,MarkMonitor Inc.,11/11/1996,"client delete prohibited,client transfer prohibited,client update prohibited",rdap,https://opensea.io/blog/articles/in-conversation-with-jacek-trocinski-of-degen;https://opensea.io/blog/articles/opensea-digest-aug-10-2023;https://opensea.io/blog/articles/opensea-digest-august-28-2025,https://base.org/
theglenlivet.com,com,REGISTERED,11/10/2026,50,"CSC Corporate Domains, Inc.",11/11/1997,client transfer prohibited,rdap,https://opensea.io/blog/articles/luxury-nfts,https://www.theglenlivet.com/en-us/
moongate.one,one,REGISTERED,11/9/2026,50,"NameCheap, Inc.",11/9/2022,client transfer prohibited,rdap,https://opensea.io/blog/articles/opensea-digest-april-17-2025,https://moongate.one/
sport.fun,fun,REGISTERED,11/9/2026,50,"NameCheap, Inc.",11/9/2024,active,rdap,https://opensea.io/blog/articles/opensea-digest-january-15-2026,https://docs.sport.fun/usdfun-token/usdfun/usdfun-incentives
mehdihadi.com,com,REGISTERED,11/10/2026,51,"NameCheap, Inc.",11/10/2017,client transfer prohibited,rdap,https://opensea.io/blog/articles/bringing-virtual-games-into-the-real-world,https://www.mehdihadi.com/
2gtokyo.com,com,REGISTERED,11/11/2026,51,"Amazon Registrar, Inc.",11/11/2019,active,rdap,https://opensea.io/blog/articles/opensea-digest-feb-8-2024,https://2gtokyo.com/
washingtonpost.com,com,REGISTERED,11/12/2026,52,"CSC Corporate Domains, Inc.",11/13/1995,"client transfer prohibited,server delete prohibited,server transfer prohibited,server update prohibited",rdap,https://opensea.io/blog/articles/beeple,https://www.washingtonpost.com/magazine/2022/03/22/digital-artist-known-beeple-im-just-trying-expand-peoples-idea-what-art-is/
riotgames.com,com,REGISTERED,11/12/2026,52,MarkMonitor Inc.,11/12/2004,"client delete prohibited,client transfer prohibited,client update prohibited",rdap,https://opensea.io/blog/articles/opensea-digest-december-19-2024,https://www.riotgames.com/en
dune.com,com,REGISTERED,11/13/2026,53,"Amazon Registrar, Inc.",11/14/1997,client transfer prohibited,rdap,https://opensea.io/blog/articles/in-conversation-with-jacek-trocinski-of-degen;https://opensea.io/blog/articles/why-we-dont-mind-the-dips,https://dune.com/dunecon
darewise.com,com,REGISTERED,11/12/2026,53,"Name.com, Inc.",11/12/2015,client transfer prohibited,rdap,https://opensea.io/blog/articles/opensea-digest-jan-25-2024,https://darewise.com/
dorahacks.io,io,REGISTERED,11/13/2026,53,"NameCheap, Inc.",11/13/2021,clientTransferProhibited https://icann.org/epp#clientTransferProhibited,whois,https://opensea.io/blog/articles/opensea-digest-october-16-2025,https://dorahacks.io/hackathon/dcl-bring-your-vibe
ofnumbers.com,com,REGISTERED,11/13/2026,54,"DreamHost, LLC",11/13/2012,client transfer prohibited,rdap,https://opensea.io/blog/articles/guesstimating-where-we-are-in-the-nft-market-life-cycle,https://www.ofnumbers.com/2015/03/01/a-brief-history-of-bitcoin-wallet-growth/
neurips.cc,cc,REGISTERED,11/13/2026,54,"GoDaddy.com, LLC",11/13/2018,"client delete prohibited,client renew prohibited,client transfer prohibited,client update prohibited",rdap,https://opensea.io/blog/articles/live-from-marfa-in-conversation-with-dadabots,https://neurips.cc/
seize.io,io,REGISTERED,11/13/2026,54,"GoDaddy.com, LLC",11/13/2019,clientDeleteProhibited https://icann.org/epp#clientDeleteProhibited,whois,https://opensea.io/blog/articles/opensea-digest-oct-20-2023,https://seize.io/distribution-plan-tool
resy.com,com,REGISTERED,11/14/2026,55,"CSC Corporate Domains, Inc.",11/14/2001,client transfer prohibited,rdap,https://opensea.io/blog/articles/opensea-digest-oct-12-2023,https://resy.com/
polkadot.network,network,REGISTERED,11/14/2026,55,Gandi SAS,11/14/2016,client transfer prohibited,rdap,https://opensea.io/blog/articles/opensea-digest-sept-21-2023;https://opensea.io/blog/articles/this-week-in-web3-and-nfts-maison-margiela-pudgy-penguins-delorean-more,https://polkadot.network/
moonbeam.network,network,REGISTERED,11/14/2026,55,Gandi SAS,11/14/2019,client transfer prohibited,rdap,https://opensea.io/blog/articles/opensea-digest-sept-21-2023,https://moonbeam.network/
courtyard.io,io,REGISTERED,11/15/2026,56,"GoDaddy.com, LLC",11/15/2018,clientDeleteProhibited https://icann.org/epp#clientDeleteProhibited,whois,https://opensea.io/blog/articles/in-conversation-with-courtyard-the-holiday-box;https://opensea.io/blog/articles/opensea-digest-sept-29-2023,http://courtyard.io/
olagg.io,io,REGISTERED,11/15/2026,56,"NameCheap, Inc.",11/15/2021,clientTransferProhibited https://icann.org/epp#clientTransferProhibited,whois,https://opensea.io/blog/articles/in-conversation-with-nico-del-pino,https://olagg.io/en/
blackenterprise.com,com,REGISTERED,11/16/2026,56,"Amazon Registrar, Inc.",11/17/1995,client transfer prohibited,rdap,https://opensea.io/blog/articles/opensea-digest-july-17-2025,https://www.blackenterprise.com/snoop-dogg-nft-digital-gifts-telegram/
sitickets.com,com,REGISTERED,11/15/2026,56,MarkMonitor Inc.,11/15/2018,"client delete prohibited,client transfer prohibited,client update prohibited",rdap,https://opensea.io/blog/articles/opensea-digest-may-5,https://boxoffice.sitickets.com/
diesel.com,com,REGISTERED,11/17/2026,57,Barbero & Associates Limited,11/18/1996,"client delete prohibited,client transfer prohibited",rdap,https://opensea.io/blog/articles/in-conversation-with-nicola-formichetti;https://opensea.io/blog/articles/opensea-digest-sept-15-2023,https://shop.diesel.com/en/
wolf.game,game,REGISTERED,11/16/2026,57,Dynadot Inc,11/16/2021,client transfer prohibited,rdap,https://opensea.io/blog/articles/in-conversation-with-seedphrase;https://opensea.io/blog/articles/onchain-heroes,https://wolf.game/
time.com,com,REGISTERED,11/18/2026,58,MarkMonitor Inc.,11/19/1993,"client delete prohibited,client transfer prohibited,client update prohibited,server delete prohibited,server transfer prohibited,server update prohibited",rdap,https://opensea.io/blog/articles/beeple;https://opensea.io/blog/articles/in-conversation-with-yiying-lu;https://opensea.io/blog/articles/infiniteyay,https://business.time.com/2013/11/06/how-twitter-slayed-the-fail-whale/
henrimatisse.org,org,REGISTERED,11/17/2026,58,"Cloudflare, Inc.",11/17/2011,client transfer prohibited,rdap,https://opensea.io/blog/articles/in-conversation-with-piv,https://www.henrimatisse.org/
s2geometry.io,io,REGISTERED,11/17/2026,58,MarkMonitor Inc.,11/17/2017,clientDeleteProhibited https://icann.org/epp#clientDeleteProhibited,whois,https://opensea.io/blog/articles/interview-arran-schlosberg,https://s2geometry.io/
globalprimenews.com,com,REGISTERED,11/17/2026,58,PDR Ltd. d/b/a PublicDomainRegistry.com,11/17/2015,client transfer prohibited,rdap,https://opensea.io/blog/articles/opensea-digest-dec-13-2023,https://globalprimenews.com/2023/06/14/flipkart-and-hang-collaborate-to-launch-firedrops-2-0-on-polygon/
drip.haus,haus,REGISTERED,11/17/2026,58,"NameCheap, Inc.",11/17/2022,client transfer prohibited,rdap,https://opensea.io/blog/articles/opensea-digest-october-2-2024,https://drip.haus/
appxplore.com,com,REGISTERED,11/18/2026,59,"eNom, LLC",11/18/2010,active,rdap,https://opensea.io/blog/articles/cryptantcrabs-tradeable,https://www.appxplore.com/
syky.com,com,REGISTERED,11/18/2026,59,"GoDaddy.com, LLC",11/18/2001,"client delete prohibited,client renew prohibited,client transfer prohibited,client update prohibited",rdap,https://opensea.io/blog/articles/in-conversation-with-alice-delahunt-of-syky;https://opensea.io/blog/articles/in-conversation-with-nicola-formichetti;https://opensea.io/blog/articles/luxury-nfts,http://syky.com
audiogalleries.io,io,REGISTERED,11/18/2026,59,"NameCheap, Inc.",11/18/2025,clientTransferProhibited https://icann.org/epp#clientTransferProhibited,whois,https://opensea.io/blog/articles/in-conversation-with-benjamin-white;https://opensea.io/blog/articles/in-conversation-with-parin-heidari;https://opensea.io/blog/articles/in-conversation-with-ricardo-cavolo,https://audiogalleries.io/
apechain.com,com,REGISTERED,11/19/2026,59,"Focus IP, Inc. dba Tracer",11/19/2018,"client delete prohibited,client transfer prohibited,client update prohibited",rdap,https://opensea.io/blog/articles/opensea-digest-april-10-2025;https://opensea.io/blog/articles/opensea-digest-january-1-2026;https://opensea.io/blog/articles/opensea-digest-october-24-2024,https://apechain.com/
input.global,global,REGISTERED,11/18/2026,59,"GoDaddy.com, LLC",11/18/2024,"client delete prohibited,client renew prohibited,client transfer prohibited,client update prohibited",rdap,https://opensea.io/blog/articles/opensea-digest-july-2-2026,https://input.global/report/state-of-web3-2026.pdf
chailifeline.org,org,REGISTERED,11/20/2026,60,"GoDaddy.com, LLC",11/21/1995,"client delete prohibited,client renew prohibited,client transfer prohibited,client update prohibited",rdap,https://opensea.io/blog/articles/in-conversation-with-mlow,https://www.chailifeline.org/
lucidsight.com,com,REGISTERED,11/20/2026,60,"DreamHost, LLC",11/20/2015,client transfer prohibited,rdap,https://opensea.io/blog/articles/mlb-crypto-baseball-figures-for-sale,https://www.lucidsight.com/
myneighboralice.com,com,REGISTERED,11/19/2026,60,InterNetX GmbH,11/19/2020,client transfer prohibited,rdap,https://opensea.io/blog/articles/opensea-digest-june-19-2025,https://myneighboralice.com/
phantom.app,app,REGISTERED,11/21/2026,61,Namecheap Inc.,11/21/2020,client transfer prohibited,rdap,https://opensea.io/blog/articles/opensea-digest-dec-21-2023;https://opensea.io/blog/articles/opensea-digest-may-5;https://opensea.io/blog/articles/opensea-digest-november-21-2024,https://help.phantom.app/hc/en-us/articles/21872962238355-Bitcoin-addresses-supported-by-your-Phantom-wallet
renault.com,com,REGISTERED,11/21/2026,61,"CSC Corporate Domains, Inc.",11/22/1994,"client transfer prohibited,server delete prohibited,server transfer prohibited,server update prohibited",rdap,https://opensea.io/blog/articles/opensea-digest-may-12-2023,https://nft.renault.com/en
eater.com,com,REGISTERED,11/20/2026,61,"Amazon Registrar, Inc.",11/20/2000,client transfer prohibited,rdap,https://opensea.io/blog/articles/opensea-digest-oct-12-2023,https://la.eater.com/
samanthacavet.com,com,REGISTERED,11/20/2026,61,Squarespace Domains LLC,11/20/2019,"client delete prohibited,client transfer prohibited,client update prohibited",rdap,https://opensea.io/blog/articles/spotlight-on-hispanic-heritage-month,https://www.samanthacavet.com/about
banijayrights.com,com,REGISTERED,11/21/2026,62,"Amazon Registrar, Inc.",11/21/2016,client transfer prohibited,rdap,https://opensea.io/blog/articles/in-conversation-with-inder-phull-of-pixelynx,https://www.banijayrights.com/programmes/10081
redbullracing.com,com,REGISTERED,11/21/2026,62,MarkMonitor Inc.,11/21/2004,clientDeleteProhibited https://icann.org/epp#clientDeleteProhibited,whois,https://opensea.io/blog/articles/opensea-digest-nov-30-2023,https://www.redbullracing.com/int-en
async.art,art,REGISTERED,11/22/2026,63,"GoDaddy.com, LLC",11/22/2019,"client renew prohibited,client transfer prohibited,client update prohibited,client delete prohibited",rdap,https://opensea.io/blog/articles/async-art-paving-the-way-for-programmable-dynamically-changing-art-on-the-blockchain,https://async.art/
ericrubens.com,com,REGISTERED,11/22/2026,63,Squarespace Domains LLC,11/22/2016,"client delete prohibited,client transfer prohibited",rdap,https://opensea.io/blog/articles/eric-rubens,https://ericrubens.com/
gudandevol.com,com,REGISTERED,11/23/2026,63,"GoDaddy.com, LLC",11/23/2022,"client delete prohibited,client renew prohibited,client transfer prohibited,client update prohibited",rdap,https://opensea.io/blog/articles/in-conversation-with-logik,https://gudandevol.com/
disneystore.com,com,REGISTERED,11/23/2026,63,"CSC Corporate Domains, Inc.",11/24/1995,"client transfer prohibited,server delete prohibited,server transfer prohibited,server update prohibited",rdap,https://opensea.io/blog/articles/opensea-digest-june-5-2025,https://www.disneystore.com/collectibles/pins/
alphagoats.ai,ai,REGISTERED,11/22/2026,63,Gandi SAS,11/22/2024,client transfer prohibited,rdap,https://opensea.io/blog/articles/this-week-in-web3-and-nfts-mmerch-parallel-goat-gaming-more,https://www.alphagoats.ai/
sphere.market,market,REGISTERED,11/23/2026,64,"NameCheap, Inc.",11/23/2021,client transfer prohibited,rdap,https://opensea.io/blog/articles/opensea-digest-dec-13-2023,https://sphere.market/
rocnation.com,com,REGISTERED,11/24/2026,65,"GoDaddy.com, LLC",11/24/2006,"client delete prohibited,client renew prohibited,client transfer prohibited,client update prohibited",rdap,https://opensea.io/blog/articles/music-nfts,https://www.rocnation.com/
linefriends.com,com,REGISTERED,11/24/2026,65,MarkMonitor Inc.,11/24/2008,"client delete prohibited,client transfer prohibited,client update prohibited",rdap,https://opensea.io/blog/articles/opensea-digest-feb-1-2024,https://store.linefriends.com/pages/brown-friends
visualizevalue.com,com,REGISTERED,11/25/2026,66,Squarespace Domains II LLC,11/25/2018,"client delete prohibited,client transfer prohibited",rdap,https://opensea.io/blog/articles/in-conversation-with-piv;https://opensea.io/blog/articles/jack-butcher;https://opensea.io/blog/articles/opensea-digest-august-15-2024,https://visualizevalue.com/
thealbum.com,com,REGISTERED,11/25/2026,66,"GoDaddy.com, LLC",11/25/2004,"client delete prohibited,client renew prohibited,client transfer prohibited,client update prohibited",rdap,https://opensea.io/blog/articles/music-nfts,https://www.thealbum.com/
arringtoncapital.com,com,REGISTERED,11/25/2026,66,Squarespace Domains II LLC,11/25/2017,active,rdap,https://opensea.io/blog/articles/opensea-digest-april-4-2024,https://www.arringtoncapital.com/
improbable.io,io,REGISTERED,11/25/2026,66,Gandi SAS,11/25/2013,clientTransferProhibited https://icann.org/epp#clientTransferProhibited,whois,https://opensea.io/blog/articles/opensea-digest-august-1-2024;https://opensea.io/blog/articles/opensea-digest-august-29-2024;https://opensea.io/blog/articles/opensea-digest-march-13-2025,https://www.improbable.io/
universalstudios.com,com,REGISTERED,11/26/2026,66,MarkMonitor Inc.,11/27/1996,"client delete prohibited,client transfer prohibited,client update prohibited,server delete prohibited,server transfer prohibited,server update prohibited",rdap,https://opensea.io/blog/articles/opensea-digest-march-20-2025,https://www.universalstudios.com/
nftgators.com,com,REGISTERED,11/25/2026,66,"NameCheap, Inc.",11/25/2021,client transfer prohibited,rdap,https://opensea.io/blog/articles/opensea-digest-october-17-2024,https://www.nftgators.com/yuga-labs-acquires-beeples-nft-venture-wenew-and-its-collection-10ktf/
weforum.org,org,REGISTERED,11/26/2026,66,"Amazon Registrar, Inc.",11/27/1995,client transfer prohibited,rdap,https://opensea.io/blog/articles/stablecoins-for-consumers,https://www.weforum.org/stories/2026/01/digital-economy-inflection-point-what-to-expect-for-digital-assets-in-2026/
pinterest.com,com,REGISTERED,11/26/2026,67,MarkMonitor Inc.,11/26/2009,"client delete prohibited,client transfer prohibited,client update prohibited,server delete prohibited,server transfer prohibited,server update prohibited",rdap,https://opensea.io/blog/articles/a-month-of-rare-digital-art-from-makersplace,https://pinterest.com/makersplaceco
nba.com,com,REGISTERED,11/27/2026,67,"GoDaddy Corporate Domains, LLC",11/28/1994,"client transfer prohibited,server delete prohibited,server transfer prohibited,server update prohibited",rdap,https://opensea.io/blog/articles/golden-state-warriors-announce-legacy-nft-collection;https://opensea.io/blog/articles/opensea-digest-june-16-2023,https://www.nba.com/player/1630163/lamelo-ball
illenium.com,com,REGISTERED,11/26/2026,67,Launchpad.com Inc.,11/26/2013,client transfer prohibited,rdap,https://opensea.io/blog/articles/music-nfts,https://phoenixfamily.illenium.com/login
melvoridle.com,com,REGISTERED,11/27/2026,67,"NameCheap, Inc.",11/27/2018,client transfer prohibited,rdap,https://opensea.io/blog/articles/onchain-heroes,https://melvoridle.com/
oceana.org,org,REGISTERED,11/27/2026,67,"Network Solutions, LLC",11/28/1995,client transfer prohibited,rdap,https://opensea.io/blog/articles/opensea-digest-september-26-2024,https://oceana.org/
samsung.com,com,REGISTERED,11/28/2026,68,Whois Corp.,11/29/1994,"client transfer prohibited,client update prohibited",rdap,https://opensea.io/blog/articles/opensea-digest-april-18-2024;https://opensea.io/blog/articles/opensea-digest-august-7-2026;https://opensea.io/blog/articles/opensea-digest-october-9-2025,https://gen3.samsung.com/en/tvapp
delphiventures.io,io,REGISTERED,11/27/2026,68,"GoDaddy.com, LLC",11/27/2021,clientDeleteProhibited https://icann.org/epp#clientDeleteProhibited,whois,https://opensea.io/blog/articles/opensea-digest-december-19-2024;https://opensea.io/blog/articles/opensea-digest-october-2-2024,https://delphiventures.io/
otherlife.xyz,xyz,REGISTERED,11/27/2026,68,"Cloudflare, Inc.",11/27/2021,client transfer prohibited,rdap,https://opensea.io/blog/articles/opensea-digest-may-26-2023,https://www.otherlife.xyz/
fazz.com,com,REGISTERED,11/28/2026,68,"GoDaddy.com, LLC",11/28/2001,"client delete prohibited,client renew prohibited,client transfer prohibited,client update prohibited",rdap,https://opensea.io/blog/articles/opensea-digest-sept-15-2023,https://fazz.com/
gunbygunz.com,com,REGISTERED,11/28/2026,69,Hosting Concepts B.V. d/b/a Registrar.eu,11/28/2022,active,rdap,https://opensea.io/blog/articles/opensea-digest-april-11-2024,https://gunbygunz.com/
reas.com,com,REGISTERED,11/28/2026,69,"DreamHost, LLC",11/28/2002,client transfer prohibited,rdap,https://opensea.io/blog/articles/opensea-digest-aug-18-2023;https://opensea.io/blog/articles/what-is-art-blocks,https://reas.com/
ft.com,com,REGISTERED,11/29/2026,69,"CSC Corporate Domains, Inc.",11/30/1994,client transfer prohibited,rdap,https://opensea.io/blog/articles/opensea-digest-august-28-2025;https://opensea.io/blog/articles/opensea-digest-february-19-2026;https://opensea.io/blog/articles/opensea-digest-july-25-2024,https://markets.ft.com/data/announce/detail
activisionblizzard.com,com,REGISTERED,11/28/2026,69,MarkMonitor Inc.,11/28/2007,"client delete prohibited,client transfer prohibited,client update prohibited",rdap,https://opensea.io/blog/articles/opensea-digest-december-19-2024,https://www.activisionblizzard.com/
padreazul.com,com,REGISTERED,11/28/2026,69,InterNetX GmbH,11/28/2014,client transfer prohibited,rdap,https://opensea.io/blog/articles/travel-nfts,https://padreazul.com/
cryptobaseballexplorer.com,com,REGISTERED,11/29/2026,70,DropCatch.com 1305 LLC,11/29/2025,client transfer prohibited,rdap,https://opensea.io/blog/articles/interview-phil-from-cryptogametalk-part-three,https://www.cryptobaseballexplorer.com/
elizaos.ai,ai,REGISTERED,11/29/2026,70,"GoDaddy.com, LLC",11/29/2024,"client delete prohibited,client renew prohibited,client transfer prohibited,client update prohibited",rdap,https://opensea.io/blog/articles/opensea-digest-april-24-2025,https://www.elizaos.ai/
michelin.com,com,REGISTERED,11/30/2026,70,"CSC Corporate Domains, Inc.",12/1/1993,client transfer prohibited,rdap,https://opensea.io/blog/articles/opensea-digest-january-15-2026;https://opensea.io/blog/articles/opensea-digest-nov-2-2023;https://opensea.io/blog/articles/travel-nfts,https://3xplorerclub.michelin.com/
magnft.com,com,REGISTERED,11/30/2026,70,IONOS SE,11/30/2019,client transfer prohibited,rdap,https://opensea.io/blog/articles/opensea-digest-june-12-2025,https://magnft.com/pudgy-penguins-toys-now-stocked-in-2000-walgreens-stores/
liveart.io,io,REGISTERED,11/30/2026,71,"GoDaddy.com, LLC",11/30/2020,ok https://icann.org/epp#ok,whois,https://opensea.io/blog/articles/in-conversation-with-boris-pevzner-of-liveart;https://opensea.io/blog/articles/opensea-digest-jan-25-2024,https://liveart.io/
liveart.ai,ai,REGISTERED,11/30/2026,71,"GoDaddy.com, LLC",11/30/2020,"client delete prohibited,client renew prohibited,client transfer prohibited,client update prohibited",rdap,https://opensea.io/blog/articles/in-conversation-with-boris-pevzner-of-liveart,https://chat.liveart.ai
ondalife.com,com,REGISTERED,11/30/2026,71,Tucows Domains Inc.,11/30/2016,active,rdap,https://opensea.io/blog/articles/in-conversation-with-mo-abrishamchi;https://opensea.io/blog/articles/travel-nfts,https://www.ondalife.com/
aperture.org,org,REGISTERED,12/1/2026,71,"Domain-It!, Inc.",12/2/1996,client transfer prohibited,rdap,https://opensea.io/blog/articles/sebastiao-salgado,https://aperture.org/books/other-americas/
chia.design,design,REGISTERED,12/1/2026,72,Squarespace Domains II LLC,12/1/2019,"client transfer prohibited,client delete prohibited",rdap,https://opensea.io/blog/articles/opensea-digest-october-17-2024,https://chia.design/
halloweencostumes.com,com,REGISTERED,12/2/2026,72,"GoDaddy.com, LLC",9/7/1995,"client delete prohibited,client renew prohibited,client transfer prohibited,client update prohibited",rdap,https://opensea.io/blog/articles/predict-and-recommend-nfts,https://www.halloweencostumes.com/adult-deluxe-harry-potter-costume.html
kittyexplorer.com,com,REGISTERED,12/3/2026,73,1API GmbH,12/3/2017,client transfer prohibited,rdap,https://opensea.io/blog/articles/atomic-bazaar;https://opensea.io/blog/articles/interview-phil-from-cryptogametalk-part-three,https://www.kittyexplorer.com/
whitewall.art,art,REGISTERED,12/3/2026,74,Instra Corporation Pty Ltd.,12/3/2016,client transfer prohibited,rdap,https://opensea.io/blog/articles/opensea-digest-december-5-2025;https://opensea.io/blog/articles/opensea-digest-may-15-2026,https://whitewall.art
dogecoin.com,com,REGISTERED,12/4/2026,75,"Amazon Registrar, Inc.",12/4/2013,client transfer prohibited,rdap,https://opensea.io/blog/articles/opensea-digest-march-27-2025;https://opensea.io/blog/articles/opensea-digest-october-23-2025,https://devlin.dogecoin.com/
kittyrace.com,com,REGISTERED,12/5/2026,76,"NameCheap, Inc.",12/5/2017,client transfer prohibited,rdap,https://opensea.io/blog/articles/bringing-on-additional-strategic-investors-to-opensea;https://opensea.io/blog/articles/non-fungible-tokens,https://kittyrace.com/
genartfoundation.org,org,REGISTERED,12/5/2026,76,"GoDaddy.com, LLC",12/5/2024,"client delete prohibited,client renew prohibited,client transfer prohibited,client update prohibited",rdap,https://opensea.io/blog/articles/in-conversation-with-jeff-davis,https://www.genartfoundation.org/
nounsfest.tv,tv,REGISTERED,12/5/2026,76,"GoDaddy.com, LLC",12/5/2023,"client delete prohibited,client transfer prohibited,client renew prohibited,client update prohibited",rdap,https://opensea.io/blog/articles/in-conversation-with-walter-newman-an-emmy-nominated-producer-behind-nouns-fest;https://opensea.io/blog/articles/opensea-digest-october-2-2024,https://nounsfest.tv/about/
twdempires.game,game,REGISTERED,12/5/2026,76,"NameCheap, Inc.",12/5/2021,client transfer prohibited,rdap,https://opensea.io/blog/articles/opensea-digest-aug-31-2023,https://twdempires.game/
rewild.org,org,REGISTERED,12/5/2026,76,Tucows Domains Inc.,12/5/2015,"client transfer prohibited,client update prohibited",rdap,https://opensea.io/blog/articles/opensea-digest-december-11-2025,https://www.rewild.org/
thecollector.com,com,REGISTERED,12/6/2026,77,"GoDaddy.com, LLC",12/6/2003,"client delete prohibited,client renew prohibited,client transfer prohibited,client update prohibited",rdap,https://opensea.io/blog/articles/live-from-marfa-in-conversation-with-harvey-rayner,https://www.thecollector.com/a-brief-timeline-of-20th-century-visual-art-movements/
dookeydashunclogged.com,com,REGISTERED,12/6/2026,77,MarkMonitor Inc.,12/6/2023,"client delete prohibited,client transfer prohibited,client update prohibited",rdap,https://opensea.io/blog/articles/opensea-digest-april-25-2024;https://opensea.io/blog/articles/opensea-digest-jan-18-2023;https://opensea.io/blog/articles/opensea-digest-september-19-2024,https://dookeydashunclogged.com/
eliantte.com,com,REGISTERED,12/6/2026,77,"GoDaddy.com, LLC",12/6/2016,"client delete prohibited,client renew prohibited,client transfer prohibited,client update prohibited",rdap,https://opensea.io/blog/articles/opensea-digest-september-26-2024,https://eliantte.com/
cryptobeasties.com,com,REGISTERED,12/7/2026,77,"NameCheap, Inc.",12/7/2017,client transfer prohibited,rdap,https://opensea.io/blog/articles/trade-cryptobeasties-on-opensea,https://app.cryptobeasties.com/
britishfashioncouncil.co.uk,uk,REGISTERED,12/8/2026,78,123-Reg Limited t/a 123-reg [Tag = 123-REG],12/8/2004,Registered until expiry date.,whois,https://opensea.io/blog/articles/in-conversation-with-alice-delahunt-of-syky,https://www.britishfashioncouncil.co.uk/
mediawankidsandfamily.com,com,REGISTERED,12/7/2026,78,Nameshield SAS,12/7/2021,"client delete prohibited,client transfer prohibited,client update prohibited",rdap,https://opensea.io/blog/articles/opensea-digest-june-5-2025,https://mediawankidsandfamily.com/
manutd.com,com,REGISTERED,12/8/2026,78,"CSC Corporate Domains, Inc.",12/9/1996,client transfer prohibited,rdap,https://opensea.io/blog/articles/sports-nfts,https://collectibles.manutd.com/fantasy-united
memedepot.com,com,REGISTERED,12/8/2026,79,"NameCheap, Inc.",12/8/2018,client transfer prohibited,rdap,https://opensea.io/blog/articles/in-conversation-with-alex-taub-of-goblintown,https://memedepot.com/
runiverse.world,world,REGISTERED,12/9/2026,79,"NameCheap, Inc.",12/9/2021,client transfer prohibited,rdap,https://opensea.io/blog/articles/in-conversation-with-magic-machine-the-team-behind-forgotten-runes;https://opensea.io/blog/articles/opensea-digest-april-3-2025;https://opensea.io/blog/articles/opensea-digest-january-17-2025,https://runiverse.world/
playmonster.com,com,REGISTERED,12/8/2026,79,"GoDaddy.com, LLC",12/8/2003,"client delete prohibited,client renew prohibited,client transfer prohibited,client update prohibited",rdap,https://opensea.io/blog/articles/opensea-digest-april-24-2026,https://www.playmonster.com/
alexandriabooks.com,com,REGISTERED,12/9/2026,79,"NameCheap, Inc.",12/9/1999,client transfer prohibited,rdap,https://opensea.io/blog/articles/opensea-digest-july-18-2024,https://www.alexandriabooks.com/
swether.io,io,REGISTERED,12/8/2026,79,"Amazon Registrar, Inc.",12/8/2020,clientTransferProhibited https://icann.org/epp#clientTransferProhibited,whois,https://opensea.io/blog/articles/the-biggest-drop-in-times-square-since-new-years-eve,https://swether.io/
goodreads.com,com,REGISTERED,12/9/2026,80,MarkMonitor Inc.,12/9/2002,"client delete prohibited,client transfer prohibited,client update prohibited,server delete prohibited,server transfer prohibited,server update prohibited",rdap,https://opensea.io/blog/articles/get-based-with-nix-eth;https://opensea.io/blog/articles/in-conversation-with-yiying-lu;https://opensea.io/blog/articles/live-from-marfa-in-conversation-with-mountvitruvius,https://www.goodreads.com/author/show/589.Orson_Scott_Card
galverse.art,art,REGISTERED,12/9/2026,80,"NameCheap, Inc.",12/9/2021,client transfer prohibited,rdap,https://opensea.io/blog/articles/in-conversation-with-emi-kusano,https://www.galverse.art/
wgmimedia.com,com,REGISTERED,12/9/2026,80,"NameCheap, Inc.",12/9/2021,client transfer prohibited,rdap,https://opensea.io/blog/articles/memeland,https://wgmimedia.com/memeland-whats-still-to-come/
awe.box,box,REGISTERED,12/10/2026,81,"NameSilo, LLC",12/10/2024,client transfer prohibited,rdap,https://opensea.io/blog/articles/in-conversation-with-han,https://awe.box/play/ApCotfN2eqaT42GzHyHC
assangedao.org,org,REGISTERED,12/10/2026,81,"GoDaddy.com, LLC",12/10/2021,"client delete prohibited,client renew prohibited,client transfer prohibited,client update prohibited",rdap,https://opensea.io/blog/articles/most-expensive-nfts,https://assangedao.org/
visitdubai.com,com,REGISTERED,12/11/2026,82,"GoDaddy.com, LLC",9/16/2002,"client delete prohibited,client renew prohibited,client transfer prohibited,client update prohibited",rdap,https://opensea.io/blog/articles/in-conversation-with-omar-ghanem-of-gam3s-gg,https://www.visitdubai.com/en/
playhearthstone.com,com,REGISTERED,12/11/2026,82,MarkMonitor Inc.,12/11/2012,"client delete prohibited,client transfer prohibited,client update prohibited",rdap,https://opensea.io/blog/articles/non-fungible-tokens;https://opensea.io/blog/articles/sell-hearthstone-cards,https://playhearthstone.com/en-us/
mocaverse.xyz,xyz,REGISTERED,12/12/2026,83,"GoDaddy.com, LLC",12/12/2022,"client renew prohibited,client transfer prohibited,client update prohibited,client delete prohibited",rdap,https://opensea.io/blog/articles/opensea-digest-december-19-2024;https://opensea.io/blog/articles/opensea-digest-jan-18-2023;https://opensea.io/blog/articles/opensea-digest-november-14-2024,https://www.mocaverse.xyz/
mythical.market,market,REGISTERED,12/13/2026,84,Dynadot Inc,12/13/2020,client transfer prohibited,rdap,https://opensea.io/blog/articles/opensea-digest-november-7-2024,https://mythical.market/game/nfl-rivals
moviepass.com,com,REGISTERED,12/13/2026,84,"eNom, LLC",12/13/2000,client transfer prohibited,rdap,https://opensea.io/blog/articles/opensea-digest-september-19-2024,https://www.moviepass.com/
coinfest.asia,asia,REGISTERED,12/14/2026,85,"NameCheap, Inc.",12/14/2021,client transfer prohibited,rdap,https://opensea.io/blog/articles/opensea-digest-august-21-2025,https://coinfest.asia/
photofinish.live,live,REGISTERED,12/14/2026,85,"Amazon Registrar, Inc.",12/14/2021,active,rdap,https://opensea.io/blog/articles/opensea-digest-february-20-2025,https://photofinish.live/
availproject.org,org,REGISTERED,12/14/2026,85,Squarespace Domains II LLC,12/14/2022,"client delete prohibited,client transfer prohibited",rdap,https://opensea.io/blog/articles/opensea-digest-july-25-2024,https://blog.availproject.org/avail-ecosystem-series-avail-collaborates-with-starkware/
nasdaq.com,com,REGISTERED,12/15/2026,85,MarkMonitor Inc.,12/16/1993,"client delete prohibited,client transfer prohibited,client update prohibited,server delete prohibited,server transfer prohibited,server update prohibited",rdap,https://opensea.io/blog/articles/opensea-digest-july-31-2025,https://www.nasdaq.com/events/consensys-rings-closing-bell-celebrate-ethereums-10th-anniversary
tokenbound.org,org,REGISTERED,12/14/2026,85,Gandi SAS,12/14/2022,client transfer prohibited,rdap,https://opensea.io/blog/articles/opensea-digest-march-21-2024,https://docs.tokenbound.org/
vimeo.com,com,REGISTERED,12/15/2026,86,MarkMonitor Inc.,12/15/2004,"client delete prohibited,client transfer prohibited,client update prohibited",rdap,https://opensea.io/blog/articles/bringing-virtual-games-into-the-real-world;https://opensea.io/blog/articles/buy-and-sell-crypto-collectibles-with-dai;https://opensea.io/blog/articles/opensea-digest-august-1-2024,https://vimeo.com/1142568783
dourdarcels.io,io,REGISTERED,12/15/2026,86,Key-Systems GmbH,12/15/2021,clientDeleteProhibited https://icann.org/epp#clientDeleteProhibited,whois,https://opensea.io/blog/articles/in-conversation-with-benjamin-white,https://www.dourdarcels.io/
davevanpattenart.com,com,REGISTERED,12/16/2026,87,Tucows Domains Inc.,12/16/2013,"client transfer prohibited,client update prohibited",rdap,https://opensea.io/blog/articles/in-conversation-with-dave-van-patten,https://www.davevanpattenart.com/
award.art,art,REGISTERED,12/16/2026,87,PDR Ltd. d/b/a PublicDomainRegistry.com,12/16/2025,client transfer prohibited,rdap,https://opensea.io/blog/articles/opensea-digest-may-15-2026,https://www.award.art
panteracapital.com,com,REGISTERED,12/17/2026,87,"Amazon Registrar, Inc.",12/17/2003,client transfer prohibited,rdap,https://opensea.io/blog/articles/opensea-digest-october-17-2024,https://panteracapital.com/
tryroll.com,com,REGISTERED,12/17/2026,88,"NameCheap, Inc.",12/17/2017,client transfer prohibited,rdap,https://opensea.io/blog/articles/non-fungible-tokens;https://opensea.io/blog/articles/roll-integrates-opensea-data,http://tryroll.com/
italiantechweek.com,com,REGISTERED,12/17/2026,88,OVH sas,12/17/2018,"client delete prohibited,client transfer prohibited",rdap,https://opensea.io/blog/articles/opensea-digest-october-2-2024,https://italiantechweek.com/
cryptocelebrities.co,co,REGISTERED,12/17/2026,88,"GoDaddy.com, LLC",12/17/2017,clientRenewProhibited https://icann.org/epp#clientRenewProhibited,whois,https://opensea.io/blog/articles/opensea-raises-2-million,https://cryptocelebrities.co/
phillips.com,com,REGISTERED,12/19/2026,89,"Amazon Registrar, Inc.",12/20/1993,client transfer prohibited,rdap,https://opensea.io/blog/articles/artist-interview-sarah-meyohas;https://opensea.io/blog/articles/opensea-digest-march-12-2026,https://www.phillips.com/
monolith.gallery,gallery,REGISTERED,12/19/2026,89,Squarespace Domains II LLC,12/19/2021,"client delete prohibited,client transfer prohibited",rdap,https://opensea.io/blog/articles/in-conversation-with-chikai-ohazama,https://monolith.gallery/
aeons.xyz,xyz,REGISTERED,12/18/2026,89,"GoDaddy.com, LLC",12/18/2023,"client renew prohibited,client transfer prohibited,client update prohibited,client delete prohibited",rdap,https://opensea.io/blog/articles/in-conversation-with-traf,https://aeons.xyz
24hours.art,art,REGISTERED,12/18/2026,89,"GoDaddy.com, LLC",12/18/2024,"client renew prohibited,client transfer prohibited,client update prohibited,client delete prohibited",rdap,https://opensea.io/blog/articles/opensea-digest-february-19-2026,https://annual.24hours.art/2025
esquire.com,com,REGISTERED,12/20/2026,90,"CSC Corporate Domains, Inc.",12/21/1994,client transfer prohibited,rdap,https://opensea.io/blog/articles/beeple;https://opensea.io/blog/articles/opensea-digest-july-18-2024,https://www.esquire.com/
anamariacaballero.com,com,REGISTERED,12/19/2026,90,Automattic Inc.,12/19/2019,client transfer prohibited,rdap,https://opensea.io/blog/articles/in-conversation-with-ana-maria-caballero;https://opensea.io/blog/articles/in-conversation-with-ana-maria-caballero-art-basel,https://anamariacaballero.com/
degen.tips,tips,REGISTERED,12/19/2026,90,1API GmbH,12/19/2023,client transfer prohibited,rdap,https://opensea.io/blog/articles/in-conversation-with-jacek-trocinski-of-degen,https://www.degen.tips/
blockchaingamealliance.net,net,REGISTERED,12/19/2026,90,"HOSTINGER operations, UAB",12/19/2023,client transfer prohibited,rdap,https://opensea.io/blog/articles/opensea-digest-december-11-2025,https://blockchaingamealliance.net/bga-2025-state-of-the-industry-report/
cryptoflies.com,com,REGISTERED,12/19/2026,90,"NameCheap, Inc.",12/19/2020,clientTransferProhibited https://icann.org/epp#clientTransferProhibited,whois,https://opensea.io/blog/articles/opensea-digest-nov-30-2023,https://blog.cryptoflies.com/nft-project-cool-cats-releases-the-milk-chug-cartoon-series-on-youtube/
sappy.lol,lol,REGISTERED,12/20/2026,91,"NameCheap, Inc.",12/20/2023,client transfer prohibited,rdap,https://opensea.io/blog/articles/opensea-digest-march-14-2024,http://sappy.lol/world
rahal.com,com,REGISTERED,12/21/2026,91,"Network Solutions, LLC",12/22/1995,client transfer prohibited,rdap,https://opensea.io/blog/articles/opensea-digest-march-27-2025,https://rahal.com/
theinvisibledog.org,org,REGISTERED,12/20/2026,91,Gandi SAS,12/20/2008,client transfer prohibited,rdap,https://opensea.io/blog/articles/who-is-foodmasku,https://www.theinvisibledog.org/all/2022/9/10/nafas
rolldice.club,club,REGISTERED,12/22/2026,93,"NameCheap, Inc.",12/22/2025,client transfer prohibited,rdap,https://opensea.io/blog/articles/interview-phil-from-cryptogametalk-part-three,http://www.rolldice.club/
tender.art,art,REGISTERED,12/22/2026,93,"Name.com, Inc.",12/22/2021,client transfer prohibited,rdap,https://opensea.io/blog/articles/opensea-digest-november-27-2024,https://tender.art/
altitude-games.com,com,REGISTERED,12/23/2026,94,"GoDaddy.com, LLC",12/23/2013,"client delete prohibited,client renew prohibited,client transfer prohibited,client update prohibited",rdap,https://opensea.io/blog/articles/in-conversation-with-gabby-dizon,https://altitude-games.com/
ponke.xyz,xyz,REGISTERED,12/23/2026,94,Mesh Digital Limited,12/23/2023,"client renew prohibited,client transfer prohibited,client update prohibited,client delete prohibited",rdap,https://opensea.io/blog/articles/in-conversation-with-ponke,https://www.ponke.xyz/
etherrock.com,com,REGISTERED,12/25/2026,95,"NameCheap, Inc.",12/25/2017,client transfer prohibited,rdap,https://opensea.io/blog/articles/opensea-digest-feb-15-2024,https://etherrock.com/
marketsmedia.com,com,REGISTERED,12/24/2026,95,DomainLocal LLC,12/24/2010,client transfer prohibited,rdap,https://opensea.io/blog/articles/opensea-digest-july-30-2026,https://www.marketsmedia.com/morgan-stanley-im-launches-ethereum-and-solana-etps/
lingotto.com,com,REGISTERED,12/24/2026,95,"CSC Corporate Domains, Inc.",12/24/1999,client transfer prohibited,rdap,https://opensea.io/blog/articles/opensea-digest-october-2-2024,https://www.lingotto.com/
metaseedlabs.com,com,REGISTERED,12/25/2026,96,Squarespace Domains II LLC,12/25/2021,"client delete prohibited,client transfer prohibited",rdap,https://opensea.io/blog/articles/in-conversation-with-ricardo-cavolo,https://www.metaseedlabs.com/
futureverse.com,com,REGISTERED,12/25/2026,96,"Name.com, Inc.",12/25/2012,client transfer prohibited,rdap,https://opensea.io/blog/articles/opensea-digest-april-17-2025;https://opensea.io/blog/articles/opensea-digest-august-15-2025;https://opensea.io/blog/articles/opensea-digest-jan-11-2024,https://www.futureverse.com/
venmo.com,com,REGISTERED,12/26/2026,97,MarkMonitor Inc.,12/26/2008,"client delete prohibited,client transfer prohibited,client update prohibited,server delete prohibited,server transfer prohibited,server update prohibited",rdap,https://opensea.io/blog/articles/crypto-rewards-cards;https://opensea.io/blog/articles/opensea-digest-october-24-2024;https://opensea.io/blog/articles/opensea-digest-september-12-2024,https://venmo.com/
ethcc.io,io,REGISTERED,12/26/2026,97,"Cloudflare, Inc",12/26/2017,clientTransferProhibited https://icann.org/epp#clientTransferProhibited,whois,https://opensea.io/blog/articles/opensea-digest-july-11-2024,https://ethcc.io/
miragegallery.ai,ai,REGISTERED,12/28/2026,98,"NameCheap, Inc.",12/28/2020,client transfer prohibited,rdap,https://opensea.io/blog/articles/12-curated-works-for-cadaf-online,https://www.miragegallery.ai/
britishmuseum.org,org,REGISTERED,12/27/2026,98,"CSC Corporate Domains, Inc.",12/27/2001,"server delete prohibited,client transfer prohibited,server transfer prohibited,server update prohibited",rdap,https://opensea.io/blog/articles/opensea-digest-aug-4-2023;https://opensea.io/blog/articles/opensea-digest-may-22-2025,https://www.britishmuseum.org/
draup.xyz,xyz,REGISTERED,12/27/2026,98,"GoDaddy.com, LLC",12/27/2021,"client renew prohibited,client transfer prohibited,client update prohibited,client delete prohibited",rdap,https://opensea.io/blog/articles/opensea-digest-december-19-2024;https://opensea.io/blog/articles/opensea-digest-may-9-2024,https://www.draup.xyz/
24karat.io,io,REGISTERED,12/27/2026,98,"NameCheap, Inc.",12/27/2019,clientTransferProhibited https://icann.org/epp#clientTransferProhibited,whois,https://opensea.io/blog/articles/opensea-digest-july-31-2025,https://www.24karat.io/
malala.org,org,REGISTERED,12/28/2026,98,"NameCheap, Inc.",12/28/2011,client transfer prohibited,rdap,https://opensea.io/blog/articles/women-rise-champions-girls-education-vr,https://malala.org/countries/pakistan
sofi.com,com,REGISTERED,12/29/2026,99,"GoDaddy.com, LLC",12/30/1997,"client delete prohibited,client renew prohibited,client transfer prohibited,client update prohibited",rdap,https://opensea.io/blog/articles/opensea-digest-april-9-2026,https://investors.sofi.com/news/news-details/2025/SoFi-Launches-Fully-Reserved-Stablecoin-to-Power-Financial-Infrastructure-for-Banks-Fintechs-and-Enterprise-Partners/default.aspx
musee-orsay.fr,fr,REGISTERED,12/28/2026,99,NAMESHIELD,10/8/1996,"server update prohibited,server transfer prohibited,server delete prohibited,server recover prohibited",rdap,https://opensea.io/blog/articles/opensea-digest-feb-22-2024,https://www.musee-orsay.fr/en
riv-coin.com,com,REGISTERED,12/28/2026,99,Tucows Domains Inc.,12/28/2022,"client transfer prohibited,client update prohibited",rdap,https://opensea.io/blog/articles/opensea-digest-march-27-2026,https://www.riv-coin.com/
riv-wallet.com,com,REGISTERED,12/28/2026,99,Tucows Domains Inc.,12/28/2022,"client transfer prohibited,client update prohibited",rdap,https://opensea.io/blog/articles/opensea-digest-march-27-2026,https://www.riv-wallet.com/
toposware.com,com,REGISTERED,12/28/2026,99,Squarespace Domains II LLC,12/28/2018,"client delete prohibited,client transfer prohibited",rdap,https://opensea.io/blog/articles/this-week-in-web3-and-nfts-maison-margiela-pudgy-penguins-delorean-more,https://toposware.com/
spartangroup.io,io,REGISTERED,12/30/2026,101,"eNom, LLC",12/30/2017,clientTransferProhibited https://icann.org/epp#clientTransferProhibited,whois,https://opensea.io/blog/articles/opensea-digest-april-4-2024,https://www.spartangroup.io/
wilderworld.com,com,REGISTERED,12/30/2026,101,"NameCheap, Inc.",12/30/2015,client transfer prohibited,rdap,https://opensea.io/blog/articles/opensea-digest-august-21-2025;https://opensea.io/blog/articles/opensea-digest-january-9-2025,https://www.wilderworld.com/
fight.id,id,REGISTERED,12/30/2026,101,PT Digital Registra Indonesia,12/30/2023,"client transfer prohibited,server transfer prohibited",rdap,https://opensea.io/blog/articles/opensea-digest-november-13-2025,http://fight.id
rightclicksave.com,com,REGISTERED,1/2/2027,103,Squarespace Domains II LLC,1/2/2006,"client delete prohibited,client transfer prohibited",rdap,https://opensea.io/blog/articles/grant-yun-and-his-cow;https://opensea.io/blog/articles/monica-rizzolli;https://opensea.io/blog/articles/opensea-digest-may-8-2025,https://www.rightclicksave.com/
bandcamp.com,com,REGISTERED,1/2/2027,103,"GoDaddy.com, LLC",6/11/2003,"client delete prohibited,client renew prohibited,client transfer prohibited,client update prohibited",rdap,https://opensea.io/blog/articles/in-conversation-with-emi-kusano;https://opensea.io/blog/articles/in-conversation-with-walter-newman-an-emmy-nominated-producer-behind-nouns-fest;https://opensea.io/blog/articles/live-from-marfa-in-conversation-with-dadabots,https://bandcamp.com/
orangehare.io,io,REGISTERED,1/2/2027,103,Key-Systems GmbH,1/2/2023,ok https://icann.org/epp#ok,whois,https://opensea.io/blog/articles/in-conversation-with-kangcar,https://orangehare.io/
mattsteffanina.com,com,REGISTERED,1/2/2027,103,Launchpad.com Inc.,1/2/2014,client transfer prohibited,rdap,https://opensea.io/blog/articles/in-conversation-with-sam-steffanina-of-wolves-dao-and-farcade,https://mattsteffanina.com/
enjinx.io,io,REGISTERED,1/1/2027,103,MarkMonitor Inc.,1/1/2018,clientDeleteProhibited https://icann.org/epp#clientDeleteProhibited,whois,https://opensea.io/blog/articles/non-fungible-tokens,https://enjinx.io/
unitlondon.com,com,REGISTERED,1/1/2027,103,"GoDaddy.com, LLC",1/1/2020,"client delete prohibited,client renew prohibited,client transfer prohibited,client update prohibited",rdap,https://opensea.io/blog/articles/opensea-digest-november-7-2024,https://editions.unitlondon.com/products/order-disorder-trade-edition-tyler-hobbs
arbitrum.io,io,REGISTERED,1/3/2027,104,"NameCheap, Inc.",1/3/2018,clientTransferProhibited https://icann.org/epp#clientTransferProhibited,whois,https://opensea.io/blog/articles/in-conversation-with-nico-del-pino;https://opensea.io/blog/articles/opensea-digest-august-7-2025;https://opensea.io/blog/articles/opensea-digest-july-16-2026,https://arbitrum.io/
mtgsalvation.com,com,REGISTERED,1/2/2027,104,"Cloudflare, Inc.",1/2/2005,client transfer prohibited,rdap,https://opensea.io/blog/articles/non-fungible-tokens,https://www.mtgsalvation.com/forums/magic-fundamentals/magic-general/689056-total-mtg-market-cap-secondary-market
nonfungible.com,com,REGISTERED,1/3/2027,105,"eNom, LLC",1/3/2018,client transfer prohibited,rdap,https://opensea.io/blog/articles/buy-and-sell-crypto-collectibles-with-mana;https://opensea.io/blog/articles/how-to-cross-list-decentraland-land-parcels-on-opensea;https://opensea.io/blog/articles/non-fungible-tokens,http://nonfungible.com/
imdb.com,com,REGISTERED,1/4/2027,105,MarkMonitor Inc.,1/5/1996,"client delete prohibited,client transfer prohibited,client update prohibited,server delete prohibited,server transfer prohibited,server update prohibited",rdap,https://opensea.io/blog/articles/dan-beasley-grapes;https://opensea.io/blog/articles/in-conversation-with-darran-garnham;https://opensea.io/blog/articles/in-conversation-with-walter-newman-an-emmy-nominated-producer-behind-nouns-fest,https://www.imdb.com/name/nm0000040/
h-moser.com,com,REGISTERED,1/3/2027,105,RegistryGate GmbH,1/3/2005,client transfer prohibited,rdap,https://opensea.io/blog/articles/opensea-digest-august-15-2025,https://h-moser.com/
tokenproof.xyz,xyz,REGISTERED,1/3/2027,105,MarkMonitor Inc.,1/3/2022,"client transfer prohibited,client update prohibited,client delete prohibited",rdap,https://opensea.io/blog/articles/opensea-digest-december-12-2024,https://tokenproof.xyz/
cmcc.vc,vc,REGISTERED,1/3/2027,105,"NameCheap, Inc.",1/3/2018,clientTransferProhibited https://icann.org/epp#clientTransferProhibited,whois,https://opensea.io/blog/articles/opensea-digest-november-14-2024;https://opensea.io/blog/articles/opensea-digest-sept-15-2023,https://www.cmcc.vc/
brinks.com,com,REGISTERED,1/5/2027,106,"Amazon Registrar, Inc.",9/4/1995,client transfer prohibited,rdap,https://opensea.io/blog/articles/in-conversation-with-courtyard-the-holiday-box,https://us.brinks.com/
koreanfolkart.org,org,REGISTERED,1/5/2027,106,"GoDaddy.com, LLC",1/5/2013,"client delete prohibited,client renew prohibited,client transfer prohibited,client update prohibited",rdap,https://opensea.io/blog/articles/in-conversation-with-gossamer-rozen,https://koreanfolkart.org/blogs/minhwa
delorean.com,com,REGISTERED,1/5/2027,106,GoDaddy Online Services Cayman Islands Ltd.,1/5/1999,"client delete prohibited,client renew prohibited,client transfer prohibited,client update prohibited",rdap,https://opensea.io/blog/articles/opensea-digest-march-14-2024;https://opensea.io/blog/articles/this-week-in-web3-and-nfts-maison-margiela-pudgy-penguins-delorean-more,https://delorean.com/
sherwood.news,news,REGISTERED,1/4/2027,106,MarkMonitor Inc.,1/4/2023,"client delete prohibited,client transfer prohibited,client update prohibited",rdap,https://opensea.io/blog/articles/opensea-digest-september-11-2025,https://sherwood.news/crypto/solana-getting-new-heart-in-biggest-upgrade-ever/
sonymusic.com,com,REGISTERED,1/5/2027,106,MarkMonitor Inc.,1/6/1994,"client delete prohibited,client transfer prohibited,client update prohibited",rdap,https://opensea.io/blog/articles/opensea-digest-september-12-2024,https://www.sonymusic.com/
lynkfire.com,com,REGISTERED,1/6/2027,107,"GoDaddy.com, LLC",1/6/2021,"client delete prohibited,client renew prohibited,client transfer prohibited,client update prohibited",rdap,https://opensea.io/blog/articles/a-short-non-fungible-story-from-messari,https://lynkfire.com/Jaen
tamagotchi-official.com,com,REGISTERED,1/5/2027,107,"GMO Internet Group, Inc. d/b/a Onamae.com",1/5/2023,active,rdap,https://opensea.io/blog/articles/finiliar,https://tamagotchi-official.com/gb/
thelobstars.com,com,REGISTERED,1/5/2027,107,123-Reg Limited,1/5/2022,active,rdap,https://opensea.io/blog/articles/in-conversation-with-benjamin-white,https://www.thelobstars.com/
juliangilliam.com,com,REGISTERED,1/6/2027,107,"GoDaddy.com, LLC",1/6/2013,"client delete prohibited,client renew prohibited,client transfer prohibited,client update prohibited",rdap,https://opensea.io/blog/articles/in-conversation-with-logik,https://www.juliangilliam.com/
slimesunday.com,com,REGISTERED,1/5/2027,107,Squarespace Domains LLC,1/5/2017,"client delete prohibited,client transfer prohibited,client update prohibited",rdap,https://opensea.io/blog/articles/opensea-digest-aug-24-2023,https://slimesunday.com/the-great-purge
frame.sh,sh,REGISTERED,1/5/2027,107,"NameCheap, Inc.",1/5/2018,clientTransferProhibited https://icann.org/epp#clientTransferProhibited,whois,https://opensea.io/blog/articles/opensea-digest-july-25-2024,https://frame.sh/
somnia.network,network,REGISTERED,1/5/2027,107,Mesh Digital Limited,1/5/2024,"client delete prohibited,client renew prohibited,client transfer prohibited,client update prohibited",rdap,https://opensea.io/blog/articles/opensea-digest-may-9-2024,https://somnia.network/yuga-labs-partners-with-somnia-to-increase-metaverse-interoperability-and-incentives
tezos.foundation,foundation,REGISTERED,1/5/2027,107,Tucows Domains Inc.,1/5/2017,"client transfer prohibited,client update prohibited",rdap,https://opensea.io/blog/articles/opensea-digest-october-30-2025,https://tezos.foundation/
justin.quest,quest,REGISTERED,1/5/2027,107,"XYZ.com, LLC",1/5/2021,server transfer prohibited,rdap,https://opensea.io/blog/articles/startup-stories-from-justin-kan-co-founder-of-twitch,https://justin.quest/
wiv.io,io,REGISTERED,1/5/2027,107,"NameCheap, Inc.",1/5/2018,ok https://icann.org/epp#ok,whois,https://opensea.io/blog/articles/wiv-technology-fine-wine-trading,http://www.wiv.io/
themontyreport.com,com,REGISTERED,1/7/2027,108,"NameCheap, Inc.",1/7/2022,client transfer prohibited,rdap,https://opensea.io/blog/articles/alpha-centauri-kid;https://opensea.io/blog/articles/emily-xie,https://www.themontyreport.com/p/ack
gmstudio.art,art,REGISTERED,1/6/2027,108,"NameCheap, Inc.",1/6/2022,client transfer prohibited,rdap,https://opensea.io/blog/articles/live-from-marfa-in-conversation-with-mountvitruvius,https://www.gmstudio.art/
dgoods.org,org,REGISTERED,1/7/2027,108,Dynadot Inc,1/7/2019,client transfer prohibited,rdap,https://opensea.io/blog/articles/non-fungible-tokens,https://dgoods.org/
powerofwomen.io,io,REGISTERED,1/6/2027,108,Tucows Domains Inc.,1/6/2022,clientTransferProhibited https://icann.org/epp#clientTransferProhibited,whois,https://opensea.io/blog/articles/opensea-digest-may-30-2024;https://opensea.io/blog/articles/power-of-women-man-city-i-am-empowered-collection,https://powerofwomen.io/
moca.network,network,REGISTERED,1/7/2027,108,"Amazon Registrar, Inc.",1/7/2024,client transfer prohibited,rdap,https://opensea.io/blog/articles/opensea-digest-october-23-2025,https://moca.network/en
americanbar.org,org,REGISTERED,1/7/2027,109,"Cloudflare, Inc.",1/7/2000,client transfer prohibited,rdap,https://opensea.io/blog/articles/music-nfts,https://www.americanbar.org/groups/entertainment_sports/publications/entertainment-sports-lawyer/winter-2024/why-blockchain-smart-contracts-and-nfts-are-unmatched-solution-music-industrys-royalty-prob
fenwick.com,com,REGISTERED,1/8/2027,109,"Network Solutions, LLC",1/8/1999,client transfer prohibited,rdap,https://opensea.io/blog/articles/opensea-digest-august-8-2024,https://www.fenwick.com/
beeple-studios.xyz,xyz,REGISTERED,1/7/2027,109,"GoDaddy.com, LLC",1/7/2023,"client renew prohibited,client transfer prohibited,client update prohibited,client delete prohibited",rdap,https://opensea.io/blog/articles/opensea-digest-march-5-2026;https://opensea.io/blog/articles/opensea-digest-november-6-2025;https://opensea.io/blog/articles/opensea-digest-oct-5-2023,https://beeple-studios.xyz/
lufthansa.com,com,REGISTERED,1/9/2027,110,"CSC Corporate Domains, Inc.",1/10/1996,"client transfer prohibited,server delete prohibited,server transfer prohibited,server update prohibited",rdap,https://opensea.io/blog/articles/airline-nfts,https://www.lufthansa.com/us/en/homepage
gnosis.io,io,REGISTERED,1/8/2027,110,Gandi SAS,1/8/2018,clientTransferProhibited https://icann.org/epp#clientTransferProhibited,whois,https://opensea.io/blog/articles/opensea-digest-april-9-2026,https://www.gnosis.io/
paniniamerica.net,net,REGISTERED,1/9/2027,111,NEEN S.p.A.,1/9/2009,client transfer prohibited,rdap,https://opensea.io/blog/articles/in-conversation-with-darran-garnham-of-bad-egg-co;https://opensea.io/blog/articles/opensea-digest-september-26-2024,https://blog.paniniamerica.net/panini-blockchain-bridge-to-open-for-business/
dadabots.com,com,REGISTERED,1/10/2027,111,"NameCheap, Inc.",1/10/2013,client transfer prohibited,rdap,https://opensea.io/blog/articles/live-from-marfa-in-conversation-with-dadabots,https://dadabots.com/nips2017/generating-black-metal-and-math-rock.pdf
gunzscan.io,io,REGISTERED,1/9/2027,111,Hosting Concepts B.V. d/b/a Registrar.eu,1/9/2024,clientTransferProhibited https://icann.org/epp#clientTransferProhibited,whois,https://opensea.io/blog/articles/off-the-grid-console-gaming-web3-battle-royale,https://testnet.gunzscan.io
runescape.com,com,REGISTERED,1/10/2027,111,"CSC Corporate Domains, Inc.",1/10/2000,client transfer prohibited,rdap,https://opensea.io/blog/articles/onchain-heroes,https://play.runescape.com/
hiibiza.com,com,REGISTERED,1/9/2027,111,"GoDaddy.com, LLC",9/6/2016,"client delete prohibited,client renew prohibited,client transfer prohibited,client update prohibited",rdap,https://opensea.io/blog/articles/opensea-digest-august-15-2025,https://www.hiibiza.com/
noun.wtf,wtf,REGISTERED,1/10/2027,112,"GoDaddy.com, LLC",1/10/2024,"client delete prohibited,client renew prohibited,client transfer prohibited,client update prohibited",rdap,https://opensea.io/blog/articles/nouns,http://noun.wtf
obvious-art.com,com,REGISTERED,1/10/2027,112,Tucows Domains Inc.,1/10/2018,active,rdap,https://opensea.io/blog/articles/opensea-digest-april-24-2025,https://obvious-art.com/
neondistrict.io,io,REGISTERED,1/12/2027,113,"GoDaddy.com, LLC",1/12/2018,clientDeleteProhibited https://icann.org/epp#clientDeleteProhibited,whois,https://opensea.io/blog/articles/non-fungible-tokens,https://www.neondistrict.io/
thewalters.org,org,REGISTERED,1/12/2027,113,"Network Solutions, LLC",1/13/1998,active,rdap,https://opensea.io/blog/articles/opensea-digest-july-11-2024,https://thewalters.org/
simpleflying.com,com,REGISTERED,1/12/2027,114,"GoDaddy.com, LLC",1/12/2013,"client delete prohibited,client renew prohibited,client transfer prohibited,client update prohibited",rdap,https://opensea.io/blog/articles/airline-nfts,https://simpleflying.com/volaris-launches-nft-annual-pass/
wikipedia.org,org,REGISTERED,1/13/2027,114,MarkMonitor Inc.,1/13/2001,"client delete prohibited,client transfer prohibited,client update prohibited",rdap,https://opensea.io/blog/articles/bringing-on-additional-strategic-investors-to-opensea;https://opensea.io/blog/articles/footiums-fresh-take-on-the-sports-management-gaming-genre;https://opensea.io/blog/articles/gronk-x-medium-rare-x-opensea,https://en.wikipedia.org/wiki/Application_programming_interface
bnbchain.org,org,REGISTERED,1/13/2027,114,"GoDaddy.com, LLC",1/13/2020,active,rdap,https://opensea.io/blog/articles/in-conversation-with-colin-and-david-of-pieverse;https://opensea.io/blog/articles/opensea-digest-september-25-2025,https://www.bnbchain.org/en
manifold.xyz,xyz,REGISTERED,1/12/2027,114,Squarespace Domains II LLC,1/12/2020,"client transfer prohibited,client delete prohibited",rdap,https://opensea.io/blog/articles/in-conversation-with-jeremy-booth;https://opensea.io/blog/articles/opensea-digest-aug-24-2023;https://opensea.io/blog/articles/opensea-digest-july-13-2023,https://app.manifold.xyz/c/the-exposition
ricardocavolo.com,com,REGISTERED,1/12/2027,114,"GoDaddy.com, LLC",1/12/2010,"client delete prohibited,client renew prohibited,client transfer prohibited,client update prohibited",rdap,https://opensea.io/blog/articles/in-conversation-with-ricardo-cavolo,https://shop.ricardocavolo.com/
playstation.com,com,REGISTERED,1/13/2027,114,1API GmbH,1/14/1997,client transfer prohibited,rdap,https://opensea.io/blog/articles/in-conversation-with-sean-pinnock-of-avalon;https://opensea.io/blog/articles/moonrays-unusual-journey-from-comic-books-to-a-futuristic-arena-battler-game;https://opensea.io/blog/articles/opensea-digest-august-15-2024,https://www.playstation.com/en-us/
toybook.com,com,REGISTERED,1/13/2027,114,"GoDaddy.com, LLC",1/14/1996,"client delete prohibited,client renew prohibited,client transfer prohibited,client update prohibited",rdap,https://opensea.io/blog/articles/opensea-digest-december-5-2025,https://toybook.com/pudgy-penguins-collabs-news/
riv-stablepay.com,com,REGISTERED,1/12/2027,114,Tucows Domains Inc.,1/12/2026,"client transfer prohibited,client update prohibited",rdap,https://opensea.io/blog/articles/opensea-digest-march-27-2026,https://www.riv-stablepay.com/
rocketleague.com,com,REGISTERED,1/14/2027,115,MarkMonitor Inc.,1/14/2003,"client delete prohibited,client transfer prohibited,client update prohibited",rdap,https://opensea.io/blog/articles/in-conversation-with-alex-taub-of-goblintown,https://www.rocketleague.com/en
leagueofbuddies.com,com,REGISTERED,1/14/2027,115,"GoDaddy.com, LLC",1/14/2012,"client delete prohibited,client renew prohibited,client transfer prohibited,client update prohibited",rdap,https://opensea.io/blog/articles/in-conversation-with-walter-newman-an-emmy-nominated-producer-behind-nouns-fest,https://www.leagueofbuddies.com/
checks.art,art,REGISTERED,1/13/2027,115,Squarespace Domains II LLC,1/13/2023,"client transfer prohibited,client delete prohibited",rdap,https://opensea.io/blog/articles/jack-butcher;https://opensea.io/blog/articles/opensea-digest-sept-21-2023,https://burn.checks.art/pfp
gretchenandrew.com,com,REGISTERED,1/14/2027,116,Squarespace Domains II LLC,1/14/2013,"client delete prohibited,client transfer prohibited",rdap,https://opensea.io/blog/articles/opensea-digest-april-24-2025,https://www.gretchenandrew.com/
deribit.com,com,REGISTERED,1/15/2027,116,"Name.com, Inc.",1/15/2014,"client transfer prohibited,client update prohibited",rdap,https://opensea.io/blog/articles/opensea-digest-may-15-2025,https://www.deribit.com/
heartsla.xyz,xyz,REGISTERED,1/14/2027,116,"Amazon Registrar, Inc.",1/14/2025,active,rdap,https://opensea.io/blog/articles/this-week-in-web3-and-nfts-mmerch-parallel-goat-gaming-more,https://mmerch.heartsla.xyz/
whitehotmagazine.com,com,REGISTERED,1/15/2027,117,Register.ca Inc.,1/15/2007,"client transfer prohibited,client update prohibited",rdap,https://opensea.io/blog/articles/live-from-marfa-in-conversation-with-clownvamp,https://whitehotmagazine.com/articles/invades-marfa-with-junk-machine/6686
envogue.media,media,REGISTERED,1/16/2027,118,"GoDaddy.com, LLC",1/16/2018,"client delete prohibited,client renew prohibited,client transfer prohibited,client update prohibited",rdap,https://opensea.io/blog/articles/in-conversation-with-mo-abrishamchi,https://envogue.media/
paglen.studio,studio,REGISTERED,1/16/2027,118,Automattic Inc.,1/16/2020,client transfer prohibited,rdap,https://opensea.io/blog/articles/what-is-art-blocks,https://paglen.studio/
hypebeast.com,com,REGISTERED,1/18/2027,119,"GoDaddy.com, LLC",1/18/2005,"client delete prohibited,client renew prohibited,client transfer prohibited,client update prohibited",rdap,https://opensea.io/blog/articles/in-conversation-with-alice-delahunt-of-syky;https://opensea.io/blog/articles/in-conversation-with-ayla-el-moussa;https://opensea.io/blog/articles/in-conversation-with-mo-abrishamchi,https://hypebeast.com/2018/2/forever-rose-worlds-most-valuable-crypto-artwork
transientlabs.xyz,xyz,REGISTERED,1/17/2027,119,"GoDaddy.com, LLC",1/17/2022,"client renew prohibited,client transfer prohibited,client update prohibited,client delete prohibited",rdap,https://opensea.io/blog/articles/in-conversation-with-all-seeing-seneca;https://opensea.io/blog/articles/opensea-digest-aug-24-2023;https://opensea.io/blog/articles/opensea-digest-june-16-2023,https://stacks.transientlabs.xyz/heart-you-poems
burberry.com,com,REGISTERED,1/18/2027,119,"CSC Corporate Domains, Inc.",1/17/1997,"client transfer prohibited,server delete prohibited,server transfer prohibited,server update prohibited",rdap,https://opensea.io/blog/articles/luxury-nfts;https://opensea.io/blog/articles/opensea-digest-july-25-2024,https://us.burberry.com/
notyourbro.co,co,REGISTERED,1/17/2027,119,Synergy Wholesale Accreditations Pty Ltd,1/17/2022,ok https://icann.org/epp#ok,whois,https://opensea.io/blog/articles/not-your-bro-nfts,https://notyourbro.co/
nytimes.com,com,REGISTERED,1/19/2027,120,MarkMonitor Inc.,1/18/1994,"client delete prohibited,client transfer prohibited,client update prohibited,server delete prohibited,server transfer prohibited,server update prohibited",rdap,https://opensea.io/blog/articles/brands-that-started-as-crypto-tokens;https://opensea.io/blog/articles/in-conversation-with-jeff-davis;https://opensea.io/blog/articles/micah-johnson,https://www.nytimes.com/2020/09/16/arts/design/instagram-art-accounts.html
yahoo.com,com,REGISTERED,1/19/2027,120,MarkMonitor Inc.,1/18/1995,"client delete prohibited,client transfer prohibited,client update prohibited,server delete prohibited,server transfer prohibited,server update prohibited",rdap,https://opensea.io/blog/articles/how-atari-club-aims-to-pioneer-web3-powered-brand-loyalty;https://opensea.io/blog/articles/opensea-digest-april-2-2026;https://opensea.io/blog/articles/opensea-digest-august-14-2026,https://ca.finance.yahoo.com/news/x-reportedly-explores-stablecoin-payments-180900502.html
cargo.build,build,REGISTERED,1/18/2027,120,"Cloudflare, Inc.",1/18/2019,client transfer prohibited,rdap,https://opensea.io/blog/articles/non-fungible-tokens,https://app.cargo.build/
blackbookrecs.com,com,REGISTERED,1/18/2027,120,Tucows Domains Inc.,1/18/2017,"client transfer prohibited,client update prohibited",rdap,https://opensea.io/blog/articles/opensea-digest-july-18-2024,https://www.blackbookrecs.com/
proofoftalk.io,io,REGISTERED,1/18/2027,120,"GoDaddy.com, LLC",1/18/2022,clientDeleteProhibited https://icann.org/epp#clientDeleteProhibited,whois,https://opensea.io/blog/articles/opensea-digest-july-2-2026;https://opensea.io/blog/articles/opensea-digest-june-12-2025,https://proofoftalk.io/
beeple-crap.com,com,REGISTERED,1/19/2027,121,"GoDaddy.com, LLC",1/19/2010,"client delete prohibited,client renew prohibited,client transfer prohibited,client update prohibited",rdap,https://opensea.io/blog/articles/beeple;https://opensea.io/blog/articles/most-expensive-nfts;https://opensea.io/blog/articles/opensea-digest-april-24-2026,https://www.beeple-crap.com/
gamescom.global,global,REGISTERED,1/19/2027,121,Mesh Digital Limited,1/19/2017,active,rdap,https://opensea.io/blog/articles/gamescom-with-opensea;https://opensea.io/blog/articles/opensea-digest-august-15-2024,https://www.gamescom.global/de
atari.club,club,REGISTERED,1/20/2027,122,"CSC Corporate Domains, Inc.",1/20/2023,client transfer prohibited,rdap,https://opensea.io/blog/articles/how-atari-club-aims-to-pioneer-web3-powered-brand-loyalty,https://www.atari.club/
mythereum.io,io,REGISTERED,1/20/2027,122,"NameCheap, Inc.",1/20/2018,clientTransferProhibited https://icann.org/epp#clientTransferProhibited,whois,https://opensea.io/blog/articles/how-to-create-your-own-marketplace-on-opensea-in-three-minutes-or-less,https://www.mythereum.io/marketplace
eulerbeats.com,com,REGISTERED,1/21/2027,123,"Cloudflare, Inc.",1/21/2021,client transfer prohibited,rdap,https://opensea.io/blog/articles/eulerbeats-enigma-lp;https://opensea.io/blog/articles/the-biggest-drop-in-times-square-since-new-years-eve,http://eulerbeats.com/
cryengine.com,com,REGISTERED,1/22/2027,123,Mesh Digital Limited,1/22/2007,active,rdap,https://opensea.io/blog/articles/off-the-grid-console-gaming-web3-battle-royale,https://www.cryengine.com/
mythos.foundation,foundation,REGISTERED,1/21/2027,123,"Cloudflare, Inc.",1/21/2022,client transfer prohibited,rdap,https://opensea.io/blog/articles/opensea-digest-may-1-2025;https://opensea.io/blog/articles/opensea-digest-november-27-2024;https://opensea.io/blog/articles/opensea-digest-november-7-2024,https://mythos.foundation/
shefi.org,org,REGISTERED,1/22/2027,124,Squarespace Domains II LLC,1/22/2020,"client delete prohibited,client transfer prohibited",rdap,https://opensea.io/blog/articles/opensea-digest-april-10-2025,https://www.shefi.org/
goldenwolf.tv,tv,REGISTERED,1/22/2027,124,"Cloudflare, Inc.",1/22/2013,client transfer prohibited,rdap,https://opensea.io/blog/articles/opensea-digest-october-17-2024,https://www.goldenwolf.tv/about
banijay.com,com,REGISTERED,1/23/2027,125,Gandi SAS,1/23/2008,client transfer prohibited,rdap,https://opensea.io/blog/articles/opensea-digest-march-21-2024;https://opensea.io/blog/articles/opensea-digest-may-1-2025,https://www.banijay.com/blog/2025/04/24/anonymous-labs-partners-with-banijay-rights-to-launch-peaky-blinders-web3-game/
lumenprize.com,com,REGISTERED,1/23/2027,125,Squarespace Domains LLC,1/23/2012,"client delete prohibited,client transfer prohibited,client update prohibited",rdap,https://opensea.io/blog/articles/opensea-digest-october-17-2024,https://www.lumenprize.com/
eventbrite.com,com,REGISTERED,1/25/2027,127,"CSC Corporate Domains, Inc.",1/25/2006,client transfer prohibited,rdap,https://opensea.io/blog/articles/12-curated-works-for-cadaf-online;https://opensea.io/blog/articles/opensea-digest-july-18-2024;https://opensea.io/blog/articles/opensea-digest-july-6-2024,https://www.eventbrite.com/e/cadaf-online-2021-tickets-158468356119
calvynjustus.xyz,xyz,REGISTERED,1/25/2027,127,"GoDaddy.com, LLC",1/25/2023,"client renew prohibited,client transfer prohibited,client update prohibited,client delete prohibited",rdap,https://opensea.io/blog/articles/in-conversation-with-nicola-formichetti,https://www.calvynjustus.xyz/
stopkillinggames.com,com,REGISTERED,1/25/2027,127,"NameCheap, Inc.",1/25/2024,client transfer prohibited,rdap,https://opensea.io/blog/articles/in-conversation-with-wab-eth-and-stormr-eth-of-sappy-seals,https://www.stopkillinggames.com/
blockchaingamer.biz,biz,REGISTERED,1/25/2027,127,"GoDaddy.com, LLC",1/25/2018,"client delete prohibited,client transfer prohibited,client renew prohibited,client update prohibited",rdap,https://opensea.io/blog/articles/non-fungible-tokens,https://www.blockchaingamer.biz/news/13113/cheeze-wizards-smart-contract-exploit-unpasteurized-hackers/
burningman.org,org,REGISTERED,1/26/2027,127,Tucows Domains Inc.,1/27/1998,"client transfer prohibited,client update prohibited",rdap,https://opensea.io/blog/articles/trey-ratcliff,https://burningman.org/
britishcouncil.pk,pk,REGISTERED,1/26/2027,127,,1/26/2007,Domain is Registered,whois,https://opensea.io/blog/articles/women-rise-champions-girls-education-vr,https://www.britishcouncil.pk/
texasbusiness.org,org,REGISTERED,1/27/2027,128,"Network Solutions, LLC",1/28/1998,client transfer prohibited,rdap,https://opensea.io/blog/articles/complexity-gamings-bold-pivot-to-web3-gaming,https://texasbusiness.org/hall-of-fame-old/john-c-goff/
joanmitchellfoundation.org,org,REGISTERED,1/26/2027,128,"Domain.com - Network Solutions, LLC",1/26/2006,active,rdap,https://opensea.io/blog/articles/live-from-marfa-in-conversation-with-ben-kovach,https://www.joanmitchellfoundation.org/
mythicalgames.com,com,REGISTERED,1/26/2027,128,Dynadot Inc,1/26/2003,client transfer prohibited,rdap,https://opensea.io/blog/articles/luxury-nfts;https://opensea.io/blog/articles/opensea-digest-may-1-2025;https://opensea.io/blog/articles/opensea-digest-november-27-2024,https://mythicalgames.com/
orangecapgames.com,com,REGISTERED,1/27/2027,128,"Name.com, Inc.",1/27/2024,client transfer prohibited,rdap,https://opensea.io/blog/articles/opensea-digest-january-15-2026,https://www.orangecapgames.com/
satan.shoes,shoes,REGISTERED,1/27/2027,129,"NameCheap, Inc.",1/27/2021,client transfer prohibited,rdap,https://opensea.io/blog/articles/in-conversation-with-alex-taub-of-goblintown,https://satan.shoes/
human.institute,institute,REGISTERED,1/27/2027,129,"GoDaddy.com, LLC",1/27/2015,"client delete prohibited,client renew prohibited,client transfer prohibited,client update prohibited",rdap,https://opensea.io/blog/articles/opensea-digest-feb-22-2024,https://www.human.institute/
tether.io,io,REGISTERED,1/27/2027,129,Nom-iq Ltd. dba COM LAUDE,1/27/2014,clientDeleteProhibited https://icann.org/epp#clientDeleteProhibited,whois,https://opensea.io/blog/articles/opensea-digest-february-27-2026;https://opensea.io/blog/articles/opensea-digest-june-4-2026,https://tether.io/news/tether-collaborates-with-fasset-to-launch-the-first-gold-backed-card-unlocking-real-world-utility-for-digital-gold/
franckmuller.com,com,REGISTERED,1/27/2027,129,Gandi SAS,1/27/2004,client transfer prohibited,rdap,https://opensea.io/blog/articles/opensea-digest-may-29-2025,https://www.franckmuller.com/
artbasel.com,com,REGISTERED,1/29/2027,130,1API GmbH,1/28/1997,client transfer prohibited,rdap,https://opensea.io/blog/articles/art-basel-launches-zero-10-supported-by-opensea;https://opensea.io/blog/articles/in-conversation-with-leander-herzog;https://opensea.io/blog/articles/opensea-digest-december-12-2024,http://www.artbasel.com/press
collectivestrangers.xyz,xyz,REGISTERED,1/28/2027,130,Squarespace Domains II LLC,1/28/2022,"client transfer prohibited,client delete prohibited",rdap,https://opensea.io/blog/articles/eric-rubens,https://www.collectivestrangers.xyz/
fini.world,world,REGISTERED,1/29/2027,130,"NameCheap, Inc.",1/29/2023,client transfer prohibited,rdap,https://opensea.io/blog/articles/finiliar,https://fini.world/
butcherbilly.com,com,REGISTERED,1/28/2027,130,"GoDaddy.com, LLC",1/28/2015,"client delete prohibited,client renew prohibited,client transfer prohibited,client update prohibited",rdap,https://opensea.io/blog/articles/how-atari-club-aims-to-pioneer-web3-powered-brand-loyalty,https://www.butcherbilly.com/
tylerxhobbs.com,com,REGISTERED,1/29/2027,130,"NameCheap, Inc.",1/29/2019,client transfer prohibited,rdap,https://opensea.io/blog/articles/in-conversation-with-tyler-hobbs;https://opensea.io/blog/articles/interview-arran-schlosberg;https://opensea.io/blog/articles/opensea-digest-august-22-2024,https://tylerxhobbs.com/about
crytek.com,com,REGISTERED,1/29/2027,130,IONOS SE,1/29/1999,active,rdap,https://opensea.io/blog/articles/off-the-grid-console-gaming-web3-battle-royale,https://www.crytek.com/news/record-breaker-warface-claims-a-guinness-world-record
wefi.co,co,REGISTERED,1/28/2027,130,"GoDaddy.com, LLC",1/28/2024,clientRenewProhibited https://icann.org/epp#clientRenewProhibited,whois,https://opensea.io/blog/articles/opensea-digest-april-30-2026,https://www.wefi.co/
skyweaver.net,net,REGISTERED,1/30/2027,131,"Cloudflare, Inc.",1/30/2018,client transfer prohibited,rdap,https://opensea.io/blog/articles/non-fungible-tokens,https://www.skyweaver.net/
camp.com,com,REGISTERED,1/30/2027,131,"GoDaddy.com, LLC",1/29/1993,"client delete prohibited,client renew prohibited,client transfer prohibited,client update prohibited",rdap,https://opensea.io/blog/articles/opensea-digest-aug-10-2023;https://opensea.io/blog/articles/opensea-digest-june-2-2023,https://camp.com/
shavonnewong.art,art,REGISTERED,1/29/2027,131,Tucows Domains Inc.,1/29/2022,"client transfer prohibited,client update prohibited",rdap,https://opensea.io/blog/articles/spotlight-on-asian-american-and-pacific-islander-heritage-month,https://www.shavonnewong.art/
djbooth.net,net,REGISTERED,1/30/2027,131,Automattic Inc.,1/30/2003,client transfer prohibited,rdap,https://opensea.io/blog/articles/who-is-sam-spratt,https://djbooth.net/features/2018-03-09-sam-spratt-interview-covered
gothamist.com,com,REGISTERED,1/31/2027,133,"Amazon Registrar, Inc.",1/31/2003,client transfer prohibited,rdap,https://opensea.io/blog/articles/opensea-digest-november-7-2024,https://gothamist.com/arts-entertainment/whitney-museum-will-be-free-for-all-visitors-25-and-under-starting-in-mid-december
creature.world,world,REGISTERED,1/31/2027,133,Squarespace Domains II LLC,1/31/2018,"client delete prohibited,client transfer prohibited",rdap,https://opensea.io/blog/articles/redeemables-standard-roadmap;https://opensea.io/blog/articles/redeemables-standard-roadmap-f0e61,https://burn.creature.world/
pablopicasso.org,org,REGISTERED,2/1/2027,134,"Cloudflare, Inc.",2/1/2002,client transfer prohibited,rdap,https://opensea.io/blog/articles/in-conversation-with-ana-maria-caballero-art-basel,https://www.pablopicasso.org/guernica.jsp
independent.co.uk,uk,REGISTERED,2/2/2027,134,Nom-IQ Limited t/a Com Laude [Tag = NOMIQ],,Registered until expiry date.,whois,https://opensea.io/blog/articles/in-conversation-with-nicola-formichetti,https://www.independent.co.uk/tv/lifestyle/lady-gaga-meat-dress-queer-rights-lgbtq-gay-b2643719.html
earlsweatshirt.com,com,REGISTERED,2/2/2027,134,"GoDaddy.com, LLC",2/2/2011,"client delete prohibited,client renew prohibited,client transfer prohibited,client update prohibited",rdap,https://opensea.io/blog/articles/opensea-digest-aug-31-2023,https://www.earlsweatshirt.com/
finschia.network,network,REGISTERED,2/2/2027,134,MarkMonitor Inc.,2/2/2023,active,rdap,https://opensea.io/blog/articles/opensea-digest-jan-25-2024,https://www.finschia.network/
planiesnft.com,com,REGISTERED,2/2/2027,135,"Cloudflare, Inc.",2/2/2022,client transfer prohibited,rdap,https://opensea.io/blog/articles/airline-nfts,http://planiesnft.com
stackoverflow.com,com,REGISTERED,2/2/2027,135,"CSC Corporate Domains, Inc.",12/26/2003,client transfer prohibited,rdap,https://opensea.io/blog/articles/in-conversation-with-jacek-trocinski-of-degen,https://stackoverflow.com/questions
kidrobot.com,com,REGISTERED,2/3/2027,135,"eNom, LLC",2/3/2000,active,rdap,https://opensea.io/blog/articles/interview-with-john-orion-young,https://www.kidrobot.com/
stellar.org,org,REGISTERED,2/2/2027,135,"Amazon Registrar, Inc.",2/2/2011,client transfer prohibited,rdap,https://opensea.io/blog/articles/opensea-digest-august-7-2025,https://stellar.org/
fortnitenews.com,com,REGISTERED,2/2/2027,135,"NameCheap, Inc.",2/2/2018,client transfer prohibited,rdap,https://opensea.io/blog/articles/opensea-digest-june-23-2023,https://fortnitenews.com/fortnite-x-nike-air-max-new-cosmetics-available-now/
cirquedusoleil.com,com,REGISTERED,2/3/2027,135,"GoDaddy.com, LLC",2/2/1996,"client delete prohibited,client renew prohibited,client transfer prohibited,client update prohibited",rdap,https://opensea.io/blog/articles/opensea-digest-june-26-2025,https://www.cirquedusoleil.com/
zodia-custody.com,com,REGISTERED,2/3/2027,136,"Amazon Registrar, Inc.",2/3/2023,client transfer prohibited,rdap,https://opensea.io/blog/articles/opensea-digest-april-17-2026,https://zodia-custody.com/
cinematools.co,co,REGISTERED,2/4/2027,137,"Domain.com - Network Solutions, LLC",2/4/2021,clientTransferProhibited https://icann.org/epp#clientTransferProhibited,whois,https://opensea.io/blog/articles/alpha-centauri-kid,https://www.cinematools.co/
businesswire.com,com,REGISTERED,2/5/2027,137,"CSC Corporate Domains, Inc.",2/4/1996,client transfer prohibited,rdap,https://opensea.io/blog/articles/crypto-rewards-cards;https://opensea.io/blog/articles/in-conversation-with-mmerchs-colby-mugrabi;https://opensea.io/blog/articles/mmerchs-generative-hoodie-drop-seedphrase-swarovski-crystals-claire-silver,https://www.businesswire.com/news/home/20190717005162/en/%C2%A0Horizon-Blockchain-Games-Reveals-3.75M-Seed-Led
ribbonriven.com,com,REGISTERED,2/4/2027,137,Tucows Domains Inc.,2/4/2020,"client transfer prohibited,client update prohibited",rdap,https://opensea.io/blog/articles/grant-yun-and-his-cow,https://www.ribbonriven.com/midwest
basicattentiontoken.org,org,REGISTERED,2/4/2027,137,"NameCheap, Inc.",2/4/2017,client transfer prohibited,rdap,https://opensea.io/blog/articles/in-conversation-with-jacek-trocinski-of-degen,https://basicattentiontoken.org/
axieinfinity.com,com,REGISTERED,2/5/2027,138,"Cloudflare, Inc.",2/5/2018,client transfer prohibited,rdap,https://opensea.io/blog/articles/axies-are-now-tradeable;https://opensea.io/blog/articles/in-conversation-with-chevan-tin-of-anichess;https://opensea.io/blog/articles/in-conversation-with-hantao-yuan,https://axieinfinity.com
inworld.ai,ai,REGISTERED,2/5/2027,138,MarkMonitor Inc.,2/5/2019,"client delete prohibited,client transfer prohibited,client update prohibited",rdap,https://opensea.io/blog/articles/in-conversation-with-sean-pinnock-of-avalon,https://inworld.ai/
chainalysis.com,com,REGISTERED,2/5/2027,138,"Amazon Registrar, Inc.",10/28/2014,client transfer prohibited,rdap,https://opensea.io/blog/articles/in-conversation-with-trevor-thompson-from-ethos,https://go.chainalysis.com/2025-Crypto-Crime-Report.html
mkr.tools,tools,REGISTERED,2/7/2027,139,"Cloudflare, Inc",2/7/2017,client transfer prohibited,rdap,https://opensea.io/blog/articles/buy-and-sell-crypto-collectibles-with-dai,https://mkr.tools/
anchor.fm,fm,REGISTERED,2/6/2027,139,Abion AB,2/6/2015,"client transfer prohibited,client delete prohibited",rdap,https://opensea.io/blog/articles/guesstimating-where-we-are-in-the-nft-market-life-cycle,https://anchor.fm/andrew-steinwold
th-er.com,com,REGISTERED,2/6/2027,139,PDR Ltd. d/b/a PublicDomainRegistry.com,2/6/2017,client transfer prohibited,rdap,https://opensea.io/blog/articles/interview-with-john-orion-young,http://th-er.com/
macys.com,com,REGISTERED,2/8/2027,140,"Network Solutions, LLC",2/7/1994,"client transfer prohibited,server delete prohibited,server transfer prohibited,server update prohibited",rdap,https://opensea.io/blog/articles/gary-vaynerchuk,https://www.macys.com/shop/featured/veefriends
coolamericamag.com,com,REGISTERED,2/7/2027,140,"GoDaddy.com, LLC",2/7/2018,"client delete prohibited,client renew prohibited,client transfer prohibited,client update prohibited",rdap,https://opensea.io/blog/articles/micah-johnson,https://coolamericamag.com/canvased-dreams-with-micah-johnson/
ninjastickers.com,com,REGISTERED,2/7/2027,140,"GoDaddy.com, LLC",2/7/2019,"client delete prohibited,client renew prohibited,client transfer prohibited,client update prohibited",rdap,https://opensea.io/blog/articles/motogp-ninjastickers-ethereum-edition-now-live-on-opensea,https://www.ninjastickers.com/motogp-ethereum/
niceaunties.com,com,REGISTERED,2/8/2027,140,Squarespace Domains LLC,2/8/2023,active,rdap,https://opensea.io/blog/articles/niceaunties,https://niceaunties.com/
highfidelity.com,com,REGISTERED,2/8/2027,140,"GoDaddy.com, LLC",2/8/1999,"client delete prohibited,client renew prohibited,client transfer prohibited,client update prohibited",rdap,https://opensea.io/blog/articles/non-fungible-tokens,http://highfidelity.com/
spacecoin.org,org,REGISTERED,2/7/2027,140,"Cloudflare, Inc.",2/7/2016,client transfer prohibited,rdap,https://opensea.io/blog/articles/opensea-digest-december-18-2025,https://spacecoin.org/
algorand.co,co,REGISTERED,2/7/2027,140,"GoDaddy.com, LLC",2/8/2017,clientRenewProhibited https://icann.org/epp#clientRenewProhibited,whois,https://opensea.io/blog/articles/opensea-digest-may-8-2025,https://algorand.co/
lucasfilm.com,com,REGISTERED,2/8/2027,140,"CSC Corporate Domains, Inc.",2/7/1997,clientTransferProhibited https://icann.org/epp#clientTransferProhibited,whois,https://opensea.io/blog/articles/shrapnels-lock-and-load-plan-for-dominating-gaming-with-a-web3-extraction-shooter,https://www.lucasfilm.com/
whitewalls.art,art,REGISTERED,2/8/2027,141,"GoDaddy.com, LLC",2/8/2024,"client renew prohibited,client transfer prohibited,client update prohibited,client delete prohibited",rdap,https://opensea.io/blog/articles/live-from-marfa-in-conversation-with-vinnie-hager;https://opensea.io/blog/articles/opensea-digest-august-29-2024;https://opensea.io/blog/articles/opensea-digest-august-8-2024,https://www.whitewalls.art/
myland.earth,earth,REGISTERED,2/8/2027,141,"GoDaddy.com, LLC",2/8/2022,"client delete prohibited,client transfer prohibited,client renew prohibited,client update prohibited",rdap,https://opensea.io/blog/articles/opensea-digest-may-12-2023,https://myland.earth/
buenavidaart.com,com,REGISTERED,2/9/2027,142,Wix.com Ltd.,2/9/2021,"client transfer prohibited,client update prohibited",rdap,https://opensea.io/blog/articles/live-from-marfa-in-conversation-with-jimena-buena-vida;https://opensea.io/blog/articles/spotlight-on-hispanic-heritage-month,https://www.buenavidaart.com/
project02.com,com,REGISTERED,2/9/2027,142,"TurnCommerce, Inc. DBA NameBright.com",2/9/2018,client transfer prohibited,rdap,https://opensea.io/blog/articles/opensea-digest-april-3-2025,https://docs.project02.com/
hedera.com,com,REGISTERED,2/9/2027,142,"GoDaddy.com, LLC",3/17/1998,"client delete prohibited,client renew prohibited,client transfer prohibited,client update prohibited",rdap,https://opensea.io/blog/articles/opensea-digest-march-6-2025,https://hedera.com/
aptoslabs.com,com,REGISTERED,2/9/2027,142,Squarespace Domains II LLC,2/9/2022,"client delete prohibited,client transfer prohibited",rdap,https://opensea.io/blog/articles/opensea-digest-may-5,https://aptoslabs.com/
aptosfoundation.org,org,REGISTERED,2/9/2027,142,Squarespace Domains II LLC,2/9/2022,"client delete prohibited,client transfer prohibited",rdap,https://opensea.io/blog/articles/opensea-digest-november-27-2024,https://aptosfoundation.org/
flappybird.io,io,REGISTERED,2/10/2027,143,"NameCheap, Inc.",2/10/2014,clientTransferProhibited https://icann.org/epp#clientTransferProhibited,whois,https://opensea.io/blog/articles/pixelmon,https://flappybird.io/
stepn.com,com,REGISTERED,2/11/2027,144,"Name.com, Inc.",2/11/2004,client transfer prohibited,rdap,https://opensea.io/blog/articles/5-health-and-wellness-nft-collections-to-watch-in-2024;https://opensea.io/blog/articles/opensea-digest-april-18-2024;https://opensea.io/blog/articles/opensea-digest-august-29-2024,https://stepn.com/
thehug.xyz,xyz,REGISTERED,2/11/2027,144,"GoDaddy.com, LLC",2/11/2022,"client renew prohibited,client transfer prohibited,client update prohibited,client delete prohibited",rdap,https://opensea.io/blog/articles/in-conversation-with-ada-crow,https://thehug.xyz/open-calls/100-photographers-to-watch-2024/submissions/92b2caae-773d-455e-b48c-504ae5c8ebec~2024-05-01T23:23:14.856Z
djmag.com,com,REGISTERED,2/12/2027,144,"Cloudflare, Inc.",2/13/1998,client transfer prohibited,rdap,https://opensea.io/blog/articles/in-conversation-with-inder-phull-of-pixelynx;https://opensea.io/blog/articles/opensea-digest-august-15-2025,https://djmag.com/news/pixelynx-and-beatport-launch-beatkor-ai-generated-music-creation-tool
stonework.co,co,REGISTERED,2/11/2027,144,"GoDaddy.com, LLC",2/11/2022,clientRenewProhibited https://icann.org/epp#clientRenewProhibited,whois,https://opensea.io/blog/articles/live-from-marfa-in-conversation-with-natalie-stone,https://stonework.co/
forms.gle,gle,REGISTERED,2/12/2027,144,MarkMonitor Inc.,2/12/2019,"client delete prohibited,client transfer prohibited,client update prohibited",rdap,https://opensea.io/blog/articles/opensea-digest-august-29-2024,https://forms.gle/bvWSDDHnXP7w1hN67
poteletchabot.com,com,REGISTERED,2/12/2027,144,NETIM SAS,2/13/1998,clientTransferProhibited https://icann.org/epp#clientTransferProhibited,whois,https://opensea.io/blog/articles/opensea-digest-feb-22-2024,https://en.poteletchabot.com/places/pavillon-gabriel/
quantum-art.tech,tech,REGISTERED,2/12/2027,145,"GoDaddy.com, LLC",2/12/2022,"client delete prohibited,client renew prohibited,client update prohibited,client transfer prohibited",rdap,https://opensea.io/blog/articles/in-conversation-with-justin-aversano,https://www.quantum-art.tech/
sfoutsidelands.com,com,REGISTERED,2/12/2027,145,"GoDaddy.com, LLC",2/12/2008,"client delete prohibited,client renew prohibited,client transfer prohibited,client update prohibited",rdap,https://opensea.io/blog/articles/opensea-digest-aug-18-2023,https://sfoutsidelands.com/
heni.com,com,REGISTERED,2/13/2027,146,Gandi SAS,2/13/2000,client transfer prohibited,rdap,https://opensea.io/blog/articles/damien-hirst,https://heni.com/editions/artwork/H10-3
coachella.com,com,REGISTERED,2/14/2027,146,"GoDaddy.com, LLC",2/13/1997,"client delete prohibited,client renew prohibited,client transfer prohibited,client update prohibited",rdap,https://opensea.io/blog/articles/opensea-digest-april-11-2024;https://opensea.io/blog/articles/opensea-digest-march-8-2024,https://quests.coachella.com/
aircanada.com,com,REGISTERED,2/14/2027,147,"CSC Corporate Domains, Inc.",2/14/2001,"client transfer prohibited,server delete prohibited,server transfer prohibited,server update prohibited",rdap,https://opensea.io/blog/articles/in-conversation-with-ilan-derech,https://www.aircanada.com/us/en/aco/home.html
cryptomotors.io,io,REGISTERED,2/14/2027,147,"GoDaddy.com, LLC",2/14/2018,clientDeleteProhibited https://icann.org/epp#clientDeleteProhibited,whois,https://opensea.io/blog/articles/introducing-pixelchain,https://pixelchain.cryptomotors.io/decoder
getgems.io,io,REGISTERED,2/14/2027,147,Porkbun LLC,2/14/2022,clientDeleteProhibited https://icann.org/epp#clientDeleteProhibited,whois,https://opensea.io/blog/articles/opensea-digest-july-24-2025,https://getgems.io/
galeriecharlot.com,com,REGISTERED,2/14/2027,147,OVH sas,2/14/2010,"client delete prohibited,client transfer prohibited",rdap,https://opensea.io/blog/articles/opensea-digest-may-8-2025,https://www.galeriecharlot.com/en
ubs.com,com,REGISTERED,2/16/2027,148,MarkMonitor Inc.,2/15/1993,"client delete prohibited,client transfer prohibited,client update prohibited",rdap,https://opensea.io/blog/articles/art-basel-launches-zero-10-supported-by-opensea;https://opensea.io/blog/articles/opensea-digest-march-12-2026,https://www.ubs.com/
rollingloud.com,com,REGISTERED,2/15/2027,148,"GoDaddy.com, LLC",2/15/2014,"client delete prohibited,client renew prohibited,client transfer prohibited,client update prohibited",rdap,https://opensea.io/blog/articles/in-conversation-with-logik;https://opensea.io/blog/articles/music-nfts,https://www.rollingloud.com/
brightmoments.io,io,REGISTERED,2/17/2027,149,Key-Systems GmbH,2/17/2021,clientDeleteProhibited https://icann.org/epp#clientDeleteProhibited,whois,https://opensea.io/blog/articles/in-conversation-with-ana-maria-caballero;https://opensea.io/blog/articles/in-conversation-with-jeff-davis;https://opensea.io/blog/articles/in-conversation-with-omar-z-robles,https://www.brightmoments.io/
niftyisland.com,com,REGISTERED,2/16/2027,149,"Amazon Registrar, Inc.",2/16/2021,active,rdap,https://opensea.io/blog/articles/opensea-digest-february-20-2025;https://opensea.io/blog/articles/opensea-digest-jan-25-2024;https://opensea.io/blog/articles/opensea-digest-october-17-2024,https://guide.niftyisland.com/nifty-island-dev-roadmap
wkkellogg.com,com,REGISTERED,2/16/2027,149,"CSC Corporate Domains, Inc.",2/16/2005,client transfer prohibited,rdap,https://opensea.io/blog/articles/opensea-digest-september-11-2025,https://www.wkkellogg.com/our-foods/our-brands/froot-loops
erc721.org,org,REGISTERED,2/17/2027,150,Squarespace Domains II LLC,2/17/2018,"client delete prohibited,client transfer prohibited",rdap,https://opensea.io/blog/articles/a-brand-new-marketplace-place-for-ens-names-buy-and-sell-ens-names-on-opensea;https://opensea.io/blog/articles/how-to-create-your-own-marketplace-on-opensea-in-three-minutes-or-less;https://opensea.io/blog/articles/non-fungible-tokens,http://erc721.org/
leegte.org,org,REGISTERED,2/17/2027,150,"DreamHost, LLC",2/17/2000,client transfer prohibited,rdap,https://opensea.io/blog/articles/in-conversation-with-jan-robert-leegte,https://orbits.leegte.org/
gameoffthegrid.com,com,REGISTERED,2/17/2027,150,Hosting Concepts B.V. d/b/a Registrar.eu,2/17/2023,active,rdap,https://opensea.io/blog/articles/off-the-grid-console-gaming-web3-battle-royale;https://opensea.io/blog/articles/opensea-digest-april-11-2024;https://opensea.io/blog/articles/opensea-digest-december-19-2024,https://gameoffthegrid.com/
familleferrando.com,com,REGISTERED,2/17/2027,150,Namebay SAM,2/17/2022,active,rdap,https://opensea.io/blog/articles/opensea-digest-october-17-2024,https://www.familleferrando.com/#!/en/
twitchcon.com,com,REGISTERED,2/17/2027,150,MarkMonitor Inc.,2/17/2014,"client delete prohibited,client transfer prohibited,client update prohibited",rdap,https://opensea.io/blog/articles/opensea-digest-september-26-2024,https://www.twitchcon.com/san-diego-2025/
hispanicheritagemonth.gov,gov,REGISTERED,2/17/2027,150,get.gov,2/6/2009,server transfer prohibited,rdap,https://opensea.io/blog/articles/spotlight-on-hispanic-heritage-month,https://www.hispanicheritagemonth.gov/index.html
nfts.wtf,wtf,REGISTERED,2/17/2027,150,"GoDaddy.com, LLC",2/17/2021,"client delete prohibited,client renew prohibited,client transfer prohibited,client update prohibited",rdap,https://opensea.io/blog/articles/who-is-foodmasku,https://nfts.wtf/artist/foodmasku/
veefriends.com,com,REGISTERED,2/18/2027,151,"GoDaddy.com, LLC",2/18/2021,"client delete prohibited,client renew prohibited,client transfer prohibited,client update prohibited",rdap,https://opensea.io/blog/articles/gary-vaynerchuk;https://opensea.io/blog/articles/in-conversation-with-andy-krainak-president-of-veefriends;https://opensea.io/blog/articles/nft-collectibles,https://blog.veefriends.com/veefriends-partners-with-macys-and-toys-r-us-for-official-figure-and-plush-collectibles-launch-34bd4e5dfbd0
yslbeauty.com,com,REGISTERED,2/19/2027,151,Nameshield SAS,2/19/2007,"client transfer prohibited,client update prohibited",rdap,https://opensea.io/blog/articles/luxury-nfts,https://web3.yslbeauty.com/nightblocks
sega.com,com,REGISTERED,2/19/2027,151,1API GmbH,2/18/1996,"client delete prohibited,client transfer prohibited,client update prohibited",rdap,https://opensea.io/blog/articles/opensea-digest-august-22-2024;https://opensea.io/blog/articles/opensea-digest-jan-25-2024,https://www.sega.com/
objkt.com,com,REGISTERED,2/18/2027,151,"Cloudflare, Inc.",2/18/2016,client transfer prohibited,rdap,https://opensea.io/blog/articles/opensea-digest-may-8-2025,https://objkt.com/
kyunghyuncho.me,me,REGISTERED,2/19/2027,152,"NameCheap, Inc.",2/19/2014,clientTransferProhibited https://icann.org/epp#clientTransferProhibited,whois,https://opensea.io/blog/articles/elman-mansimov,https://kyunghyuncho.me/
theblockcrypto.com,com,REGISTERED,2/19/2027,152,"Cloudflare, Inc.",2/19/2018,client transfer prohibited,rdap,https://opensea.io/blog/articles/gronk-x-medium-rare-x-opensea,https://www.theblockcrypto.com/linked/97691/nfl-rob-gronkowski-nft-collection-opensea
legitimate.tech,tech,REGISTERED,2/19/2027,152,"Cloudflare, Inc.",2/19/2019,client transfer prohibited,rdap,https://opensea.io/blog/articles/music-nfts;https://opensea.io/blog/articles/opensea-digest-july-27-2023,https://www.legitimate.tech/
wax.io,io,REGISTERED,2/19/2027,152,"NameCheap, Inc.",2/19/2011,clientTransferProhibited https://icann.org/epp#clientTransferProhibited,whois,https://opensea.io/blog/articles/this-week-in-web3-and-nfts-maison-margiela-pudgy-penguins-delorean-more,https://www.wax.io/
vacation.inc,inc,REGISTERED,2/20/2027,153,"GoDaddy.com, LLC",2/20/2020,"client renew prohibited,client transfer prohibited,client update prohibited,client delete prohibited",rdap,https://opensea.io/blog/articles/brands-that-started-as-crypto-tokens,https://www.vacation.inc/
songaday.world,world,REGISTERED,2/20/2027,153,Tucows Domains Inc.,2/20/2018,"client transfer prohibited,client update prohibited",rdap,https://opensea.io/blog/articles/in-conversation-with-jonathan-mann,https://songaday.world/
yasmingross.com,com,REGISTERED,2/20/2027,153,1API GmbH,2/20/2015,client transfer prohibited,rdap,https://opensea.io/blog/articles/in-conversation-with-nicola-formichetti,https://www.yasmingross.com/
leafletjs.com,com,REGISTERED,2/21/2027,153,"Internet Invest, Ltd. dba Imena.ua",2/21/2012,client transfer prohibited,rdap,https://opensea.io/blog/articles/interview-arran-schlosberg,https://leafletjs.com/
lumenprize.org,org,REGISTERED,2/20/2027,153,"GoDaddy.com, LLC",2/20/2024,"client delete prohibited,client renew prohibited,client transfer prohibited,client update prohibited",rdap,https://opensea.io/blog/articles/opensea-digest-august-21-2026,https://lumenprize.org/
lightning.network,network,REGISTERED,2/21/2027,154,"GoDaddy.com, LLC",2/21/2015,"client delete prohibited,client renew prohibited,client transfer prohibited,client update prohibited",rdap,https://opensea.io/blog/articles/opensea-digest-july-24-2025,https://lightning.network/
valorantesports.com,com,REGISTERED,2/21/2027,154,MarkMonitor Inc.,2/21/2020,"client delete prohibited,client transfer prohibited,client update prohibited",rdap,https://opensea.io/blog/articles/opensea-digest-may-8-2025,https://valorantesports.com/en-US/
swift.com,com,REGISTERED,2/22/2027,154,MarkMonitor Inc.,2/21/1994,"client delete prohibited,client transfer prohibited,client update prohibited,server delete prohibited,server transfer prohibited,server update prohibited",rdap,https://opensea.io/blog/articles/opensea-digest-october-2-2025,https://www.swift.com/
pflmma.com,com,REGISTERED,2/24/2027,156,"Network Solutions, LLC",2/24/2017,client transfer prohibited,rdap,https://opensea.io/blog/articles/opensea-digest-august-15-2025,https://pflmma.com/
justboredandhungry.com,com,REGISTERED,2/23/2027,156,"NameCheap, Inc.",2/23/2022,client transfer prohibited,rdap,https://opensea.io/blog/articles/opensea-digest-july-13-2023,https://justboredandhungry.com/
now.sh,sh,REGISTERED,2/24/2027,156,"Amazon Registrar, Inc.",2/24/2016,clientTransferProhibited https://icann.org/epp#clientTransferProhibited,whois,https://opensea.io/blog/articles/predict-and-recommend-nfts;https://opensea.io/blog/articles/predicting-ens-domain-value,https://ensowners.takenstheorem.now.sh/
philipcolbert.com,com,REGISTERED,2/25/2027,158,"Network Solutions, LLC",2/25/2014,client transfer prohibited,rdap,https://opensea.io/blog/articles/in-conversation-with-benjamin-white,https://www.philipcolbert.com/
mercoin.com,com,REGISTERED,2/25/2027,158,MarkMonitor Inc.,2/25/2013,"client delete prohibited,client transfer prohibited,client update prohibited",rdap,https://opensea.io/blog/articles/opensea-digest-jan-11-2024,https://about.mercoin.com/en/
ccpgames.com,com,REGISTERED,2/25/2027,158,"Amazon Registrar, Inc.",2/25/2000,clientTransferProhibited https://icann.org/epp#clientTransferProhibited,whois,https://opensea.io/blog/articles/opensea-digest-september-19-2024,https://www.ccpgames.com/news/2024/awake-eternally-as-ccp-games-reveals-eve-frontier
tate.org.uk,uk,REGISTERED,2/27/2027,159,Total Web Solutions Ltd t/a Total Registrations [Tag = TOTALREG],,Registered until expiry date.,whois,https://opensea.io/blog/articles/damien-hirst,https://www.tate.org.uk/art/art-terms/y/young-british-artists-ybas
abstract.so,so,REGISTERED,2/27/2027,159,Dynadot LLC,2/27/2022,active https://icann.org/epp#active,whois,https://opensea.io/blog/articles/in-conversation-with-boredelon,https://abstract.so
theartofpunk.com,com,REGISTERED,2/26/2027,159,"GoDaddy.com, LLC",2/26/2019,"client delete prohibited,client renew prohibited,client transfer prohibited,client update prohibited",rdap,https://opensea.io/blog/articles/in-conversation-with-piv,https://www.theartofpunk.com/
gem.xyz,xyz,REGISTERED,2/26/2027,159,"NameCheap, Inc.",2/26/2021,client transfer prohibited,rdap,https://opensea.io/blog/articles/opensea-acquires-gem-to-invest-in-pro-experience,https://www.gem.xyz/
igloo.shop,shop,REGISTERED,2/26/2027,159,GoDaddy.com LLC,2/26/2023,"client renew prohibited,client transfer prohibited,client update prohibited,client delete prohibited",rdap,https://opensea.io/blog/articles/opensea-digest-february-27-2025,https://igloo.shop/
toledomuseum.org,org,REGISTERED,2/27/2027,159,Tucows Domains Inc.,2/26/1997,active,rdap,https://opensea.io/blog/articles/opensea-digest-july-11-2024;https://opensea.io/blog/articles/opensea-digest-july-24-2025;https://opensea.io/blog/articles/opensea-digest-november-21-2024,https://toledomuseum.org/
discordapp.com,com,REGISTERED,2/26/2027,159,"Cloudflare, Inc.",2/26/2015,"client delete prohibited,client transfer prohibited,client update prohibited,server delete prohibited,server transfer prohibited,server update prohibited",rdap,https://opensea.io/blog/articles/somnium-space-is-coming-to-opensea-a19f093f7142;https://opensea.io/blog/articles/trade-cryptobeasties-on-opensea;https://opensea.io/blog/articles/trade-dyverse-kydys-on-opensea,https://discordapp.com/channels/397566282729390110/434175585745633280
sarahzucker.com,com,REGISTERED,2/26/2027,159,"GoDaddy.com, LLC",2/26/2010,"client delete prohibited,client renew prohibited,client transfer prohibited,client update prohibited",rdap,https://opensea.io/blog/articles/spotlight-on-lgbtqia-pride-month,https://sarahzucker.com/blog/2023/6/7/temporale
blockworks.co,co,REGISTERED,2/27/2027,160,"GoDaddy.com, LLC",2/28/2014,clientRenewProhibited https://icann.org/epp#clientRenewProhibited,whois,https://opensea.io/blog/articles/airline-nfts;https://opensea.io/blog/articles/nft-news-sources-and-how-to-access-them;https://opensea.io/blog/articles/opensea-digest-august-1-2024,https://blockworks.co/
ensemble.art,art,REGISTERED,2/27/2027,160,Squarespace Domains II LLC,2/27/2023,"client transfer prohibited,client delete prohibited",rdap,https://opensea.io/blog/articles/finiliar,https://www.ensemble.art/project/fini-sketches
yuga.com,com,REGISTERED,2/28/2027,160,MarkMonitor Inc.,2/28/2000,"client delete prohibited,client transfer prohibited,client update prohibited",rdap,https://opensea.io/blog/articles/opensea-digest-april-24-2026;https://opensea.io/blog/articles/opensea-digest-april-25-2024;https://opensea.io/blog/articles/opensea-digest-aug-31-2023,https://news.yuga.com/hvmtl-reveal
soneium.org,org,REGISTERED,2/27/2027,160,"Amazon Registrar, Inc.",2/27/2024,active,rdap,https://opensea.io/blog/articles/opensea-digest-february-13-2025;https://opensea.io/blog/articles/opensea-digest-january-17-2025;https://opensea.io/blog/articles/opensea-digest-june-12-2025,https://soneium.org/
edicurial.com,com,REGISTERED,2/27/2027,160,Tucows Domains Inc.,2/27/2017,"client transfer prohibited,client update prohibited",rdap,https://opensea.io/blog/articles/xcopy,https://www.edicurial.com/collection-gallery-1/afterburn-xcopy
sandbox.game,game,REGISTERED,2/28/2027,161,Gandi SAS,2/28/2018,client transfer prohibited,rdap,https://opensea.io/blog/articles/bringing-on-additional-strategic-investors-to-opensea;https://opensea.io/blog/articles/non-fungible-tokens;https://opensea.io/blog/articles/opensea-digest-april-11-2024,https://register-landings.sandbox.game/jurassicworld-pre-register/
korprotocol.io,io,REGISTERED,2/28/2027,161,"Cloudflare, Inc",2/29/2024,clientTransferProhibited https://icann.org/epp#clientTransferProhibited,whois,https://opensea.io/blog/articles/in-conversation-with-inder-phull-of-pixelynx;https://opensea.io/blog/articles/opensea-digest-august-29-2024;https://opensea.io/blog/articles/opensea-digest-may-8-2025,https://www.korprotocol.io/
mlbcryptobaseball.com,com,REGISTERED,2/28/2027,161,"GoDaddy.com, LLC",2/28/2018,"client delete prohibited,client renew prohibited,client transfer prohibited,client update prohibited",rdap,https://opensea.io/blog/articles/mlb-crypto-baseball-figures-for-sale,https://www.mlbcryptobaseball.com/
moonpay.com,com,REGISTERED,2/28/2027,161,"Cloudflare, Inc.",2/28/2010,client transfer prohibited,rdap,https://opensea.io/blog/articles/opensea-digest-april-17-2025;https://opensea.io/blog/articles/opensea-digest-february-27-2026;https://opensea.io/blog/articles/opensea-digest-january-17-2025,https://www.moonpay.com/
welovetheblobs.xyz,xyz,REGISTERED,2/28/2027,161,Gname.com Pte. Ltd.,2/29/2024,client transfer prohibited,rdap,https://opensea.io/blog/articles/opensea-digest-march-14-2024,https://welovetheblobs.xyz/
ufc.com,com,REGISTERED,2/28/2027,161,MarkMonitor Inc.,8/22/1994,"client delete prohibited,client transfer prohibited,client update prohibited,server delete prohibited,server transfer prohibited,server update prohibited",rdap,https://opensea.io/blog/articles/opensea-digest-november-13-2025,https://www.ufc.com/
playriftstorm.com,com,REGISTERED,3/2/2027,162,"NameCheap, Inc.",3/2/2023,client transfer prohibited,rdap,https://opensea.io/blog/articles/opensea-digest-august-22-2024,https://www.playriftstorm.com/
newyorkredbulls.com,com,REGISTERED,3/1/2027,162,"CSC Corporate Domains, Inc.",3/1/2006,client transfer prohibited,rdap,https://opensea.io/blog/articles/opensea-digest-december-12-2024,https://www.newyorkredbulls.com/
chrislevine.com,com,REGISTERED,3/1/2027,162,Tucows Domains Inc.,2/29/2000,"client transfer prohibited,client update prohibited",rdap,https://opensea.io/blog/articles/opensea-digest-jan-25-2024,https://chrislevine.com/
budnitzbicycles.com,com,REGISTERED,3/2/2027,163,Squarespace Domains II LLC,3/2/2011,"client delete prohibited,client transfer prohibited",rdap,https://opensea.io/blog/articles/interview-with-john-orion-young,https://budnitzbicycles.com/
mvfw.org,org,REGISTERED,3/2/2027,163,"NameCheap, Inc.",3/2/2022,client transfer prohibited,rdap,https://opensea.io/blog/articles/opensea-digest-april-17-2025,https://mvfw.org/
nft.storage,storage,REGISTERED,3/3/2027,164,"Cloudflare, Inc.",3/3/2021,client transfer prohibited,rdap,https://opensea.io/blog/articles/decentralizing-nft-metadata-on-opensea,https://api.nft.storage/check/bafkreiem4twkqzsq2aj4shbycd4yvoj2cx72vezicletlhi7dijjciqpui
fazeclan.com,com,REGISTERED,3/3/2027,164,"NameCheap, Inc.",3/3/2011,client transfer prohibited,rdap,https://opensea.io/blog/articles/in-conversation-with-hantao-yuan;https://opensea.io/blog/articles/opensea-digest-september-4-2025,https://fazeclan.com/
joinopenstandard.com,com,REGISTERED,3/3/2027,164,Nom-iq Ltd. dba COM LAUDE,3/3/2026,"client delete prohibited,client transfer prohibited,client update prohibited",rdap,https://opensea.io/blog/articles/opensea-digest-july-2-2026;https://opensea.io/blog/articles/opensea-digest-july-30-2026,https://joinopenstandard.com/
domains.kred,kred,REGISTERED,3/4/2027,165,KredTLD Pty Ltd,3/5/2017,active,rdap,https://opensea.io/blog/articles/kred-auction;https://opensea.io/blog/articles/non-fungible-tokens,http://www.domains.kred/
jilsander.com,com,REGISTERED,3/5/2027,165,Barbero & Associates Limited,3/5/1999,client transfer prohibited,rdap,https://opensea.io/blog/articles/luxury-nfts;https://opensea.io/blog/articles/this-week-in-web3-and-nfts-maison-margiela-pudgy-penguins-delorean-more,https://www.jilsander.com/en-us/
sui.io,io,REGISTERED,3/4/2027,165,"Cloudflare, Inc",3/4/2020,clientTransferProhibited https://icann.org/epp#clientTransferProhibited,whois,https://opensea.io/blog/articles/opensea-digest-april-10-2025;https://opensea.io/blog/articles/opensea-digest-august-14-2026;https://opensea.io/blog/articles/opensea-digest-december-12-2024,https://blog.sui.io/sui-unveils-usdsui-native-stablecoin/
chan.gallery,gallery,REGISTERED,3/6/2027,166,"eNom, LLC",3/6/2021,client transfer prohibited,rdap,https://opensea.io/blog/articles/in-conversation-with-mitchell-f-chan;https://opensea.io/blog/articles/live-from-marfa-in-conversation-with-mitchell-f-chan,https://chan.gallery
near.org,org,REGISTERED,3/6/2027,167,"NameCheap, Inc.",3/6/2000,active,rdap,https://opensea.io/blog/articles/opensea-digest-may-28-2026,https://www.near.org/
newportstreetgallery.com,com,REGISTERED,3/7/2027,168,"CSC Corporate Domains, Inc.",3/7/2013,"server delete prohibited,server transfer prohibited,server update prohibited",rdap,https://opensea.io/blog/articles/damien-hirst,https://www.newportstreetgallery.com/
hexagons.art,art,REGISTERED,3/7/2027,168,"Name.com, Inc.",3/7/2024,"client transfer prohibited,client update prohibited",rdap,https://opensea.io/blog/articles/get-based-with-nix-eth,https://hexagons.art/docs/traits#key
nicolaformichetti.com,com,REGISTERED,3/7/2027,168,"GoDaddy.com, LLC",3/7/2008,"client delete prohibited,client renew prohibited,client transfer prohibited,client update prohibited",rdap,https://opensea.io/blog/articles/in-conversation-with-nicola-formichetti;https://opensea.io/blog/articles/opensea-digest-december-5-2024,https://www.nicolaformichetti.com/
spinamp.xyz,xyz,REGISTERED,3/7/2027,168,Squarespace Domains II LLC,3/7/2022,pending transfer,rdap,https://opensea.io/blog/articles/music-nfts,https://www.spinamp.xyz/
marvel.com,com,REGISTERED,3/8/2027,168,"CSC Corporate Domains, Inc.",3/7/1997,"client transfer prohibited,server delete prohibited,server transfer prohibited,server update prohibited",rdap,https://opensea.io/blog/articles/opensea-digest-march-21-2024,https://www.marvel.com/
vaynermedia.com,com,REGISTERED,3/9/2027,169,"GoDaddy.com, LLC",3/8/2009,"client delete prohibited,client renew prohibited,client transfer prohibited,client update prohibited",rdap,https://opensea.io/blog/articles/gary-vaynerchuk,https://vaynermedia.com/
deslucrece.com,com,REGISTERED,3/8/2027,169,Squarespace Domains LLC,3/8/2021,"client delete prohibited,client transfer prohibited,client update prohibited",rdap,https://opensea.io/blog/articles/in-conversation-with-des-lucrece,https://deslucrece.com/about
vistprojects.com,com,REGISTERED,3/9/2027,169,Cronon GmbH,3/9/2017,active,rdap,https://opensea.io/blog/articles/monaris,https://vistprojects.com/en/monaris-watching-the-world-as-a-movie%EF%BF%BC/
aboutschwab.com,com,REGISTERED,3/8/2027,169,MarkMonitor Inc.,3/8/2000,"client delete prohibited,client transfer prohibited,client update prohibited,server delete prohibited,server transfer prohibited,server update prohibited",rdap,https://opensea.io/blog/articles/opensea-digest-august-28-2026,https://www.aboutschwab.com/joe-vietri
blockchain.com,com,REGISTERED,3/8/2027,169,"Cloudflare, Inc.",3/8/2011,"client delete prohibited,client transfer prohibited,client update prohibited,server delete prohibited,server transfer prohibited,server update prohibited",rdap,https://opensea.io/blog/articles/opensea-digest-december-18-2025,https://blockchain.com
mlsquest.com,com,REGISTERED,3/9/2027,169,"GoDaddy.com, LLC",3/9/2016,"client delete prohibited,client renew prohibited,client transfer prohibited,client update prohibited",rdap,https://opensea.io/blog/articles/opensea-digest-october-31-2024;https://opensea.io/blog/articles/sports-nfts,https://mlsquest.com/
ethmoji.io,io,REGISTERED,3/9/2027,169,Dynadot Inc,3/9/2026,clientTransferProhibited https://icann.org/epp#clientTransferProhibited,whois,https://opensea.io/blog/articles/opensea-raises-2-million,https://ethmoji.io/
emby.media,media,REGISTERED,3/9/2027,170,"GoDaddy.com, LLC",3/9/2015,"client delete prohibited,client renew prohibited,client transfer prohibited,client update prohibited",rdap,https://opensea.io/blog/articles/opensea-digest-feb-8-2024,https://emby.media/
co-museum.com,com,REGISTERED,3/9/2027,170,"NameCheap, Inc.",3/9/2022,client transfer prohibited,rdap,https://opensea.io/blog/articles/opensea-digest-june-13-2024,https://co-museum.com/
novablitz.com,com,REGISTERED,3/9/2027,170,"Name.com, Inc.",3/9/2012,client transfer prohibited,rdap,https://opensea.io/blog/articles/phil-from-cryptogametalk-part-one,https://novablitz.com/
snooppassport.xyz,xyz,REGISTERED,3/10/2027,171,Tucows Domains Inc.,3/10/2023,"client transfer prohibited,client update prohibited",rdap,https://opensea.io/blog/articles/6-artists-who-shaped-the-music-nft-movement;https://opensea.io/blog/articles/opensea-digest-june-16-2023,https://www.snooppassport.xyz/
theseaport.nyc,nyc,REGISTERED,3/10/2027,171,"CSC Corporate Domains, Inc.",3/10/2021,client transfer prohibited,rdap,https://opensea.io/blog/articles/in-conversation-with-cory-haber;https://opensea.io/blog/articles/live-from-marfa-in-conversation-with-ralenarc,https://theseaport.nyc/blog/water-x-digital-art/
pixelynx.io,io,REGISTERED,3/10/2027,171,"NameCheap, Inc.",3/10/2021,clientTransferProhibited https://icann.org/epp#clientTransferProhibited,whois,https://opensea.io/blog/articles/in-conversation-with-inder-phull-of-pixelynx;https://opensea.io/blog/articles/opensea-digest-august-29-2024;https://opensea.io/blog/articles/opensea-digest-feb-15-2024,https://pixelynx.io/
cirrusgallery.com,com,REGISTERED,3/11/2027,171,"Network Solutions, LLC",3/12/1998,client transfer prohibited,rdap,https://opensea.io/blog/articles/jack-butcher,https://www.cirrusgallery.com/about
meshfair.com,com,REGISTERED,3/10/2027,171,Automattic Inc.,3/10/2023,client transfer prohibited,rdap,https://opensea.io/blog/articles/opensea-digest-march-28-2024,https://meshfair.com/
panterxhita.com,com,REGISTERED,3/10/2027,171,"HOSTINGER operations, UAB",3/10/2021,client transfer prohibited,rdap,https://opensea.io/blog/articles/opensea-digest-september-18-2025,https://panterxhita.com/
mumbotworld.com,com,REGISTERED,3/11/2027,171,"NameCheap, Inc.",3/11/2021,client transfer prohibited,rdap,https://opensea.io/blog/articles/spotlight-on-asian-american-and-pacific-islander-heritage-month,https://mumbotworld.com/
bryanbrinkman.com,com,REGISTERED,3/11/2027,172,Tucows Domains Inc.,3/11/2009,"client transfer prohibited,client update prohibited",rdap,https://opensea.io/blog/articles/in-conversation-with-bryan-brinkman;https://opensea.io/blog/articles/opensea-digest-june-11-2026,https://bryanbrinkman.com
lacollection.io,io,REGISTERED,3/11/2027,172,IONOS SE,3/11/2021,ok https://icann.org/epp#ok,whois,https://opensea.io/blog/articles/opensea-digest-aug-4-2023;https://opensea.io/blog/articles/opensea-digest-may-8-2025,http://lacollection.io
emilyxie.art,art,REGISTERED,3/11/2027,172,Tucows Domains Inc.,3/11/2023,"client transfer prohibited,client update prohibited",rdap,https://opensea.io/blog/articles/opensea-digest-august-22-2024;https://opensea.io/blog/articles/opensea-digest-march-6-2025,https://emilyxie.art/
kydlabs.com,com,REGISTERED,3/11/2027,172,"NameCheap, Inc.",3/11/2022,client transfer prohibited,rdap,https://opensea.io/blog/articles/opensea-digest-december-18-2025,https://www.kydlabs.com/
anonyome.com,com,REGISTERED,3/11/2027,172,"Amazon Registrar, Inc.",3/11/2014,client transfer prohibited,rdap,https://opensea.io/blog/articles/opensea-digest-may-1-2025,https://anonyome.com/
playdarkwinds.com,com,REGISTERED,3/12/2027,173,"GoDaddy.com, LLC",3/12/2018,"client delete prohibited,client renew prohibited,client transfer prohibited,client update prohibited",rdap,https://opensea.io/blog/articles/darkwinds-is-launching-with-cards-tradeable-on-the-opensea-marketplace-70f18feef9cd,https://playdarkwinds.com/
haring.com,com,REGISTERED,3/13/2027,173,Corsearch Domains LLC,3/12/1996,"client delete prohibited,client transfer prohibited,client update prohibited,server delete prohibited,server transfer prohibited,server update prohibited",rdap,https://opensea.io/blog/articles/get-based-with-mariela-victoria;https://opensea.io/blog/articles/in-conversation-with-sean-webster;https://opensea.io/blog/articles/opensea-digest-sept-7-2023,https://www.haring.com/
digiday.com,com,REGISTERED,3/12/2027,173,Squarespace Domains II LLC,3/12/2003,"client delete prohibited,client transfer prohibited",rdap,https://opensea.io/blog/articles/opensea-digest-august-29-2024,https://digiday.com/marketing/how-adidas-avatar-launch-signals-the-brands-continued-confidence-in-web3/
cryptostrikers.com,com,REGISTERED,3/13/2027,174,"NameCheap, Inc.",3/13/2018,client transfer prohibited,rdap,https://opensea.io/blog/articles/atomic-bazaar,https://www.cryptostrikers.com/
proofofwork.art,art,REGISTERED,3/13/2027,174,Squarespace Domains II LLC,3/13/2021,"client transfer prohibited,client delete prohibited",rdap,https://opensea.io/blog/articles/interview-arran-schlosberg,https://proofofwork.art/artist-notes/genesis-collection
readyplayer.me,me,REGISTERED,3/13/2027,174,"NameCheap, Inc.",3/13/2017,pendingTransfer https://icann.org/epp#pendingTransfer,whois,https://opensea.io/blog/articles/luxury-nfts;https://opensea.io/blog/articles/maison-margiela-metatabi-boots,https://readyplayer.me/
gamedeveloper.com,com,REGISTERED,3/14/2027,174,SafeNames Ltd.,3/13/1997,"client delete prohibited,client transfer prohibited,client update prohibited",rdap,https://opensea.io/blog/articles/opensea-digest-jan-25-2024,https://www.gamedeveloper.com/production/sega-is-creating-more-web3-titles-based-on-its-popular-franchises-
crypto-news-flash.com,com,REGISTERED,3/13/2027,174,"GoDaddy.com, LLC",3/13/2019,clientDeleteProhibited https://icann.org/epp#clientDeleteProhibited,whois,https://opensea.io/blog/articles/opensea-digest-october-24-2024,https://www.crypto-news-flash.com/moonpay-and-venmo-make-buying-crypto-easier-for-60-million-users/
venturebeat.com,com,REGISTERED,3/14/2027,175,"GoDaddy.com, LLC",3/14/2005,"client delete prohibited,client renew prohibited,client transfer prohibited,client update prohibited",rdap,https://opensea.io/blog/articles/how-atari-club-aims-to-pioneer-web3-powered-brand-loyalty;https://opensea.io/blog/articles/in-conversation-with-sean-pinnock-of-avalon;https://opensea.io/blog/articles/moonrays-unusual-journey-from-comic-books-to-a-futuristic-arena-battler-game,https://venturebeat.com/2019/03/12/forte-and-ripple-form-100-million-fund-for-mainstream-blockchain-games/
bighead.club,club,REGISTERED,3/15/2027,175,Gandi SAS,3/15/2021,client transfer prohibited,rdap,https://opensea.io/blog/articles/in-conversation-with-carly-reilly-overpriced-media,https://www.bighead.club/
claynosaurz.com,com,REGISTERED,3/15/2027,175,"GoDaddy.com, LLC",3/15/2022,"client delete prohibited,client renew prohibited,client transfer prohibited,client update prohibited",rdap,https://opensea.io/blog/articles/in-conversation-with-nobody-sausage;https://opensea.io/blog/articles/in-conversation-with-pranksy;https://opensea.io/blog/articles/nft-collectibles,https://claynosaurz.com/
thewildwithin.xyz,xyz,REGISTERED,3/14/2027,175,Tucows Domains Inc.,3/14/2023,"client transfer prohibited,client update prohibited",rdap,https://opensea.io/blog/articles/in-conversation-with-ryan-koopmans-and-alice-wexell,https://www.thewildwithin.xyz/
superfreak.com,com,REGISTERED,3/15/2027,175,Register SPA,3/16/1998,"client delete prohibited,client transfer prohibited,client update prohibited",rdap,https://opensea.io/blog/articles/in-conversation-with-super-freak,https://www.superfreak.com/personalworks
memeland.com,com,REGISTERED,3/14/2027,175,"Amazon Registrar, Inc.",3/14/2012,client transfer prohibited,rdap,https://opensea.io/blog/articles/memeland,https://www.memeland.com/
labiennale.org,org,REGISTERED,3/15/2027,175,Register SpA,3/15/1999,active,rdap,https://opensea.io/blog/articles/opensea-digest-april-25-2024,https://www.labiennale.org/en
xociety.io,io,REGISTERED,3/16/2027,176,Gandi SAS,3/16/2022,ok https://icann.org/epp#ok,whois,https://opensea.io/blog/articles/opensea-digest-may-8-2025,http://adidas.xociety.io/
spaceblue.club,club,REGISTERED,3/15/2027,176,"GoDaddy.com, LLC",3/15/2022,"client delete prohibited,client transfer prohibited,client renew prohibited,client update prohibited",rdap,https://opensea.io/blog/articles/opensea-digest-sept-29-2023,https://spaceblue.club/projects/lunaprise-mission
tpunks.com,com,REGISTERED,3/16/2027,177,Tucows Domains Inc.,3/16/2021,active,rdap,https://opensea.io/blog/articles/most-expensive-nfts,https://tpunks.com/detail/Tpunks/3442
malihaabidi.com,com,REGISTERED,3/16/2027,177,"NameCheap, Inc.",3/16/2019,client transfer prohibited,rdap,https://opensea.io/blog/articles/opensea-digest-april-30-2026;https://opensea.io/blog/articles/spotlight-on-womens-history-month;https://opensea.io/blog/articles/women-rise-champions-girls-education-vr,https://www.malihaabidi.com/
readyverse.com,com,REGISTERED,3/16/2027,177,"Name.com, Inc.",3/16/2020,client transfer prohibited,rdap,https://opensea.io/blog/articles/opensea-digest-jan-11-2024;https://opensea.io/blog/articles/opensea-digest-march-14-2024;https://opensea.io/blog/articles/opensea-digest-may-8-2025,http://rakutenwallet.readyverse.com
blackbird.xyz,xyz,REGISTERED,3/16/2027,177,"NameCheap, Inc.",3/16/2020,client transfer prohibited,rdap,https://opensea.io/blog/articles/opensea-digest-oct-12-2023,https://www.blackbird.xyz/
makerdao.com,com,REGISTERED,3/17/2027,178,"GoDaddy.com, LLC",3/17/2015,"client delete prohibited,client renew prohibited,client transfer prohibited,client update prohibited",rdap,https://opensea.io/blog/articles/bringing-on-additional-strategic-investors-to-opensea;https://opensea.io/blog/articles/buy-and-sell-crypto-collectibles-with-dai;https://opensea.io/blog/articles/epics-trading-cards,https://makerdao.com/
haleymellin.com,com,REGISTERED,3/17/2027,178,"GoDaddy.com, LLC",3/17/2024,"client delete prohibited,client renew prohibited,client transfer prohibited,client update prohibited",rdap,https://opensea.io/blog/articles/opensea-digest-december-11-2025,https://haleymellin.com/
soulbound.game,game,REGISTERED,3/17/2027,178,"NameCheap, Inc.",3/17/2024,client transfer prohibited,rdap,https://opensea.io/blog/articles/opensea-digest-july-6-2024,https://soulbound.game/
mybff.com,com,REGISTERED,3/17/2027,178,"NameCheap, Inc.",3/17/2003,client transfer prohibited,rdap,https://opensea.io/blog/articles/opensea-digest-oct-5-2023;https://opensea.io/blog/articles/spotlight-on-womens-history-month,https://mybff.com/
warriders.com,com,REGISTERED,3/17/2027,178,"GoDaddy.com, LLC",3/17/2018,"client delete prohibited,client renew prohibited,client transfer prohibited,client update prohibited",rdap,https://opensea.io/blog/articles/partnering-with-war-riders,https://warriders.com/
f1deltatime.com,com,REGISTERED,3/19/2027,179,Nom-iq Ltd. dba COM LAUDE,3/19/2019,"client delete prohibited,client transfer prohibited,client update prohibited,server delete prohibited,server transfer prohibited,server update prohibited",rdap,https://opensea.io/blog/articles/bringing-on-additional-strategic-investors-to-opensea;https://opensea.io/blog/articles/non-fungible-tokens,https://www.f1deltatime.com/
anuquantumoptics.org,org,REGISTERED,3/19/2027,179,"Network Solutions, LLC",3/19/2019,client transfer prohibited,rdap,https://opensea.io/blog/articles/get-based-with-nix-eth,https://anuquantumoptics.org/
bang-olufsen.com,com,REGISTERED,3/19/2027,179,Abion AB,3/18/1996,client transfer prohibited,rdap,https://opensea.io/blog/articles/opensea-digest-april-11-2024,https://www.bang-olufsen.com/en/us
heftgallery.com,com,REGISTERED,3/18/2027,179,"Name.com, Inc.",3/18/2025,client transfer prohibited,rdap,https://opensea.io/blog/articles/opensea-digest-april-24-2025;https://opensea.io/blog/articles/opensea-digest-november-20-2025,https://heftgallery.com/
opencampus.xyz,xyz,REGISTERED,3/18/2027,179,Dynadot Inc,3/18/2023,client transfer prohibited,rdap,https://opensea.io/blog/articles/opensea-digest-july-11-2024,https://www.opencampus.xyz/
noorahealth.org,org,REGISTERED,3/19/2027,179,"NameCheap, Inc.",3/19/2014,client transfer prohibited,rdap,https://opensea.io/blog/articles/save-thousands-of-lives-through-this-nft,https://www.noorahealth.org/
atlassian.com,com,REGISTERED,3/19/2027,180,MarkMonitor Inc.,3/19/2001,"client delete prohibited,client transfer prohibited,client update prohibited",rdap,https://opensea.io/blog/articles/in-conversation-with-trevor-thompson-from-ethos,https://www.atlassian.com/
oncyber.io,io,REGISTERED,3/19/2027,180,"NameCheap, Inc.",3/19/2021,clientTransferProhibited https://icann.org/epp#clientTransferProhibited,whois,https://opensea.io/blog/articles/music-nfts;https://opensea.io/blog/articles/opensea-digest-april-25-2024;https://opensea.io/blog/articles/strongthe-2022-nft-awards-strong,https://oncyber.io/
ibm.com,com,REGISTERED,3/20/2027,180,"CSC Corporate Domains, Inc.",3/19/1986,"client transfer prohibited,server delete prohibited,server transfer prohibited,server update prohibited",rdap,https://opensea.io/blog/articles/opensea-digest-july-13-2023;https://opensea.io/blog/articles/opensea-digest-march-1-2024,https://www.ibm.com/uk-en/campaign/wimbledon
projectwyvern.com,com,REGISTERED,3/21/2027,181,"NameCheap, Inc.",3/21/2017,active,rdap,https://opensea.io/blog/articles/bid-on-your-favorite-crypto-collectibles,https://projectwyvern.com/
benjaminbardou.com,com,REGISTERED,3/20/2027,181,IONOS SE,3/20/2017,client transfer prohibited,rdap,https://opensea.io/blog/articles/bringing-virtual-games-into-the-real-world,https://benjaminbardou.com/
ycombinator.com,com,REGISTERED,3/20/2027,181,Gandi SAS,3/20/2005,client transfer prohibited,rdap,https://opensea.io/blog/articles/memeland,https://www.ycombinator.com/
onbeam.com,com,REGISTERED,3/20/2027,181,"NameCheap, Inc.",3/20/2015,client transfer prohibited,rdap,https://opensea.io/blog/articles/opensea-digest-dec-13-2023,https://onbeam.com/
disney.com,com,REGISTERED,3/22/2027,182,"CSC Corporate Domains, Inc.",3/21/1990,"client transfer prohibited,server delete prohibited,server transfer prohibited,server update prohibited",rdap,https://opensea.io/blog/articles/in-conversation-with-darran-garnham,https://toystory.disney.com/
zeiss.com,com,REGISTERED,3/22/2027,182,Key-Systems GmbH,3/21/1995,client transfer prohibited,rdap,https://opensea.io/blog/articles/in-conversation-with-ilan-derech,https://www.zeiss.com/corporate/us/home.html
cooprecords.xyz,xyz,REGISTERED,3/21/2027,182,Squarespace Domains II LLC,3/21/2022,"client transfer prohibited,client delete prohibited",rdap,https://opensea.io/blog/articles/opensea-digest-february-13-2025,https://www.cooprecords.xyz/
zindagitrust.org,org,REGISTERED,3/21/2027,182,"GoDaddy.com, LLC",3/21/2002,"client delete prohibited,client renew prohibited,client transfer prohibited,client update prohibited",rdap,https://opensea.io/blog/articles/women-rise-champions-girls-education-vr,https://www.zindagitrust.org/
openbuilds.com,com,REGISTERED,3/22/2027,183,"Cloudflare, Inc.",3/22/2012,client transfer prohibited,rdap,https://opensea.io/blog/articles/in-conversation-with-cory-haber,https://openbuilds.com/
finalbosu.com,com,REGISTERED,3/22/2027,183,InterNetX GmbH,3/22/2021,client transfer prohibited,rdap,https://opensea.io/blog/articles/in-conversation-with-kevin-van-de-luitgaarden-of-finalbosu,https://finalbosu.com/
auraconsortium.com,com,REGISTERED,3/22/2027,183,Key-Systems GmbH,3/22/2019,client transfer prohibited,rdap,https://opensea.io/blog/articles/luxury-nfts;https://opensea.io/blog/articles/maison-margiela-metatabi-boots;https://opensea.io/blog/articles/this-week-in-web3-and-nfts-maison-margiela-pudgy-penguins-delorean-more,https://auraconsortium.com/
fwbfest.xyz,xyz,REGISTERED,3/22/2027,183,Dynadot Inc,3/22/2023,client transfer prohibited,rdap,https://opensea.io/blog/articles/opensea-at-fwb-fest-2023;https://opensea.io/blog/articles/opensea-digest-july-27-2023,https://www.fwbfest.xyz/
oldmasterq.com,com,REGISTERED,3/23/2027,183,Tucows Domains Inc.,3/23/1999,"client transfer prohibited,client update prohibited",rdap,https://opensea.io/blog/articles/opensea-digest-jan-18-2023,https://www.oldmasterq.com/
mypethooligangame.com,com,REGISTERED,3/22/2027,183,"GoDaddy.com, LLC",3/22/2023,"client delete prohibited,client renew prohibited,client transfer prohibited,client update prohibited",rdap,https://opensea.io/blog/articles/opensea-digest-march-20-2025,https://www.mypethooligangame.com/
ainvest.com,com,REGISTERED,3/22/2027,183,"GoDaddy.com, LLC",3/22/2016,"client delete prohibited,client renew prohibited,client transfer prohibited,client update prohibited",rdap,https://opensea.io/blog/articles/opensea-digest-october-16-2025,https://www.ainvest.com/news/monad-distributes-600-000-soulbound-nfts-reward-loyal-followers-2503/
usdc.com,com,REGISTERED,3/22/2027,183,"Amazon Registrar, Inc.",11/23/1999,client transfer prohibited,rdap,https://opensea.io/blog/articles/stablecoins-for-consumers,https://www.usdc.com/learn/what-is-usdc
breakingt.com,com,REGISTERED,3/24/2027,184,"GoDaddy.com, LLC",3/24/2014,"client delete prohibited,client renew prohibited,client transfer prohibited,client update prohibited",rdap,https://opensea.io/blog/articles/harrison-bader-rare-nft-series,https://breakingt.com/
minniemuse.com,com,REGISTERED,3/23/2027,184,"GoDaddy.com, LLC",3/23/2010,"client delete prohibited,client renew prohibited,client transfer prohibited,client update prohibited",rdap,https://opensea.io/blog/articles/in-conversation-with-mmerchs-colby-mugrabi,https://www.minniemuse.com/
prohibition.art,art,REGISTERED,3/23/2027,184,Squarespace Domains II LLC,3/23/2023,"client transfer prohibited,client delete prohibited",rdap,https://opensea.io/blog/articles/opensea-digest-aug-24-2023,https://prohibition.art/
buttercms.com,com,REGISTERED,3/24/2027,185,"Amazon Registrar, Inc.",3/24/2015,client transfer prohibited,rdap,https://opensea.io/blog/articles/in-conversation-with-alice-delahunt-of-syky,https://cdn.buttercms.com/XJdltBTSNW3kuwiVCqJU
plastikman.com,com,REGISTERED,3/25/2027,185,"Wild West Domains, LLC",3/26/1998,"client delete prohibited,client renew prohibited,client transfer prohibited,client update prohibited",rdap,https://opensea.io/blog/articles/in-conversation-with-inder-phull-of-pixelynx,https://www.plastikman.com/
delabs.xyz,xyz,REGISTERED,3/24/2027,185,"Cloudflare, Inc.",3/24/2022,client transfer prohibited,rdap,https://opensea.io/blog/articles/opensea-digest-aug-10-2023;https://opensea.io/blog/articles/opensea-digest-aug-18-2023;https://opensea.io/blog/articles/opensea-digest-oct-20-2023,https://delabs.xyz/
m0.org,org,REGISTERED,3/24/2027,185,"GoDaddy.com, LLC",3/24/2001,"client delete prohibited,client renew prohibited,client transfer prohibited,client update prohibited",rdap,https://opensea.io/blog/articles/opensea-digest-august-28-2025,https://www.m0.org/
squarespace.com,com,REGISTERED,3/25/2027,186,MarkMonitor Inc.,3/25/2003,"client delete prohibited,client transfer prohibited,client update prohibited,server delete prohibited,server transfer prohibited,server update prohibited",rdap,https://opensea.io/blog/articles/in-conversation-with-all-seeing-seneca-on-the-day-we-witnessed-creation,https://allseeingseneca.squarespace.com/delirium
superrare.com,com,REGISTERED,3/25/2027,186,"NameCheap, Inc.",3/25/2007,"client transfer prohibited,client update prohibited",rdap,https://opensea.io/blog/articles/in-conversation-with-all-seeing-seneca-on-the-day-we-witnessed-creation;https://opensea.io/blog/articles/in-conversation-with-jeff-davis;https://opensea.io/blog/articles/infiniteyay,https://superrare.com/
artifex.art,art,REGISTERED,3/25/2027,186,Gandi SAS,3/25/2021,client transfer prohibited,rdap,https://opensea.io/blog/articles/in-conversation-with-roger-dickerman,https://artifex.art/
andymurray.com,com,REGISTERED,3/25/2027,186,Gname 436 Inc,3/25/2026,client transfer prohibited,rdap,https://opensea.io/blog/articles/opensea-digest-july-13-2023,https://www.andymurray.com/
poetrysocietyny.org,org,REGISTERED,3/26/2027,186,Tucows Domains Inc.,3/26/2012,active,rdap,https://opensea.io/blog/articles/opensea-digest-july-6-2024,https://poetrysocietyny.org/
blackgirlscode.com,com,REGISTERED,3/26/2027,186,Tucows Domains Inc.,3/26/2011,"client transfer prohibited,client update prohibited",rdap,https://opensea.io/blog/articles/stop-aapi-hate-daz-3d-the-diigitals-and-a-groundbreaking-nft,https://www.blackgirlscode.com/
newart.city,city,REGISTERED,3/27/2027,187,GoDaddy Online Services Cayman Islands Ltd.,3/27/2020,"client delete prohibited,client renew prohibited,client transfer prohibited,client update prohibited",rdap,https://opensea.io/blog/articles/edition365-a-portrait-of-the-year-that-changed-everything,http://newart.city/
bigcoin.tech,tech,REGISTERED,3/26/2027,187,"Cloudflare, Inc.",3/26/2025,client transfer prohibited,rdap,https://opensea.io/blog/articles/in-conversation-with-boredelon,http://bigcoin.tech/
makcenterarchive.org,org,REGISTERED,3/26/2027,187,"GoDaddy.com, LLC",3/26/2005,"client delete prohibited,client renew prohibited,client transfer prohibited,client update prohibited",rdap,https://opensea.io/blog/articles/monica-rizzolli,https://www.makcenterarchive.org/artist/gallery/id/215/
fahrenheit88.com,com,REGISTERED,3/26/2027,187,Web Commerce Communications Limited dba WebNic.cc,3/26/2010,active,rdap,https://opensea.io/blog/articles/opensea-digest-jan-18-2023,https://www.fahrenheit88.com/
walkerlabs.io,io,REGISTERED,3/26/2027,187,"GoDaddy.com, LLC",3/26/2022,clientDeleteProhibited https://icann.org/epp#clientDeleteProhibited,whois,https://opensea.io/blog/articles/opensea-digest-march-14-2024,https://walkerlabs.io/
operator.la,la,REGISTERED,3/27/2027,188,"eNom, Inc.",3/27/2016,clientTransferProhibited https://icann.org/epp#clientTransferProhibited,whois,https://opensea.io/blog/articles/in-conversation-with-ana-maria-caballero;https://opensea.io/blog/articles/opensea-digest-july-16-2026;https://opensea.io/blog/articles/opensea-digest-july-24-2025,https://www.operator.la/
evilmadscientist.com,com,REGISTERED,3/27/2027,188,"Name.com, Inc.",3/27/2003,client transfer prohibited,rdap,https://opensea.io/blog/articles/in-conversation-with-cory-haber,https://shop.evilmadscientist.com/productsmenu/846
doublejump.tokyo,tokyo,REGISTERED,3/27/2027,188,"GMO Internet Group, Inc.",3/27/2018,active,rdap,https://opensea.io/blog/articles/opensea-digest-may-1-2025,https://www.doublejump.tokyo/en
b3.fun,fun,REGISTERED,3/28/2027,189,"GoDaddy.com, LLC",3/28/2024,"client transfer prohibited,client renew prohibited,client update prohibited,client delete prohibited",rdap,https://opensea.io/blog/articles/announcing-b3-chain-on-opensea;https://opensea.io/blog/articles/opensea-digest-february-27-2025;https://opensea.io/blog/articles/opensea-digest-march-6-2025,https://www.b3.fun/
katebartondesign.com,com,REGISTERED,3/28/2027,189,Tucows Domains Inc.,3/28/2018,"client transfer prohibited,client update prohibited",rdap,https://opensea.io/blog/articles/in-conversation-with-nicola-formichetti;https://opensea.io/blog/articles/opensea-digest-december-5-2024,https://katebartondesign.com/
forgottenartifacts.io,io,REGISTERED,3/29/2027,189,"Cloudflare, Inc",3/29/2019,clientTransferProhibited https://icann.org/epp#clientTransferProhibited,whois,https://opensea.io/blog/articles/non-fungible-tokens,https://forgottenartifacts.io/
joingrapes.com,com,REGISTERED,3/29/2027,190,"GoDaddy.com, LLC",3/29/2023,"client delete prohibited,client renew prohibited,client transfer prohibited,client update prohibited",rdap,https://opensea.io/blog/articles/dan-beasley-grapes,https://www.joingrapes.com/grape-games/grape-drop
stjude.org,org,REGISTERED,3/30/2027,190,"CSC Corporate Domains, Inc.",3/29/1989,"server delete prohibited,client transfer prohibited,server transfer prohibited,server update prohibited",rdap,https://opensea.io/blog/articles/in-conversation-with-mlow;https://opensea.io/blog/articles/opensea-digest-december-12-2024,https://www.stjude.org/
sfgate.com,com,REGISTERED,3/30/2027,190,"CSC Corporate Domains, Inc.",3/29/1994,"client transfer prohibited,server delete prohibited,server transfer prohibited,server update prohibited",rdap,https://opensea.io/blog/articles/in-conversation-with-yiying-lu,https://www.sfgate.com/local/article/Boba-tea-emoji-designer-Yiying-Lu-SF-14487429.php
otherside.xyz,xyz,REGISTERED,3/29/2027,190,MarkMonitor Inc.,3/29/2020,"client transfer prohibited,client update prohibited,client delete prohibited",rdap,https://opensea.io/blog/articles/opensea-digest-april-24-2026;https://opensea.io/blog/articles/opensea-digest-aug-31-2023;https://opensea.io/blog/articles/opensea-digest-august-1-2024,https://kodapendant.otherside.xyz/
travelx.io,io,REGISTERED,3/30/2027,191,Gandi SAS,3/30/2018,clientTransferProhibited https://icann.org/epp#clientTransferProhibited,whois,https://opensea.io/blog/articles/airline-nfts,https://www.travelx.io/
atari.com,com,REGISTERED,3/31/2027,191,"CSC Corporate Domains, Inc.",4/1/1998,"server delete prohibited,server transfer prohibited,server update prohibited",rdap,https://opensea.io/blog/articles/how-atari-club-aims-to-pioneer-web3-powered-brand-loyalty;https://opensea.io/blog/articles/opensea-digest-august-15-2024;https://opensea.io/blog/articles/opensea-digest-july-25-2024,http://atari.com
swoosh.nike,nike,REGISTERED,3/31/2027,192,"Nike, Inc.",3/31/2022,active,rdap,https://opensea.io/blog/articles/fashion-nfts;https://opensea.io/blog/articles/opensea-digest-april-28;https://opensea.io/blog/articles/opensea-digest-july-27-2023,https://blog.swoosh.nike/how-to-use-your-3d-files-4add5a16ba2d
coreldraw.com,com,REGISTERED,4/1/2027,192,MarkMonitor Inc.,3/31/1997,"client delete prohibited,client transfer prohibited,client update prohibited",rdap,https://opensea.io/blog/articles/live-from-marfa-in-conversation-with-harvey-rayner,https://www.coreldraw.com/en/
beautyindependent.com,com,REGISTERED,4/1/2027,193,"GoDaddy.com, LLC",4/1/2016,"client delete prohibited,client renew prohibited,client transfer prohibited,client update prohibited",rdap,https://opensea.io/blog/articles/brands-that-started-as-crypto-tokens,https://www.beautyindependent.com/vmg-partners-backing-vacation-follow-sun-bum-path-exit/
nianticlabs.com,com,REGISTERED,4/1/2027,193,Squarespace Domains II LLC,4/1/2012,"client delete prohibited,client transfer prohibited",rdap,https://opensea.io/blog/articles/bringing-virtual-games-into-the-real-world,https://nianticlabs.com/blog/real-world-metaverse/
binance.com,com,REGISTERED,4/1/2027,193,MarkMonitor Inc.,4/1/2017,"client delete prohibited,client transfer prohibited,client update prohibited,server delete prohibited,server transfer prohibited,server update prohibited",rdap,https://opensea.io/blog/articles/how-to-fund-metamask-with-eth;https://opensea.io/blog/articles/in-conversation-with-colin-and-david-of-pieverse,https://www.binance.com/en/blog/p2p/how-to-send-crypto-to-family-and-friends-worldwide-using-binance-p2p-421499824684902082
fortris.com,com,REGISTERED,4/1/2027,193,Dynadot Inc,4/1/2003,client transfer prohibited,rdap,https://opensea.io/blog/articles/in-conversation-with-antonia-roupell-of-save-the-children,https://www.fortris.com/about-us
superrare.co,co,REGISTERED,4/1/2027,193,"NameCheap, Inc.",4/1/2018,clientTransferProhibited https://icann.org/epp#clientTransferProhibited,whois,https://opensea.io/blog/articles/non-fungible-tokens;https://opensea.io/blog/articles/predict-and-recommend-nfts,https://superrare.co/
23andme.com,com,REGISTERED,4/2/2027,193,MarkMonitor Inc.,4/2/2006,"client delete prohibited,client transfer prohibited,client update prohibited",rdap,https://opensea.io/blog/articles/opensea-digest-april-3-2025,https://www.23andme.com/
nftinsider.io,io,REGISTERED,4/1/2027,193,IONOS SE,4/1/2021,clientTransferProhibited https://icann.org/epp#clientTransferProhibited,whois,https://opensea.io/blog/articles/opensea-digest-august-22-2024;https://opensea.io/blog/articles/opensea-digest-january-9-2025;https://opensea.io/blog/articles/opensea-digest-june-21-2024,https://nftinsider.io/
flybondi.com,com,REGISTERED,4/2/2027,194,"GoDaddy.com, LLC",4/2/2016,"client delete prohibited,client renew prohibited,client transfer prohibited,client update prohibited",rdap,https://opensea.io/blog/articles/airline-nfts,https://blog.flybondi.com/post/que-es-el-ticket-3-0
parisphoto.com,com,REGISTERED,4/3/2027,194,"CSC Corporate Domains, Inc.",4/2/1997,client transfer prohibited,rdap,https://opensea.io/blog/articles/elman-mansimov,https://www.parisphoto.com/en-gb.html
paskalclothes.com,com,REGISTERED,4/2/2027,194,"Internet Invest, Ltd. dba Imena.ua",4/2/2013,client transfer prohibited,rdap,https://opensea.io/blog/articles/in-conversation-with-alice-delahunt-of-syky,https://www.paskalclothes.com/en-us
sonypictures.com,com,REGISTERED,4/3/2027,194,MarkMonitor Inc.,4/2/1997,"client delete prohibited,client transfer prohibited,client update prohibited,server delete prohibited,server transfer prohibited,server update prohibited",rdap,https://opensea.io/blog/articles/opensea-digest-september-12-2024;https://opensea.io/blog/articles/welcoming-the-godfather-to-opensea,https://www.sonypictures.com/
goatgaming.com,com,REGISTERED,4/2/2027,194,Gandi SAS,4/2/2017,client transfer prohibited,rdap,https://opensea.io/blog/articles/this-week-in-web3-and-nfts-mmerch-parallel-goat-gaming-more,https://goatgaming.com/
cryptogoods.co,co,REGISTERED,4/3/2027,195,Dynadot Inc,4/3/2018,clientTransferProhibited https://icann.org/epp#clientTransferProhibited,whois,https://opensea.io/blog/articles/bid-on-your-favorite-crypto-collectibles;https://opensea.io/blog/articles/cryptotickets-erc721-tickets,https://cryptogoods.co/
tribute-brand.com,com,REGISTERED,4/3/2027,195,Squarespace Domains II LLC,4/3/2020,"client delete prohibited,client transfer prohibited",rdap,https://opensea.io/blog/articles/opensea-digest-december-19-2024,https://www.tribute-brand.com/
installation-international.com,com,REGISTERED,4/3/2027,195,Lexsynergy Limited,4/3/2012,"client delete prohibited,client transfer prohibited,client update prohibited",rdap,https://opensea.io/blog/articles/opensea-digest-february-6-2025,https://www.installation-international.com/business/ise/absen-and-refik-anadol-to-unveil-ai-art-installation
adorama.com,com,REGISTERED,4/4/2027,195,"eNom, LLC",4/3/1996,client transfer prohibited,rdap,https://opensea.io/blog/articles/oveck-reyes,https://www.adorama.com/
labusinessjournal.com,com,REGISTERED,4/5/2027,196,"Network Solutions, LLC",4/5/1999,client transfer prohibited,rdap,https://opensea.io/blog/articles/complexity-gamings-bold-pivot-to-web3-gaming,https://labusinessjournal.com/technology/faze/
alphauniverse.com,com,REGISTERED,4/5/2027,196,"CSC Corporate Domains, Inc.",4/4/1996,client transfer prohibited,rdap,https://opensea.io/blog/articles/monaris,https://alphauniverse.com/stories/what-s-in-my-bag--street-photographer-s-workhorse-cameras--zooms-and-primes/
skymavis.com,com,REGISTERED,4/4/2027,196,"Cloudflare, Inc.",4/4/2019,client transfer prohibited,rdap,https://opensea.io/blog/articles/opensea-digest-august-21-2025;https://opensea.io/blog/articles/opensea-digest-august-8-2024;https://opensea.io/blog/articles/opensea-digest-february-20-2025,https://skymavis.com/
rarity.tools,tools,REGISTERED,4/5/2027,197,"Cloudflare, Inc",4/5/2021,client transfer prohibited,rdap,https://opensea.io/blog/articles/opensea-digest-sept-21-2023,https://rarity.tools/
azuki.com,com,REGISTERED,4/6/2027,198,Squarespace Domains II LLC,4/6/2010,"client delete prohibited,client transfer prohibited",rdap,https://opensea.io/blog/articles/in-conversation-with-zagabond-of-azuki;https://opensea.io/blog/articles/opensea-digest-august-15-2025;https://opensea.io/blog/articles/opensea-digest-december-19-2024,https://h-moser.azuki.com/
nftlately.com,com,REGISTERED,4/7/2027,198,Bluehost Inc.,4/7/2021,active,rdap,https://opensea.io/blog/articles/nft-news-sources-and-how-to-access-them,https://nftlately.com/
hivemind.capital,capital,REGISTERED,4/6/2027,198,"GoDaddy.com, LLC",4/6/2022,"client delete prohibited,client renew prohibited,client transfer prohibited,client update prohibited",rdap,https://opensea.io/blog/articles/opensea-digest-november-7-2024,https://www.hivemind.capital/
movingimage.org,org,REGISTERED,4/6/2027,198,"NameCheap, Inc.",4/6/2020,client transfer prohibited,rdap,https://opensea.io/blog/articles/opensea-digest-october-30-2025,https://movingimage.org/
schwab.com,com,REGISTERED,4/8/2027,199,MarkMonitor Inc.,4/7/1993,"client delete prohibited,client transfer prohibited,client update prohibited,server delete prohibited,server transfer prohibited,server update prohibited",rdap,https://opensea.io/blog/articles/opensea-digest-august-28-2026,https://www.schwab.com/
rivals.game,game,REGISTERED,4/7/2027,199,Dynadot Inc,4/7/2022,client transfer prohibited,rdap,https://opensea.io/blog/articles/opensea-digest-may-22-2025;https://opensea.io/blog/articles/opensea-digest-oct-12-2023;https://opensea.io/blog/articles/opensea-digest-sept-29-2023,https://fifa.rivals.game/
circle.com,com,REGISTERED,4/9/2027,200,Gandi SAS,4/9/1999,client transfer prohibited,rdap,https://opensea.io/blog/articles/buy-and-sell-crypto-collectibles-with-usdc;https://opensea.io/blog/articles/opensea-digest-august-15-2025;https://opensea.io/blog/articles/opensea-digest-august-28-2025,https://usdc.circle.com/
thefabricant.com,com,REGISTERED,4/8/2027,200,Tucows Domains Inc.,4/8/2017,"client transfer prohibited,client update prohibited",rdap,https://opensea.io/blog/articles/luxury-nfts;https://opensea.io/blog/articles/maison-margiela-metatabi-boots;https://opensea.io/blog/articles/opensea-digest-jan-4-2024,https://www.thefabricant.com/
goblintown.com,com,REGISTERED,4/8/2027,200,"GoDaddy.com, LLC",4/8/2013,"client delete prohibited,client renew prohibited,client transfer prohibited,client update prohibited",rdap,https://opensea.io/blog/articles/opensea-digest-april-24-2025;https://opensea.io/blog/articles/opensea-digest-february-13-2025;https://opensea.io/blog/articles/opensea-digest-july-10-2025,https://goblintown.com/
figma.com,com,REGISTERED,4/10/2027,201,"Amazon Registrar, Inc.",4/10/1999,client transfer prohibited,rdap,https://opensea.io/blog/articles/get-based-with-mariela-victoria,https://www.figma.com/
zisk.technology,technology,REGISTERED,4/9/2027,201,"eNom, LLC",4/9/2025,client transfer prohibited,rdap,https://opensea.io/blog/articles/opensea-digest-april-9-2026,https://zisk.technology/
stepngo.com,com,REGISTERED,4/9/2027,201,"GoDaddy.com, LLC",4/9/2013,"client delete prohibited,client renew prohibited,client transfer prohibited,client update prohibited",rdap,https://opensea.io/blog/articles/opensea-digest-december-5-2024,https://stepngo.com/
guildofguardians.com,com,REGISTERED,4/10/2027,201,"Amazon Registrar, Inc.",4/10/2020,client transfer prohibited,rdap,https://opensea.io/blog/articles/opensea-digest-feb-1-2024;https://opensea.io/blog/articles/opensea-digest-may-23-2024;https://opensea.io/blog/articles/opensea-digest-october-17-2024,https://www.guildofguardians.com/
catawiki.com,com,REGISTERED,4/10/2027,202,Gandi SAS,4/10/2007,"client transfer prohibited,server delete prohibited,server transfer prohibited,server update prohibited",rdap,https://opensea.io/blog/articles/insights-on-coindesk-s-10-most-influential-nfts,https://www.catawiki.com/stories/4461-the-top-10-most-expensive-stamps-in-the-world
hltv.org,org,REGISTERED,4/11/2027,203,EuroDNS S.A.,4/11/2002,client transfer prohibited,rdap,https://opensea.io/blog/articles/complexity-gamings-bold-pivot-to-web3-gaming,https://www.hltv.org/news/38381/jason-lake-led-investor-group-acquires-complexity-from-gamesquare
deekaykwon.com,com,REGISTERED,4/12/2027,203,Tucows Domains Inc.,4/12/2016,"client transfer prohibited,client update prohibited",rdap,https://opensea.io/blog/articles/in-conversation-with-deekay,https://deekaykwon.com/deekay
mlarino.com,com,REGISTERED,4/11/2027,203,"Go France Domains, LLC",4/11/2023,active,rdap,https://opensea.io/blog/articles/in-conversation-with-manuel-larino,https://mlarino.com/
9gag.com,com,REGISTERED,4/12/2027,203,"Name.com, Inc.",4/12/2008,client transfer prohibited,rdap,https://opensea.io/blog/articles/memeland,https://9gag.com/
daznboxing.io,io,REGISTERED,4/13/2027,204,Gandi SAS,4/13/2021,clientTransferProhibited https://icann.org/epp#clientTransferProhibited,whois,https://opensea.io/blog/articles/dazns-face-the-fearless-highlights-from-canelos-latest-knockout,http://daznboxing.io/
opera.com,com,REGISTERED,4/14/2027,205,NameWeb BVBA,4/14/1999,"client transfer prohibited,server delete prohibited,server transfer prohibited,server update prohibited",rdap,https://opensea.io/blog/articles/bringing-on-additional-strategic-investors-to-opensea;https://opensea.io/blog/articles/opera-and-opensea-collaborate,https://www.opera.com/
ninfa.io,io,REGISTERED,4/14/2027,206,Key-Systems GmbH,4/14/2021,clientDeleteProhibited https://icann.org/epp#clientDeleteProhibited,whois,https://opensea.io/blog/articles/in-conversation-with-roger-dickerman,https://lunatics.ninfa.io/
nftevening.com,com,REGISTERED,4/14/2027,206,"NameCheap, Inc.",4/14/2021,client transfer prohibited,rdap,https://opensea.io/blog/articles/julie-pacino;https://opensea.io/blog/articles/nft-news-sources-and-how-to-access-them;https://opensea.io/blog/articles/opensea-digest-aug-31-2023,https://nftevening.com/
oneof.com,com,REGISTERED,4/14/2027,206,"NameCheap, Inc.",4/14/2003,client transfer prohibited,rdap,https://opensea.io/blog/articles/live-from-marfa-in-conversation-with-jimena-buena-vida,https://www.oneof.com/app/nft/a7b9f367-cb21-4a29-9037-57778bb1489f/24a742ea-a626-45f5-ba52-faa02d7e44ce/auction
ea.com,com,REGISTERED,4/15/2027,206,"CSC Corporate Domains, Inc.",4/14/1993,"client transfer prohibited,server delete prohibited,server transfer prohibited,server update prohibited",rdap,https://opensea.io/blog/articles/opensea-digest-june-2-2023;https://opensea.io/blog/articles/shrapnels-lock-and-load-plan-for-dominating-gaming-with-a-web3-extraction-shooter;https://opensea.io/blog/articles/sports-nfts,https://www.ea.com/
mezcalamaras.com,com,REGISTERED,4/15/2027,206,"GoDaddy.com, LLC",4/15/2014,"client delete prohibited,client renew prohibited,client transfer prohibited,client update prohibited",rdap,https://opensea.io/blog/articles/opensea-digest-october-17-2024,https://mezcalamaras.com/en
rotofugi.com,com,REGISTERED,4/14/2027,206,"DreamHost, LLC",4/14/2004,client transfer prohibited,rdap,https://opensea.io/blog/articles/spotlight-on-asian-american-and-pacific-islander-heritage-month,https://rotofugi.com/blogs/news/march-exhibit-mumbot
artnews.com,com,REGISTERED,4/16/2027,207,MarkMonitor Inc.,4/17/1998,"client delete prohibited,client transfer prohibited,client update prohibited",rdap,https://opensea.io/blog/articles/in-conversation-with-jeff-davis;https://opensea.io/blog/articles/opensea-digest-april-25-2024;https://opensea.io/blog/articles/opensea-digest-november-14-2024,https://www.artnews.com/art-news/artists/venice-biennale-sam-spratt-art-exhibition-monument-game-nfts-1234703518/
marcinignac.com,com,REGISTERED,4/15/2027,207,NetArt Registrar Sp. z o.o.,4/15/2009,active,rdap,https://opensea.io/blog/articles/in-conversation-with-orkhan-mammadov,http://marcinignac.com/
burrrs.com,com,REGISTERED,4/15/2027,207,DropCatch.com 1531 LLC,4/15/2026,client transfer prohibited,rdap,https://opensea.io/blog/articles/opensea-digest-february-27-2025,https://burrrs.com/
escapeintolife.com,com,REGISTERED,4/16/2027,208,Tucows Domains Inc.,4/16/2005,"client transfer prohibited,client update prohibited",rdap,https://opensea.io/blog/articles/in-conversation-with-dave-van-patten,https://www.escapeintolife.com/art-reviews/heinz-edelmann/
solana.com,com,REGISTERED,4/17/2027,208,"Cloudflare, Inc.",4/16/1993,client transfer prohibited,rdap,https://opensea.io/blog/articles/in-conversation-with-inder-phull-of-pixelynx;https://opensea.io/blog/articles/opensea-digest-april-10-2025;https://opensea.io/blog/articles/opensea-digest-december-11-2025,https://forum.solana.com/t/simd-0326-proposal-for-the-new-alpenglow-consensus-protocol/4236
studiologik.io,io,REGISTERED,4/16/2027,208,"NameCheap, Inc.",4/16/2026,clientTransferProhibited https://icann.org/epp#clientTransferProhibited,whois,https://opensea.io/blog/articles/in-conversation-with-logik,https://www.studiologik.io/
makersplace.com,com,REGISTERED,4/17/2027,209,"Amazon Registrar, Inc.",4/17/2012,active,rdap,https://opensea.io/blog/articles/a-month-of-rare-digital-art-from-makersplace;https://opensea.io/blog/articles/infiniteyay;https://opensea.io/blog/articles/non-fungible-tokens,https://makersplace.com/
johnorionyoung.com,com,REGISTERED,4/17/2027,209,Porkbun LLC,4/17/2009,"client delete prohibited,client transfer prohibited",rdap,https://opensea.io/blog/articles/interview-with-john-orion-young,http://www.johnorionyoung.com/
mintbase.io,io,REGISTERED,4/18/2027,209,"NameCheap, Inc.",4/18/2019,clientTransferProhibited https://icann.org/epp#clientTransferProhibited,whois,https://opensea.io/blog/articles/introducing-the-collection-manager;https://opensea.io/blog/articles/non-fungible-tokens,https://mintbase.io/
quanticfoundry.com,com,REGISTERED,4/17/2027,209,"DreamHost, LLC",4/17/2015,client transfer prohibited,rdap,https://opensea.io/blog/articles/sell-hearthstone-cards,https://quanticfoundry.com/
cryptantcrab.io,io,REGISTERED,4/18/2027,210,"GoDaddy.com, LLC",4/18/2018,clientDeleteProhibited https://icann.org/epp#clientDeleteProhibited,whois,https://opensea.io/blog/articles/cryptantcrabs-tradeable,https://www.cryptantcrab.io/
bigpool.tech,tech,REGISTERED,4/18/2027,210,"Name.com, Inc.",4/18/2025,client transfer prohibited,rdap,https://opensea.io/blog/articles/in-conversation-with-boredelon,https://bigpool.tech/
nobodysausage.com,com,REGISTERED,4/18/2027,210,"Domain.com - Network Solutions, LLC",4/18/2020,active,rdap,https://opensea.io/blog/articles/in-conversation-with-nobody-sausage,https://www.nobodysausage.com/
paperclip.xyz,xyz,REGISTERED,4/18/2027,210,"NameCheap, Inc.",4/18/2020,client transfer prohibited,rdap,https://opensea.io/blog/articles/opensea-digest-dec-13-2023,https://paperclip.xyz/
monstudios.co,co,REGISTERED,4/18/2027,210,"NameCheap, Inc.",4/18/2022,clientTransferProhibited https://icann.org/epp#clientTransferProhibited,whois,https://opensea.io/blog/articles/opensea-digest-july-11-2024,https://www.monstudios.co/blog/season-1
nxtmuseum.com,com,REGISTERED,4/18/2027,210,"GoDaddy.com, LLC",4/18/2019,"client delete prohibited,client renew prohibited,client transfer prohibited,client update prohibited",rdap,https://opensea.io/blog/articles/opensea-digest-march-13-2025,https://www.nxtmuseum.com/
issuu.com,com,REGISTERED,4/19/2027,211,"GoDaddy.com, LLC",4/19/2007,"client delete prohibited,client renew prohibited,client transfer prohibited,client update prohibited",rdap,https://opensea.io/blog/articles/opensea-digest-october-17-2024,https://issuu.com/godsunchained/docs/tower_of_dread_collectors_guide
indiegogo.com,com,REGISTERED,4/19/2027,211,"GoDaddy.com, LLC",4/19/2007,clientDeleteProhibited https://icann.org/epp#clientDeleteProhibited,whois,https://opensea.io/blog/articles/partnership-with-hash-rush,https://www.indiegogo.com/projects/hash-rush
ysl.com,com,REGISTERED,4/21/2027,212,Nom-iq Ltd. dba COM LAUDE,4/22/1998,"client delete prohibited,client transfer prohibited,client update prohibited",rdap,https://opensea.io/blog/articles/luxury-nfts,https://www.ysl.com/en-us
mikeywoodbridge.com,com,REGISTERED,4/20/2027,212,Squarespace Domains LLC,4/20/2021,"client delete prohibited,client transfer prohibited",rdap,https://opensea.io/blog/articles/spotlight-on-lgbtqia-pride-month,https://www.mikeywoodbridge.com/
npclabs.org,org,REGISTERED,4/21/2027,213,"NameCheap, Inc.",4/21/2024,client transfer prohibited,rdap,https://opensea.io/blog/articles/announcing-b3-chain-on-opensea;https://opensea.io/blog/articles/opensea-digest-october-24-2024,https://npclabs.org
gitcoin.co,co,REGISTERED,4/21/2027,213,"Name.com, Inc.",4/22/2017,clientTransferProhibited https://icann.org/epp#clientTransferProhibited,whois,https://opensea.io/blog/articles/gitcoin-kudos-are-now-tradeable,https://gitcoin.co/
squishmallows.com,com,REGISTERED,4/21/2027,213,"Amazon Registrar, Inc.",4/21/2017,client transfer prohibited,rdap,https://opensea.io/blog/articles/nft-collectibles,https://squishmallows.com/
top.co,co,REGISTERED,4/21/2027,213,"GoDaddy.com, LLC",4/22/2010,clientRenewProhibited https://icann.org/epp#clientRenewProhibited,whois,https://opensea.io/blog/articles/opensea-digest-july-24-2025,https://top.co/
rarerooms.io,io,REGISTERED,4/21/2027,213,"NameCheap, Inc.",4/21/2024,clientTransferProhibited https://icann.org/epp#clientTransferProhibited,whois,https://opensea.io/blog/articles/rap-x-basketball-x-nfts,http://app.rarerooms.io/6
gamestop.com,com,REGISTERED,4/23/2027,214,"GoDaddy Corporate Domains, LLC",4/22/1997,"client transfer prohibited,server delete prohibited,server transfer prohibited,server update prohibited",rdap,https://opensea.io/blog/articles/in-conversation-with-jonathan-mann;https://opensea.io/blog/articles/opensea-digest-may-16-2024,https://www.gamestop.com/
material.work,work,REGISTERED,4/22/2027,214,"GoDaddy.com, LLC",4/22/2024,"client delete prohibited,client transfer prohibited,client update prohibited,client renew prohibited",rdap,https://opensea.io/blog/articles/in-conversation-with-material-protocol-arts-team-the-creative-studio-behind-cycles,https://material.work/
meebits.app,app,REGISTERED,4/22/2027,214,Dynadot LLC.,4/22/2021,client transfer prohibited,rdap,https://opensea.io/blog/articles/opensea-digest-august-21-2025;https://opensea.io/blog/articles/opensea-digest-june-19-2025;https://opensea.io/blog/articles/opensea-digest-may-5,https://meebits.app/
animocabrands.com,com,REGISTERED,4/23/2027,215,"GoDaddy.com, LLC",4/23/2014,"client delete prohibited,client renew prohibited,client transfer prohibited,client update prohibited",rdap,https://opensea.io/blog/articles/bringing-on-additional-strategic-investors-to-opensea;https://opensea.io/blog/articles/how-wanderers-transformed-nft-art-into-an-engaging-immersive-game;https://opensea.io/blog/articles/in-conversation-with-inder-phull-of-pixelynx,https://www.animocabrands.com/
orkhan.art,art,REGISTERED,4/23/2027,215,"NameCheap, Inc.",4/23/2021,client transfer prohibited,rdap,https://opensea.io/blog/articles/in-conversation-with-orkhan-mammadov;https://opensea.io/blog/articles/orkan-mammadov,https://orkhan.art/about
playsolana.com,com,REGISTERED,4/24/2027,215,"GoDaddy.com, LLC",4/24/2024,"client delete prohibited,client renew prohibited,client transfer prohibited,client update prohibited",rdap,https://opensea.io/blog/articles/opensea-digest-july-31-2025,https://www.playsolana.com/
foundation.app,app,REGISTERED,4/24/2027,216,Squarespace Domains II LLC.,4/24/2020,"client delete prohibited,client transfer prohibited",rdap,https://opensea.io/blog/articles/in-conversation-with-cory-haber;https://opensea.io/blog/articles/in-conversation-with-nuclear-samurai,https://foundation.app/@coryhaber
euronews.com,com,REGISTERED,4/25/2027,216,Hogan Lovells International LLP,4/24/1997,client transfer prohibited,rdap,https://opensea.io/blog/articles/in-conversation-with-deekay,https://www.euronews.com/culture/2025/05/16/from-ai-to-nfts-the-first-ever-digital-art-awards-celebrates-pioneering-artists
openprocessing.org,org,REGISTERED,4/24/2027,216,"Wild West Domains, LLC",4/24/2008,"client delete prohibited,client renew prohibited,client transfer prohibited,client update prohibited",rdap,https://opensea.io/blog/articles/live-from-marfa-in-conversation-with-jimena-buena-vida,https://openprocessing.org/
t.co,co,REGISTERED,4/25/2027,217,"CSC Corporate Domains, Inc.",4/26/2010,clientTransferProhibited https://icann.org/epp#clientTransferProhibited,whois,https://opensea.io/blog/articles/alpha-centauri-kid;https://opensea.io/blog/articles/cryptotickets-erc721-tickets;https://opensea.io/blog/articles/dan-beasley-grapes,https://t.co/00RBaHHfZy
mycryptoheroes.net,net,REGISTERED,4/26/2027,217,"GMO Internet Group, Inc. d/b/a Onamae.com",4/26/2018,active,rdap,https://opensea.io/blog/articles/mycryptoheroes-are-tradeable-on-opensea,https://mycryptoheroes.net/
shrapnel.com,com,REGISTERED,4/26/2027,217,"Domain.com - Network Solutions, LLC",4/25/1996,client transfer prohibited,rdap,https://opensea.io/blog/articles/opensea-digest-dec-21-2023;https://opensea.io/blog/articles/opensea-digest-december-19-2024;https://opensea.io/blog/articles/opensea-digest-march-28-2024,https://www.shrapnel.com/
att.com,com,REGISTERED,4/26/2027,217,"CSC Corporate Domains, Inc.",4/25/1986,"client transfer prohibited,server delete prohibited,server transfer prohibited,server update prohibited",rdap,https://opensea.io/blog/articles/shrapnels-lock-and-load-plan-for-dominating-gaming-with-a-web3-extraction-shooter,https://www.att.com/
moma.org,org,REGISTERED,4/27/2027,218,"Cloudflare, Inc.",4/26/1995,client transfer prohibited,rdap,https://opensea.io/blog/articles/grant-yun-and-his-cow;https://opensea.io/blog/articles/in-conversation-with-parin-heidari;https://opensea.io/blog/articles/in-conversation-with-piv,https://press.moma.org/exhibition/light-rafael-rozendaal/
leica-camera.com,com,REGISTERED,4/27/2027,218,InterNetX GmbH,4/26/1996,client transfer prohibited,rdap,https://opensea.io/blog/articles/in-conversation-with-ilan-derech,https://leica-camera.com/en-US
10ktf.shop,shop,REGISTERED,4/26/2027,218,Tucows Domains Inc.,4/26/2022,"client transfer prohibited,client update prohibited",rdap,https://opensea.io/blog/articles/opensea-digest-aug-4-2023,http://10ktf.shop
bitski.com,com,REGISTERED,4/27/2027,219,"Cloudflare, Inc.",4/27/2008,client transfer prohibited,rdap,https://opensea.io/blog/articles/bringing-on-additional-strategic-investors-to-opensea,https://bitski.com/
bonfire.xyz,xyz,REGISTERED,4/27/2027,219,"NameCheap, Inc.",4/27/2019,client transfer prohibited,rdap,https://opensea.io/blog/articles/music-nfts,https://www.bonfire.xyz/
arte.tv,tv,REGISTERED,4/27/2027,219,Gandi SAS,4/27/2004,client transfer prohibited,rdap,https://opensea.io/blog/articles/opensea-digest-august-1-2024,https://www.arte.tv/en/
coinmarketcap.com,com,REGISTERED,4/28/2027,220,MarkMonitor Inc.,4/28/2013,"client delete prohibited,client transfer prohibited,client update prohibited,server delete prohibited,server transfer prohibited,server update prohibited",rdap,https://opensea.io/blog/articles/crypto-owners-by-state;https://opensea.io/blog/articles/erc1155-marketplace;https://opensea.io/blog/articles/in-conversation-with-firestorm-of-neo-tokyo,https://coinmarketcap.com/
fanniemae.com,com,REGISTERED,4/29/2027,220,"CSC Corporate Domains, Inc.",4/28/1995,"client transfer prohibited,server delete prohibited,server transfer prohibited,server update prohibited",rdap,https://opensea.io/blog/articles/opensea-digest-april-2-2026,https://www.fanniemae.com/
centrepompidou.fr,fr,REGISTERED,4/28/2027,220,GIP RENATER,4/28/1998,active,rdap,https://opensea.io/blog/articles/opensea-digest-september-26-2024,https://www.centrepompidou.fr/en/
montrealindependentfilmmagazine.com,com,REGISTERED,4/29/2027,221,Wix.com Ltd.,4/29/2021,"client transfer prohibited,client update prohibited",rdap,https://opensea.io/blog/articles/julie-pacino,https://www.montrealindependentfilmmagazine.com/post/interview-julie-pacino
secondlife.com,com,REGISTERED,4/29/2027,221,"CSC Corporate Domains, Inc.",4/29/2002,client transfer prohibited,rdap,https://opensea.io/blog/articles/non-fungible-tokens,https://secondlife.com/
line.me,me,REGISTERED,4/29/2027,221,MarkMonitor Inc.,4/29/2008,clientDeleteProhibited https://icann.org/epp#clientDeleteProhibited,whois,https://opensea.io/blog/articles/opensea-digest-march-13-2025,https://www.line.me/en/
veramolnar.com,com,REGISTERED,4/30/2027,222,Infomaniak Network SA,4/30/2009,client transfer prohibited,rdap,https://opensea.io/blog/articles/opensea-digest-aug-4-2023,http://www.veramolnar.com/
layerzero.network,network,REGISTERED,5/1/2027,223,"NameCheap, Inc.",5/1/2021,client transfer prohibited,rdap,https://opensea.io/blog/articles/opensea-digest-august-21-2025,https://layerzero.network/
factblock.com,com,REGISTERED,5/2/2027,223,"GoDaddy.com, LLC",5/2/2013,clientDeleteProhibited https://icann.org/epp#clientDeleteProhibited,whois,https://opensea.io/blog/articles/opensea-digest-sept-7-2023,http://factblock.com/
microsoft.com,com,REGISTERED,5/3/2027,224,MarkMonitor Inc.,5/2/1991,"client delete prohibited,client transfer prohibited,client update prohibited,server delete prohibited,server transfer prohibited,server update prohibited",rdap,https://opensea.io/blog/articles/non-fungible-tokens;https://opensea.io/blog/articles/shrapnels-lock-and-load-plan-for-dominating-gaming-with-a-web3-extraction-shooter,https://www.microsoft.com/en-ie/azureheroes
parasol.xyz,xyz,REGISTERED,5/2/2027,224,"NameCheap, Inc.",5/2/2019,client transfer prohibited,rdap,https://opensea.io/blog/articles/opensea-digest-may-1-2025,https://www.parasol.xyz/
verse.works,works,REGISTERED,5/3/2027,225,Squarespace Domains II LLC,5/3/2020,"client delete prohibited,client transfer prohibited",rdap,https://opensea.io/blog/articles/finiliar;https://opensea.io/blog/articles/in-conversation-with-cory-haber;https://opensea.io/blog/articles/opensea-digest-june-13-2024,https://verse.works/artworks/d4c13d45-6d69-49bb-8424-76e77ad5753a
parallelleague.game,game,REGISTERED,5/3/2027,225,1API GmbH,5/3/2024,"client renew prohibited,client transfer prohibited,client update prohibited,client delete prohibited",rdap,https://opensea.io/blog/articles/opensea-digest-march-6-2025,https://www.parallelleague.game/events/parallel-prime-world-championship
sandboxdao.com,com,REGISTERED,5/3/2027,225,"GoDaddy.com, LLC",5/3/2024,clientDeleteProhibited https://icann.org/epp#clientDeleteProhibited,whois,https://opensea.io/blog/articles/opensea-digest-may-30-2024,https://www.sandboxdao.com/about
coindesk.com,com,REGISTERED,5/4/2027,226,MarkMonitor Inc.,5/4/2008,"client delete prohibited,client transfer prohibited,client update prohibited,server delete prohibited,server transfer prohibited,server update prohibited",rdap,https://opensea.io/blog/articles/5-health-and-wellness-nft-collections-to-watch-in-2024;https://opensea.io/blog/articles/airline-nfts;https://opensea.io/blog/articles/brands-that-started-as-crypto-tokens,https://consensus-hongkong.coindesk.com/
adamweitsman.com,com,REGISTERED,5/5/2027,226,"GoDaddy.com, LLC",5/5/2010,"client delete prohibited,client renew prohibited,client transfer prohibited,client update prohibited",rdap,https://opensea.io/blog/articles/in-conversation-with-adam-weitsman,https://www.adamweitsman.com/
toast.tv,tv,REGISTERED,5/4/2027,226,Dynadot Inc,5/4/2010,client transfer prohibited,rdap,https://opensea.io/blog/articles/in-conversation-with-chris-and-tyler-guyot-of-good-vibes-club,http://toast.tv
crystalbridges.org,org,REGISTERED,5/5/2027,227,"Cloudflare, Inc.",5/5/2005,client transfer prohibited,rdap,https://opensea.io/blog/articles/beeple,https://crystalbridges.org/
foronashamstanley.com,com,REGISTERED,5/5/2027,227,Squarespace Domains LLC,5/5/2024,"client delete prohibited,client transfer prohibited",rdap,https://opensea.io/blog/articles/footiums-fresh-take-on-the-sports-management-gaming-genre,https://www.foronashamstanley.com/digital-collectibles
tigerbob.store,store,REGISTERED,5/5/2027,227,Squarespace Domains II LLC,5/5/2022,"client transfer prohibited,client delete prohibited",rdap,https://opensea.io/blog/articles/in-conversation-with-gossamer-rozen,https://tigerbob.store/
pleasr.org,org,REGISTERED,5/5/2027,227,"GoDaddy.com, LLC",5/5/2021,"client delete prohibited,client renew prohibited,client transfer prohibited,client update prohibited",rdap,https://opensea.io/blog/articles/music-nfts,https://pleasr.org/
comicbook.com,com,REGISTERED,5/6/2027,227,"GoDaddy.com, LLC",5/5/1995,"client delete prohibited,client renew prohibited,client transfer prohibited,client update prohibited",rdap,https://opensea.io/blog/articles/opensea-digest-march-20-2025,https://comicbook.com/comics/news/titan-comics-new-fantasy-series-forgotten-runes-wizards-cult/
thrust.network,network,REGISTERED,5/5/2027,227,"Cloudflare, Inc",5/5/2023,client transfer prohibited,rdap,https://opensea.io/blog/articles/opensea-digest-november-6-2025,https://www.thrust.network/
laurasantiago.mx,mx,REGISTERED,5/6/2027,227,Wild West Domains,5/6/2019,,whois,https://opensea.io/blog/articles/spotlight-on-hispanic-heritage-month,https://laurasantiago.mx/about
sacredwaste.io,io,REGISTERED,5/6/2027,228,"NameCheap, Inc.",5/6/2025,clientTransferProhibited https://icann.org/epp#clientTransferProhibited,whois,https://opensea.io/blog/articles/in-conversation-with-detritus-lord-of-the-sacred-waste,https://sacredwaste.io/
cryptophunks.com,com,REGISTERED,5/7/2027,228,Tucows Domains Inc.,5/7/2021,"client transfer prohibited,client update prohibited",rdap,https://opensea.io/blog/articles/in-conversation-with-piv,https://cryptophunks.com/
startale.com,com,REGISTERED,5/6/2027,228,Squarespace Domains II LLC,5/6/2005,active,rdap,https://opensea.io/blog/articles/opensea-digest-june-12-2025;https://opensea.io/blog/articles/opensea-digest-september-12-2024,https://startale.com/en
thegivingblock.com,com,REGISTERED,5/8/2027,229,"GoDaddy.com, LLC",5/8/2018,"client delete prohibited,client renew prohibited,client transfer prohibited,client update prohibited",rdap,https://opensea.io/blog/articles/in-conversation-with-april-stallings-of-make-a-wish,https://thegivingblock.com/
gumi-cryptos.com,com,REGISTERED,5/9/2027,230,"Interlink Co., Ltd.",5/9/2018,client transfer prohibited,rdap,https://opensea.io/blog/articles/bringing-on-additional-strategic-investors-to-opensea,https://www.gumi-cryptos.com/
spiritclash.com,com,REGISTERED,5/8/2027,230,"Network Solutions, LLC",5/8/2017,client transfer prohibited,rdap,https://opensea.io/blog/articles/erc1155-marketplace,https://www.spiritclash.com/
imogenheap.com,com,REGISTERED,5/9/2027,230,"Cloudflare, Inc.",5/9/2000,client transfer prohibited,rdap,https://opensea.io/blog/articles/opensea-digest-november-21-2024,https://imogenheap.com/
dappvolume.com,com,REGISTERED,5/8/2027,230,"NameCheap, Inc.",5/8/2018,clientTransferProhibited https://icann.org/epp#clientTransferProhibited,whois,https://opensea.io/blog/articles/phil-from-cryptogametalk-part-one,https://dappvolume.com/
prnewswire.com,com,REGISTERED,5/10/2027,231,"CSC Corporate Domains, Inc.",5/9/1995,"client transfer prohibited,server delete prohibited,server transfer prohibited,server update prohibited",rdap,https://opensea.io/blog/articles/brands-that-started-as-crypto-tokens;https://opensea.io/blog/articles/how-to-celebrate-international-nft-day-2023;https://opensea.io/blog/articles/in-conversation-with-courtyard-the-holiday-box,https://www.prnewswire.com/news-releases/arbitrum-and-sequence-team-up-with-ubisoft-to-debut-captain-laserhawk-the-game-302215210.html
socouch.com,com,REGISTERED,5/9/2027,231,"NameCheap, Inc.",5/9/2018,client transfer prohibited,rdap,https://opensea.io/blog/articles/ember-sword-marketplace,https://socouch.com/
amgistudios.com,com,REGISTERED,5/10/2027,232,"GoDaddy.com, LLC",5/10/2019,"client delete prohibited,client renew prohibited,client transfer prohibited,client update prohibited",rdap,https://opensea.io/blog/articles/opensea-digest-august-7-2025;https://opensea.io/blog/articles/opensea-digest-march-20-2025,https://www.amgistudios.com/
guttercatgang.com,com,REGISTERED,5/10/2027,232,"GoDaddy.com, LLC",5/10/2021,"client delete prohibited,client renew prohibited,client transfer prohibited,client update prohibited",rdap,https://opensea.io/blog/articles/opensea-digest-june-16-2023;https://opensea.io/blog/articles/opensea-digest-oct-12-2023,https://guttercatgang.com/
xgames.com,com,REGISTERED,5/12/2027,233,"CSC Corporate Domains, Inc.",5/11/1996,client transfer prohibited,rdap,https://opensea.io/blog/articles/opensea-digest-december-11-2025,https://www.xgames.com/
paragraph.xyz,xyz,REGISTERED,5/12/2027,234,"GoDaddy.com, LLC",5/12/2020,"client renew prohibited,client transfer prohibited,client update prohibited,client delete prohibited",rdap,https://opensea.io/blog/articles/opensea-digest-may-9-2024,https://paragraph.xyz/@blog/paragraph-mirror-fundraise
voguebusiness.com,com,REGISTERED,5/13/2027,235,"CSC Corporate Domains, Inc.",5/13/2002,client transfer prohibited,rdap,https://opensea.io/blog/articles/in-conversation-with-alice-delahunt-of-syky;https://opensea.io/blog/articles/luxury-nfts;https://opensea.io/blog/articles/maison-margiela-metatabi-boots,https://www.voguebusiness.com/story/technology/louis-vuitton-nfts-are-back-with-a-euro7900-phygital-varsity-jacket
iconicmoments.co,co,REGISTERED,5/13/2027,235,"GoDaddy.com, LLC",5/13/2021,clientRenewProhibited https://icann.org/epp#clientRenewProhibited,whois,https://opensea.io/blog/articles/opensea-digest-july-11-2024;https://opensea.io/blog/articles/opensea-digest-oct-27-2023,https://www.iconicmoments.co/
moncler.com,com,REGISTERED,5/14/2027,236,MarkMonitor Inc.,5/14/2003,"client delete prohibited,client transfer prohibited,client update prohibited",rdap,https://opensea.io/blog/articles/fashion-nfts;https://opensea.io/blog/articles/opensea-digest-oct-5-2023,https://www.moncler.com/en-us/
blockchaingamealliance.org,org,REGISTERED,5/14/2027,236,Name SRS AB,5/14/2026,active,rdap,https://opensea.io/blog/articles/in-conversation-with-gabby-dizon,https://www.blockchaingamealliance.org/
dictionary.com,com,REGISTERED,5/15/2027,236,101domain GRS Limited,5/14/1995,client transfer prohibited,rdap,https://opensea.io/blog/articles/jack-butcher,https://www.dictionary.com/e/memes/pepe-the-frog/
erc721c.com,com,REGISTERED,5/15/2027,237,"GoDaddy.com, LLC",5/15/2023,"client delete prohibited,client renew prohibited,client transfer prohibited,client update prohibited",rdap,https://opensea.io/blog/articles/creator-earnings-erc721-c-compatibility-on-opensea,https://erc721c.com/docs/integration-guide/creator-token-standards/overview
girlswhocode.com,com,REGISTERED,5/15/2027,237,"Go China Domains, LLC",5/15/2012,"client delete prohibited,client renew prohibited,client transfer prohibited,client update prohibited",rdap,https://opensea.io/blog/articles/not-your-bro-nfts,https://girlswhocode.com/
mastercard.us,us,REGISTERED,5/15/2027,237,"CSC Corporate Domains, Inc.",5/16/2002,clientTransferProhibited https://icann.org/epp#clientTransferProhibited,whois,https://opensea.io/blog/articles/opensea-digest-may-1-2025,https://www.mastercard.us/en-us.html
azerbaijan.travel,travel,REGISTERED,5/15/2027,237,101domain GRS Limited,5/16/2012,client transfer prohibited,rdap,https://opensea.io/blog/articles/orkan-mammadov,https://azerbaijan.travel/trip-to-ganja
adobe.com,com,REGISTERED,5/17/2027,238,Nom-iq Ltd. dba COM LAUDE,11/17/1986,"client delete prohibited,client transfer prohibited,client update prohibited,server delete prohibited,server transfer prohibited,server update prohibited",rdap,https://opensea.io/blog/articles/alpha-centauri-kid;https://opensea.io/blog/articles/get-based-with-mariela-victoria;https://opensea.io/blog/articles/in-conversation-with-jvmi,https://helpx.adobe.com/creative-cloud/help/content-credentials.html
ipfs.io,io,REGISTERED,5/16/2027,238,"CSC Corporate Domains, Inc.",5/16/2014,clientTransferProhibited https://icann.org/epp#clientTransferProhibited,whois,https://opensea.io/blog/articles/decentralizing-nft-metadata-on-opensea;https://opensea.io/blog/articles/interview-phil-from-cryptogametalk;https://opensea.io/blog/articles/non-fungible-tokens,https://ipfs.io/
zendesk.com,com,REGISTERED,5/16/2027,238,MarkMonitor Inc.,5/16/2005,"client delete prohibited,client transfer prohibited,client update prohibited,server delete prohibited,server transfer prohibited,server update prohibited",rdap,https://opensea.io/blog/articles/decentralizing-nft-metadata-on-opensea,https://openseahelp.zendesk.com/hc/en-us/articles/1500012270982
korus.co,co,REGISTERED,5/16/2027,238,"GoDaddy.com, LLC",5/16/2021,clientRenewProhibited https://icann.org/epp#clientRenewProhibited,whois,https://opensea.io/blog/articles/in-conversation-with-inder-phull-of-pixelynx,https://play.korus.co/
everquest.com,com,REGISTERED,5/17/2027,238,"Network Solutions, LLC",5/16/1997,client transfer prohibited,rdap,https://opensea.io/blog/articles/in-conversation-with-sean-pinnock-of-avalon,https://www.everquest.com/home
immutable.com,com,REGISTERED,5/16/2027,238,"Amazon Registrar, Inc.",5/16/2004,client transfer prohibited,rdap,https://opensea.io/blog/articles/non-fungible-tokens;https://opensea.io/blog/articles/opensea-digest-april-10-2025;https://opensea.io/blog/articles/opensea-digest-april-24-2025,https://immutable.com/
iseurope.org,org,REGISTERED,5/16/2027,238,united-domains GmbH,5/16/2003,client transfer prohibited,rdap,https://opensea.io/blog/articles/opensea-digest-february-6-2025,https://www.iseurope.org/
ntent.art,art,REGISTERED,5/16/2027,238,Squarespace Domains II LLC,5/16/2021,"client transfer prohibited,client delete prohibited",rdap,https://opensea.io/blog/articles/opensea-digest-march-20-2025,https://www.ntent.art/
crunchbase.com,com,REGISTERED,5/17/2027,238,Gandi SAS,5/17/2007,client transfer prohibited,rdap,https://opensea.io/blog/articles/opensea-digest-november-14-2024,https://www.crunchbase.com/organization/kingsway-capital
centrifuge.io,io,REGISTERED,5/17/2027,238,"Cloudflare, Inc",5/17/2014,clientTransferProhibited https://icann.org/epp#clientTransferProhibited,whois,https://opensea.io/blog/articles/opensea-digest-sept-21-2023,https://centrifuge.io/
sweet-atlantic-hotel.com,com,REGISTERED,5/17/2027,239,"Sea Wasp, LLC",5/17/2010,"client delete prohibited,client transfer prohibited,client update prohibited",rdap,https://opensea.io/blog/articles/5-health-and-wellness-nft-collections-to-watch-in-2024,http://www.sweet-atlantic-hotel.com/
grapespad.com,com,REGISTERED,5/17/2027,239,"GoDaddy.com, LLC",5/17/2024,"client delete prohibited,client renew prohibited,client transfer prohibited,client update prohibited",rdap,https://opensea.io/blog/articles/dan-beasley-grapes,https://grapespad.com/
upstreamapp.com,com,REGISTERED,5/17/2027,239,"GoDaddy.com, LLC",5/17/2019,"client delete prohibited,client renew prohibited,client transfer prohibited,client update prohibited",rdap,https://opensea.io/blog/articles/in-conversation-with-alex-taub-of-goblintown,https://upstreamapp.com/
vogue.com,com,REGISTERED,5/18/2027,239,"CSC Corporate Domains, Inc.",5/17/1994,"client transfer prohibited,server delete prohibited,server transfer prohibited,server update prohibited",rdap,https://opensea.io/blog/articles/in-conversation-with-mmerchs-colby-mugrabi,https://www.vogue.com/slideshow/mmerch-pop-up-nyc-2024
watchype.com,com,REGISTERED,5/17/2027,239,"eNom, LLC",5/17/2021,client transfer prohibited,rdap,https://opensea.io/blog/articles/in-conversation-with-mo-abrishamchi;https://opensea.io/blog/articles/travel-nfts,https://www.watchype.com/
bitcolumnist.com,com,REGISTERED,5/17/2027,239,"Cloudflare, Inc.",5/17/2018,client transfer prohibited,rdap,https://opensea.io/blog/articles/opensea-digest-dec-21-2023;https://opensea.io/blog/articles/opensea-digest-nov-16-2023,https://bitcolumnist.com/web3/roblox-ceo-dreams-in-game-nfts-and-digital-items/
gq.com,com,REGISTERED,5/18/2027,239,"CSC Corporate Domains, Inc.",5/17/1994,"client transfer prohibited,server delete prohibited,server transfer prohibited,server update prohibited",rdap,https://opensea.io/blog/articles/opensea-digest-july-18-2024,https://www.gq.com/
optimism.io,io,REGISTERED,5/19/2027,240,"Cloudflare, Inc",5/19/2015,clientTransferProhibited https://icann.org/epp#clientTransferProhibited,whois,https://opensea.io/blog/articles/in-conversation-with-jvmi;https://opensea.io/blog/articles/in-conversation-with-yiying-lu;https://opensea.io/blog/articles/opensea-digest-december-12-2024,https://docs.optimism.io/stack/getting-started
friend.tech,tech,REGISTERED,5/18/2027,240,Squarespace Domains II LLC,5/18/2023,"client delete prohibited,client transfer prohibited",rdap,https://opensea.io/blog/articles/in-conversation-with-trevor-thompson-from-ethos,https://www.friend.tech/
maisonmargiela.com,com,REGISTERED,5/18/2027,240,Barbero & Associates Limited,5/18/2008,client transfer prohibited,rdap,https://opensea.io/blog/articles/luxury-nfts;https://opensea.io/blog/articles/maison-margiela-metatabi-boots;https://opensea.io/blog/articles/opensea-digest-april-18-2024,http://play.maisonmargiela.com
wimbledon.com,com,REGISTERED,5/19/2027,240,"Network Solutions, LLC",5/20/1998,client transfer prohibited,rdap,https://opensea.io/blog/articles/opensea-digest-july-13-2023,https://www.wimbledon.com/
ciphertrace.com,com,REGISTERED,5/19/2027,240,"CSC Corporate Domains, Inc.",5/19/2015,client transfer prohibited,rdap,https://opensea.io/blog/articles/opensea-digest-may-5,https://ciphertrace.com/
mythical.games,games,REGISTERED,5/20/2027,241,Dynadot Inc,5/20/2018,client transfer prohibited,rdap,https://opensea.io/blog/articles/non-fungible-tokens,https://mythical.games/
ston.fi,fi,REGISTERED,5/19/2027,241,,5/19/2022,active,rdap,https://opensea.io/blog/articles/opensea-digest-july-24-2025,http://ston.fi
clubhouse.com,com,REGISTERED,5/21/2027,242,"NameCheap, Inc.",5/20/1997,client transfer prohibited,rdap,https://opensea.io/blog/articles/in-conversation-with-adamtastic,https://www.clubhouse.com/
everyonegetsacar.com,com,REGISTERED,5/20/2027,242,"NameCheap, Inc.",5/20/2021,client transfer prohibited,rdap,https://opensea.io/blog/articles/in-conversation-with-alex-taub-of-goblintown,https://everyonegetsacar.com/
processing.org,org,REGISTERED,5/20/2027,242,"NameCheap, Inc.",5/20/2003,client transfer prohibited,rdap,https://opensea.io/blog/articles/in-conversation-with-jeff-davis,https://processing.org/
bitcoinmagazine.com,com,REGISTERED,5/21/2027,242,"Amazon Registrar, Inc.",5/21/2011,client transfer prohibited,rdap,https://opensea.io/blog/articles/opensea-digest-april-10-2025;https://opensea.io/blog/articles/opensea-digest-february-19-2026,https://bitcoinmagazine.com/
hel.io,io,REGISTERED,5/21/2027,242,Gandi SAS,5/21/2013,clientTransferProhibited https://icann.org/epp#clientTransferProhibited,whois,https://opensea.io/blog/articles/opensea-digest-february-27-2025;https://opensea.io/blog/articles/opensea-digest-january-17-2025;https://opensea.io/blog/articles/opensea-digest-march-20-2025,https://www.hel.io/
block.xyz,xyz,REGISTERED,5/20/2027,242,MarkMonitor Inc.,5/20/2014,"client transfer prohibited,client update prohibited,client delete prohibited",rdap,https://opensea.io/blog/articles/opensea-digest-july-24-2025,https://block.xyz/
chateaudelaubade.com,com,REGISTERED,5/21/2027,242,Gandi SAS,5/21/2007,client transfer prohibited,rdap,https://opensea.io/blog/articles/opensea-digest-october-17-2024,https://www.chateaudelaubade.com/en/
artnet.com,com,REGISTERED,5/22/2027,243,101domain GRS Limited,5/21/1995,client transfer prohibited,rdap,https://opensea.io/blog/articles/a-month-of-rare-digital-art-from-makersplace;https://opensea.io/blog/articles/damien-hirst;https://opensea.io/blog/articles/get-based-with-mariela-victoria,https://news.artnet.com/art-world/quantel-paintbox-digital-art-exhibition-and-documentary-2214653
wrappedkitties.com,com,REGISTERED,5/22/2027,243,Porkbun LLC,5/22/2019,"client delete prohibited,client transfer prohibited",rdap,https://opensea.io/blog/articles/bringing-on-additional-strategic-investors-to-opensea;https://opensea.io/blog/articles/non-fungible-tokens,https://wrappedkitties.com/
a16zcrypto.com,com,REGISTERED,5/22/2027,243,MarkMonitor Inc.,5/22/2018,clientDeleteProhibited https://icann.org/epp#clientDeleteProhibited,whois,https://opensea.io/blog/articles/opensea-digest-october-17-2024;https://opensea.io/blog/articles/opensea-digest-october-23-2025,https://a16zcrypto.com/
liquidxgroup.xyz,xyz,REGISTERED,5/21/2027,243,"NameCheap, Inc.",5/21/2022,client transfer prohibited,rdap,https://opensea.io/blog/articles/pixelmon,https://www.liquidxgroup.xyz/
heaven.computer,computer,REGISTERED,5/21/2027,243,Gandi SAS,5/21/2020,client transfer prohibited,rdap,https://opensea.io/blog/articles/trending-nfts-visa-0n1-force-and-more,https://heaven.computer/
uxdesign.cc,cc,REGISTERED,5/22/2027,243,Key-Systems GmbH,5/22/2013,"client delete prohibited,client transfer prohibited",rdap,https://opensea.io/blog/articles/wyvern-2-3-developer-upgrade-guide,https://uxdesign.cc/why-facebook-says-cursor-pagination-is-the-greatest-d6b98d86b6c0
abc.com,com,REGISTERED,5/23/2027,244,"CSC Corporate Domains, Inc.",5/22/1996,"client transfer prohibited,server delete prohibited,server transfer prohibited,server update prohibited",rdap,https://opensea.io/blog/articles/dan-beasley-grapes,https://abc.com/show/1e948ce7-a412-4255-86f3-9e0dcac79045
trutharts.com,com,REGISTERED,5/22/2027,244,"NameCheap, Inc.",5/22/2014,client transfer prohibited,rdap,https://opensea.io/blog/articles/in-conversation-with-alex-taub-of-goblintown;https://opensea.io/blog/articles/opensea-digest-july-10-2025;https://opensea.io/blog/articles/opensea-digest-june-27-2024,https://blog.trutharts.com/greenpaper/
worldwish.org,org,REGISTERED,5/22/2027,244,"GoDaddy.com, LLC",5/22/2001,"client delete prohibited,client renew prohibited,client transfer prohibited,client update prohibited",rdap,https://opensea.io/blog/articles/in-conversation-with-april-stallings-of-make-a-wish,https://worldwish.org/
morganstanley.com,com,REGISTERED,5/23/2027,244,"CSC Corporate Domains, Inc.",5/24/1996,"client transfer prohibited,server delete prohibited,server transfer prohibited,server update prohibited",rdap,https://opensea.io/blog/articles/opensea-digest-january-9-2026;https://opensea.io/blog/articles/opensea-digest-july-30-2026,https://www.morganstanley.com/
robbreport.com,com,REGISTERED,5/23/2027,244,"eNom, LLC",5/22/1995,active,rdap,https://opensea.io/blog/articles/opensea-digest-july-21-2023,https://robbreport.com/lifestyle/news/pharrell-williams-1-million-speedy-louis-vuitton-bag-1234860717/
gameinformer.com,com,REGISTERED,5/23/2027,244,"GoDaddy.com, LLC",5/24/1995,"client delete prohibited,client renew prohibited,client transfer prohibited,client update prohibited",rdap,https://opensea.io/blog/articles/opensea-digest-march-27-2025,https://www.gameinformer.com/
wsj.com,com,REGISTERED,5/25/2027,246,"CSC Corporate Domains, Inc.",5/26/1994,"client transfer prohibited,server delete prohibited,server transfer prohibited,server update prohibited",rdap,https://opensea.io/blog/articles/artist-interview-sarah-meyohas;https://opensea.io/blog/articles/opensea-digest-april-2-2026;https://opensea.io/blog/articles/opensea-digest-october-30-2025,https://www.wsj.com/articles/meet-wall-streets-crypto-artist-11621675805
harmonai.org,org,REGISTERED,5/24/2027,246,"CSC Corporate Domains, Inc.",5/24/2022,client transfer prohibited,rdap,https://opensea.io/blog/articles/live-from-marfa-in-conversation-with-dadabots,https://www.harmonai.org/
nhlbreakaway.com,com,REGISTERED,5/25/2027,247,"Amazon Registrar, Inc.",5/25/2021,client transfer prohibited,rdap,https://opensea.io/blog/articles/sports-nfts,https://nhlbreakaway.com/onboarding
polygon.technology,technology,REGISTERED,5/26/2027,248,"Cloudflare, Inc",5/26/2020,client transfer prohibited,rdap,https://opensea.io/blog/articles/airline-nfts;https://opensea.io/blog/articles/opensea-digest-april-24-2025;https://opensea.io/blog/articles/opensea-digest-june-23-2023,https://polygon.technology/
somniumspace.com,com,REGISTERED,5/26/2027,248,One.com A/S,5/26/2017,active,rdap,https://opensea.io/blog/articles/bringing-on-additional-strategic-investors-to-opensea;https://opensea.io/blog/articles/non-fungible-tokens;https://opensea.io/blog/articles/somnium-space-is-coming-to-opensea-a19f093f7142,http://somniumspace.com/
ethereum.foundation,foundation,REGISTERED,5/26/2027,248,"Ascio Technologies, Inc. Danmark - Filial af Ascio technologies, Inc. USA",5/26/2014,active,rdap,https://opensea.io/blog/articles/opensea-digest-april-17-2026;https://opensea.io/blog/articles/opensea-digest-february-19-2026;https://opensea.io/blog/articles/opensea-digest-september-4-2025,https://ethereum.foundation/
nexpace.io,io,REGISTERED,5/27/2027,248,Whois Corp.,5/27/2022,clientTransferProhibited https://icann.org/epp#clientTransferProhibited,whois,https://opensea.io/blog/articles/opensea-digest-may-8-2025,https://company.nexpace.io/
paypal-corp.com,com,REGISTERED,5/27/2027,249,MarkMonitor Inc.,5/27/2010,"client delete prohibited,client transfer prohibited,client update prohibited",rdap,https://opensea.io/blog/articles/opensea-digest-aug-10-2023;https://opensea.io/blog/articles/opensea-digest-july-24-2026;https://opensea.io/blog/articles/opensea-digest-july-31-2025,https://newsroom.paypal-corp.com/2023-08-07-PayPal-Launches-U-S-Dollar-Stablecoin
steamcommunity.com,com,REGISTERED,5/28/2027,249,MarkMonitor Inc.,5/28/2006,"client delete prohibited,client transfer prohibited,client update prohibited,server delete prohibited,server transfer prohibited,server update prohibited",rdap,https://opensea.io/blog/articles/opensea-digest-oct-27-2023,https://steamcommunity.com/app/2288760
antoni.us,us,REGISTERED,5/27/2027,249,"Cloudflare, Inc.",5/28/2009,clientTransferProhibited https://icann.org/epp#clientTransferProhibited,whois,https://opensea.io/blog/articles/who-is-foodmasku,https://gunsurvivor.antoni.us/post/175595998198/1826-days-since-the-shooting-greetings-from
superdigital.co,co,REGISTERED,5/28/2027,250,"CSC Corporate Domains, Inc.",5/29/2013,clientTransferProhibited https://icann.org/epp#clientTransferProhibited,whois,https://opensea.io/blog/articles/julian-edelman-the-amateurs-guide-to-nfts-from-an-amateur,https://www.superdigital.co/
milkroad.com,com,REGISTERED,5/28/2027,250,"Cloudflare, Inc.",5/28/2013,client transfer prohibited,rdap,https://opensea.io/blog/articles/nft-news-sources-and-how-to-access-them,https://milkroad.com/
columbiarecords.com,com,REGISTERED,5/29/2027,250,MarkMonitor Inc.,5/30/1996,"client delete prohibited,client transfer prohibited,client update prohibited",rdap,https://opensea.io/blog/articles/opensea-digest-april-11-2024,https://columbiarecords.com/
liquiddeath.com,com,REGISTERED,5/30/2027,251,"GoDaddy.com, LLC",5/30/2014,"client delete prohibited,client renew prohibited,client transfer prohibited,client update prohibited",rdap,https://opensea.io/blog/articles/opensea-digest-august-29-2024;https://opensea.io/blog/articles/pride-perspectives-june-2023,https://liquiddeath.com/
kaikaikiki.com,com,REGISTERED,5/29/2027,251,"GMO Internet Group, Inc. d/b/a Onamae.com",5/29/2003,active,rdap,https://opensea.io/blog/articles/opensea-digest-august-7-2025,https://drops.kaikaikiki.com/
barcapass.com,com,REGISTERED,5/29/2027,251,"GoDaddy.com, LLC",5/29/2025,"client delete prohibited,client renew prohibited,client transfer prohibited,client update prohibited",rdap,https://opensea.io/blog/articles/opensea-digest-june-19-2025,https://www.barcapass.com/
randomghost.com,com,REGISTERED,5/30/2027,252,"NameCheap, Inc.",5/30/2015,client transfer prohibited,rdap,https://opensea.io/blog/articles/bringing-virtual-games-into-the-real-world,https://www.randomghost.com/
godsunchained.com,com,REGISTERED,5/31/2027,252,"Amazon Registrar, Inc.",5/31/2018,client transfer prohibited,rdap,https://opensea.io/blog/articles/opensea-digest-nov-16-2023;https://opensea.io/blog/articles/opensea-digest-october-17-2024;https://opensea.io/blog/articles/predict-and-recommend-nfts,https://godsunchained.com/
newbeauty.com,com,REGISTERED,5/31/2027,253,"GoDaddy.com, LLC",4/26/1999,"client delete prohibited,client renew prohibited,client transfer prohibited,client update prohibited",rdap,https://opensea.io/blog/articles/brands-that-started-as-crypto-tokens,https://www.newbeauty.com/view/vacation-spf-oil-review
aspreystudio.com,com,REGISTERED,5/31/2027,253,"CSC Corporate Domains, Inc.",5/31/2022,client transfer prohibited,rdap,https://opensea.io/blog/articles/in-conversation-with-pranksy;https://opensea.io/blog/articles/opensea-digest-march-12-2026;https://opensea.io/blog/articles/opensea-digest-november-20-2025,https://aspreystudio.com/
fortune.com,com,REGISTERED,6/1/2027,253,MarkMonitor Inc.,6/2/1994,"client delete prohibited,client transfer prohibited,client update prohibited",rdap,https://opensea.io/blog/articles/micah-johnson;https://opensea.io/blog/articles/non-fungible-tokens,https://fortune.com/2018/08/13/mlb-crypto-baseball-blockchain/
fastcompany.com,com,REGISTERED,6/1/2027,253,"Amazon Registrar, Inc.",6/2/1995,client transfer prohibited,rdap,https://opensea.io/blog/articles/opensea-digest-november-6-2025,https://www.fastcompany.com/91231778/iggy-azalea-explains-why-shes-gone-all-in-on-crypto
people.com,com,REGISTERED,6/1/2027,253,MarkMonitor Inc.,6/2/1994,"client delete prohibited,client transfer prohibited,client update prohibited,server delete prohibited,server transfer prohibited,server update prohibited",rdap,https://opensea.io/blog/articles/opensea-digest-oct-5-2023,https://people.com/human-interest/lisa-mayer-boss-beauties-releases-nft-womens-collection/
reuters.com,com,REGISTERED,6/2/2027,254,MarkMonitor Inc.,6/3/1993,"client delete prohibited,client transfer prohibited,client update prohibited,server delete prohibited,server transfer prohibited,server update prohibited",rdap,https://opensea.io/blog/articles/gronk-x-medium-rare-x-opensea;https://opensea.io/blog/articles/opensea-digest-june-18-2026;https://opensea.io/blog/articles/opensea-digest-march-27-2026,https://www.reuters.com/article/us-football-nfl-gronkowski-nft/gronk-brings-sports-memorabilia-into-digital-age-with-nft-trading-cards-idUSKBN2B11Y4
steaknshake.com,com,REGISTERED,6/2/2027,254,"eNom, LLC",6/3/1997,client transfer prohibited,rdap,https://opensea.io/blog/articles/opensea-digest-january-22-2026,https://www.steaknshake.com/
taschen.com,com,REGISTERED,6/2/2027,254,united-domains GmbH,6/3/1996,client transfer prohibited,rdap,https://opensea.io/blog/articles/sebastiao-salgado,https://www.taschen.com/en/books/photography/05314/sebastiao-salgado-kuwait-a-desert-on-fire
abs.xyz,xyz,REGISTERED,6/2/2027,255,"Cloudflare, Inc.",6/2/2014,client transfer prohibited,rdap,https://opensea.io/blog/articles/in-conversation-with-gabby-dizon;https://opensea.io/blog/articles/in-conversation-with-seedphrase;https://opensea.io/blog/articles/onchain-heroes,https://abs.xyz/
avalon-rpg.com,com,REGISTERED,6/3/2027,255,Squarespace Domains II LLC,6/4/1995,"client delete prohibited,client transfer prohibited",rdap,https://opensea.io/blog/articles/in-conversation-with-sean-pinnock-of-avalon,https://www.avalon-rpg.com/
96layers.ai,ai,REGISTERED,6/3/2027,255,"GoDaddy.com, LLC",6/3/2023,"client delete prohibited,client renew prohibited,client transfer prohibited,client update prohibited",rdap,https://opensea.io/blog/articles/niceaunties,https://www.96layers.ai/p/the-weird-wonderful-ai-art-of-niceaunties
bridge.xyz,xyz,REGISTERED,6/2/2027,255,Tucows Domains Inc.,6/2/2014,"client transfer prohibited,client update prohibited",rdap,https://opensea.io/blog/articles/opensea-digest-august-28-2025,https://www.bridge.xyz/
side.xyz,xyz,REGISTERED,6/2/2027,255,"GoDaddy.com, LLC",6/2/2014,"client renew prohibited,client transfer prohibited,client update prohibited,client delete prohibited",rdap,https://opensea.io/blog/articles/opensea-digest-feb-8-2024,https://side.xyz/pixelmon
iron.xyz,xyz,REGISTERED,6/2/2027,255,INWX GmbH,6/2/2014,client transfer prohibited,rdap,https://opensea.io/blog/articles/opensea-digest-march-20-2025,https://iron.xyz/
frame.xyz,xyz,REGISTERED,6/2/2027,255,"GoDaddy.com, LLC",6/2/2014,"client renew prohibited,client transfer prohibited,client update prohibited,client delete prohibited",rdap,https://opensea.io/blog/articles/opensea-digest-nov-2-2023,https://www.frame.xyz/
americanexpress.com,com,REGISTERED,6/3/2027,255,"CSC Corporate Domains, Inc.",6/4/1995,"client transfer prohibited,server delete prohibited,server transfer prohibited,server update prohibited",rdap,https://opensea.io/blog/articles/opensea-digest-october-16-2025;https://opensea.io/blog/articles/opensea-digest-september-18-2025,https://www.americanexpress.com/
hommegirls.com,com,REGISTERED,6/3/2027,255,Squarespace Domains II LLC,6/3/2018,"client delete prohibited,client transfer prohibited",rdap,https://opensea.io/blog/articles/opensea-digest-october-30-2025,https://www.hommegirls.com/
argent.xyz,xyz,REGISTERED,6/2/2027,255,Gandi SAS,6/2/2014,client transfer prohibited,rdap,https://opensea.io/blog/articles/wyvern-2-3-developer-upgrade-guide,https://www.argent.xyz/
artchive.com,com,REGISTERED,6/4/2027,256,"NameSilo, LLC",6/5/1998,client transfer prohibited,rdap,https://opensea.io/blog/articles/damien-hirst,https://www.artchive.com/artwork/a-thousand-years-damien-hirst-1990/
mattel.com,com,REGISTERED,6/4/2027,256,MarkMonitor Inc.,6/5/1995,"client delete prohibited,client transfer prohibited,client update prohibited",rdap,https://opensea.io/blog/articles/gary-vaynerchuk;https://opensea.io/blog/articles/live-from-marfa-in-conversation-with-clownvamp;https://opensea.io/blog/articles/nft-collectibles,https://corporate.mattel.com/brand-portfolio/polly-pocket
bitflips.io,io,REGISTERED,6/4/2027,256,"NameCheap, Inc.",6/4/2021,clientTransferProhibited https://icann.org/epp#clientTransferProhibited,whois,https://opensea.io/blog/articles/in-conversation-with-m-shadows-of-avenged-sevenfold,http://bitflips.io
gucci.com,com,REGISTERED,6/4/2027,256,Nom-iq Ltd. dba COM LAUDE,6/5/1996,"client delete prohibited,client transfer prohibited,client update prohibited",rdap,https://opensea.io/blog/articles/opensea-digest-april-11-2024;https://opensea.io/blog/articles/opensea-digest-aug-4-2023;https://opensea.io/blog/articles/opensea-digest-feb-15-2024,https://artspace.gucci.com/artwork/repetae-again-again
flipkart.com,com,REGISTERED,6/3/2027,256,"GoDaddy.com, LLC",6/3/2007,"client delete prohibited,client renew prohibited,client transfer prohibited,client update prohibited",rdap,https://opensea.io/blog/articles/opensea-digest-dec-13-2023,https://firedrops.flipkart.com/
embersword.com,com,REGISTERED,6/4/2027,257,"NameCheap, Inc.",6/4/2016,client transfer prohibited,rdap,https://opensea.io/blog/articles/ember-sword-marketplace,https://embersword.com/
super.site,site,REGISTERED,6/4/2027,257,Namify Domains Inc,6/4/2021,client transfer prohibited,rdap,https://opensea.io/blog/articles/in-conversation-with-andrea-miele-of-beezie;https://opensea.io/blog/articles/in-conversation-with-des-lucrece,https://deslucrece.super.site/lucrece-collections/a-new-journey
mixmag.net,net,REGISTERED,6/4/2027,257,IONOS SE,6/4/1999,client transfer prohibited,rdap,https://opensea.io/blog/articles/in-conversation-with-inder-phull-of-pixelynx,https://mixmag.net/read/mixmag-and-ims-present-visionaries-contest-winner-inder-phull-news
dyli.io,io,REGISTERED,6/4/2027,257,"NameCheap, Inc.",6/4/2024,clientTransferProhibited https://icann.org/epp#clientTransferProhibited,whois,https://opensea.io/blog/articles/in-conversation-with-jonah-kitay-of-dyli,https://www.dyli.io/
nouns.wtf,wtf,REGISTERED,6/4/2027,257,"NameCheap, Inc.",6/4/2021,active,rdap,https://opensea.io/blog/articles/nouns;https://opensea.io/blog/articles/opensea-digest-july-27-2023;https://opensea.io/blog/articles/opensea-digest-sept-15-2023,https://nouns.wtf/
msn.com,com,REGISTERED,6/4/2027,257,MarkMonitor Inc.,11/10/1994,"client delete prohibited,client transfer prohibited,client update prohibited,server delete prohibited,server transfer prohibited,server update prohibited",rdap,https://opensea.io/blog/articles/opensea-digest-june-25-2026,https://www.msn.com/en-us/money/economy/chainlink-adds-project-pangea-to-growing-tradfi-roster-as-link-price-stays-flat/ar-AA26nhTM
subjective.art,art,REGISTERED,6/5/2027,258,"GoDaddy.com, LLC",6/5/2022,active,rdap,https://opensea.io/blog/articles/opensea-digest-august-22-2024,https://www.subjective.art/festival
bitpanda.com,com,REGISTERED,6/5/2027,258,"Cloudflare, Inc.",6/5/2014,client transfer prohibited,rdap,https://opensea.io/blog/articles/opensea-digest-july-17-2025,https://www.bitpanda.com/en
ai.gov,gov,REGISTERED,6/5/2027,258,get.gov,7/27/2018,server transfer prohibited,rdap,https://opensea.io/blog/articles/opensea-digest-july-24-2025,https://www.ai.gov/action-plan
costarastrology.com,com,REGISTERED,6/5/2027,258,"Amazon Registrar, Inc.",6/5/2017,client transfer prohibited,rdap,https://opensea.io/blog/articles/opensea-digest-july-30-2026,https://www.costarastrology.com/
glitchmarfa.com,com,REGISTERED,6/6/2027,258,Squarespace Domains LLC,6/6/2022,"client delete prohibited,client transfer prohibited,client update prohibited",rdap,https://opensea.io/blog/articles/opensea-digest-july-9-2026;https://opensea.io/blog/articles/opensea-digest-november-21-2024;https://opensea.io/blog/articles/opensea-digest-sept-29-2023,https://www.glitchmarfa.com/
cryptoassault.io,io,REGISTERED,6/6/2027,259,Gandi SAS,6/6/2018,clientTransferProhibited https://icann.org/epp#clientTransferProhibited,whois,https://opensea.io/blog/articles/cryptoassault-units-are-now-tradeable;https://opensea.io/blog/articles/non-fungible-tokens,https://cryptoassault.io/
chikai.art,art,REGISTERED,6/6/2027,259,Squarespace Domains II LLC,6/6/2023,"client transfer prohibited,client delete prohibited",rdap,https://opensea.io/blog/articles/in-conversation-with-chikai-ohazama;https://opensea.io/blog/articles/spotlight-on-asian-american-and-pacific-islander-heritage-month,https://chikai.art/
laylapizarro.com,com,REGISTERED,6/7/2027,259,"GoDaddy.com, LLC",6/7/2020,"client delete prohibited,client renew prohibited,client transfer prohibited,client update prohibited",rdap,https://opensea.io/blog/articles/live-from-marfa-in-conversation-with-layla-pizarro,https://www.laylapizarro.com/as-we-are---dual-portrait--2021
yggplay.fun,fun,REGISTERED,6/6/2027,259,"NameCheap, Inc.",6/6/2025,client transfer prohibited,rdap,https://opensea.io/blog/articles/opensea-digest-july-9-2026;https://opensea.io/blog/articles/opensea-digest-may-15-2026,https://www.yggplay.fun/
prada.com,com,REGISTERED,6/8/2027,260,Barbero & Associates Limited,6/9/1997,"client delete prohibited,client transfer prohibited,client update prohibited",rdap,https://opensea.io/blog/articles/in-conversation-with-gmoney;https://opensea.io/blog/articles/luxury-nfts,https://www.prada.com/prada-crypted/
eip7702.io,io,REGISTERED,6/7/2027,260,"Name.com, Inc.",6/7/2024,clientTransferProhibited https://icann.org/epp#clientTransferProhibited,whois,https://opensea.io/blog/articles/opensea-digest-march-5-2026,https://eip7702.io/
adultswim.com,com,REGISTERED,6/7/2027,260,Nom-iq Ltd. dba COM LAUDE,6/7/1999,"client delete prohibited,client transfer prohibited,client update prohibited,server delete prohibited,server transfer prohibited,server update prohibited",rdap,https://opensea.io/blog/articles/opensea-digest-october-2-2024,https://www.adultswim.com/streams/robot-chicken
twitch.tv,tv,REGISTERED,6/8/2027,261,"MarkMonitor, Inc.",6/8/2009,"client transfer prohibited,client delete prohibited,client update prohibited,server update prohibited,server delete prohibited,server transfer prohibited",rdap,https://opensea.io/blog/articles/complexity-gamings-bold-pivot-to-web3-gaming;https://opensea.io/blog/articles/in-conversation-with-sean-pinnock-of-avalon;https://opensea.io/blog/articles/opensea-digest-april-25-2024,https://www.twitch.tv/
tumblr.com,com,REGISTERED,6/8/2027,261,MarkMonitor Inc.,6/8/2006,"client delete prohibited,client transfer prohibited,client update prohibited,server delete prohibited,server transfer prohibited,server update prohibited",rdap,https://opensea.io/blog/articles/in-conversation-with-jonathan-mann;https://opensea.io/blog/articles/xcopy,https://www.tumblr.com/
leonkarssen.com,com,REGISTERED,6/9/2027,262,"GoDaddy.com, LLC",6/9/2015,"client delete prohibited,client renew prohibited,client transfer prohibited,client update prohibited",rdap,https://opensea.io/blog/articles/in-conversation-with-grizzle-of-trencher,https://leonkarssen.com/
thedoomed.xyz,xyz,REGISTERED,6/9/2027,262,1API GmbH,6/9/2023,client transfer prohibited,rdap,https://opensea.io/blog/articles/in-conversation-with-jediwolf,https://thedoomed.xyz/
avengedsevenfold.io,io,REGISTERED,6/9/2027,262,Key-Systems GmbH,6/9/2021,clientDeleteProhibited https://icann.org/epp#clientDeleteProhibited,whois,https://opensea.io/blog/articles/in-conversation-with-m-shadows-of-avenged-sevenfold,https://www.avengedsevenfold.io/
coolcatsnft.com,com,REGISTERED,6/9/2027,262,"Amazon Registrar, Inc.",6/9/2021,client transfer prohibited,rdap,https://opensea.io/blog/articles/opensea-digest-aug-18-2023;https://opensea.io/blog/articles/opensea-digest-january-9-2025;https://opensea.io/blog/articles/opensea-digest-june-30-2023,https://coolcatsnft.com/news/post/introducing-sidekicks
virtuals.io,io,REGISTERED,6/10/2027,262,"Cloudflare, Inc",6/10/2015,clientTransferProhibited https://icann.org/epp#clientTransferProhibited,whois,https://opensea.io/blog/articles/opensea-digest-november-6-2025,https://app.virtuals.io/
skplanet.com,com,REGISTERED,6/9/2027,262,"Gabia, Inc.",6/9/2011,client transfer prohibited,rdap,https://opensea.io/blog/articles/opensea-digest-october-23-2025,https://www.skplanet.com/eng/main
blackspringpressgroup.com,com,REGISTERED,6/10/2027,263,Tucows Domains Inc.,6/10/2020,"client transfer prohibited,client update prohibited",rdap,https://opensea.io/blog/articles/in-conversation-with-ana-maria-caballero,https://blackspringpressgroup.com/blogs/news/the-winner-of-the-2020-international-beverly-prize-for-literature-is
techcrunch.com,com,REGISTERED,6/10/2027,263,MarkMonitor Inc.,6/10/2005,"client delete prohibited,client transfer prohibited,client update prohibited,server delete prohibited,server transfer prohibited,server update prohibited",rdap,https://opensea.io/blog/articles/nft-news-sources-and-how-to-access-them;https://opensea.io/blog/articles/non-fungible-tokens;https://opensea.io/blog/articles/opensea-digest-august-22-2024,https://techcrunch.com/2017/12/03/people-have-spent-over-1m-buying-virtual-cats-on-the-ethereum-blockchain/
toyota-blockchain-lab.org,org,REGISTERED,6/11/2027,264,Squarespace Domains LLC,6/11/2024,"client delete prohibited,client transfer prohibited",rdap,https://opensea.io/blog/articles/opensea-digest-september-4-2025,https://www.toyota-blockchain-lab.org/
1confirmation.com,com,REGISTERED,6/12/2027,265,"GoDaddy.com, LLC",6/12/2017,"client delete prohibited,client renew prohibited,client transfer prohibited,client update prohibited",rdap,https://opensea.io/blog/articles/bringing-on-additional-strategic-investors-to-opensea;https://opensea.io/blog/articles/in-conversation-with-jacek-trocinski-of-degen;https://opensea.io/blog/articles/in-conversation-with-magic-machine-the-team-behind-forgotten-runes,https://www.1confirmation.com/
airswap.io,io,REGISTERED,6/12/2027,265,"Cloudflare, Inc",6/12/2017,clientTransferProhibited https://icann.org/epp#clientTransferProhibited,whois,https://opensea.io/blog/articles/buy-and-sell-crypto-collectibles-with-dai,https://instant.airswap.io/
britannica.com,com,REGISTERED,6/13/2027,265,"CSC Corporate Domains, Inc.",6/14/1995,client transfer prohibited,rdap,https://opensea.io/blog/articles/in-conversation-with-gossamer-rozen;https://opensea.io/blog/articles/in-conversation-with-ilan-derech;https://opensea.io/blog/articles/opensea-digest-july-24-2025,https://www.britannica.com/art/chiaroscuro
sportspromedia.com,com,REGISTERED,6/12/2027,265,"Amazon Registrar, Inc.",6/12/2007,client transfer prohibited,rdap,https://opensea.io/blog/articles/sports-nfts,https://www.sportspromedia.com/news/manchester-united-nft-fantasy-game-tezos-blockchain-web-3/
theverseverse.com,com,REGISTERED,6/13/2027,266,"GoDaddy.com, LLC",6/13/2021,"client delete prohibited,client renew prohibited,client transfer prohibited,client update prohibited",rdap,https://opensea.io/blog/articles/in-conversation-with-ana-maria-caballero;https://opensea.io/blog/articles/opensea-digest-april-18-2024;https://opensea.io/blog/articles/opensea-digest-july-6-2024,https://theverseverse.com/
avengedsevenfold.com,com,REGISTERED,6/14/2027,266,"GoDaddy.com, LLC",6/14/2002,"client delete prohibited,client renew prohibited,client transfer prohibited,client update prohibited",rdap,https://opensea.io/blog/articles/in-conversation-with-m-shadows-of-avenged-sevenfold,https://www.avengedsevenfold.com/
franklintempleton.com,com,REGISTERED,6/14/2027,266,"CSC Corporate Domains, Inc.",6/15/1997,client transfer prohibited,rdap,https://opensea.io/blog/articles/opensea-digest-august-21-2025;https://opensea.io/blog/articles/opensea-digest-january-9-2026;https://opensea.io/blog/articles/opensea-digest-november-6-2025,https://www.franklintempleton.com/
bloomberglaw.com,com,REGISTERED,6/13/2027,266,"CSC Corporate Domains, Inc.",6/13/2000,clientTransferProhibited https://icann.org/epp#clientTransferProhibited,whois,https://opensea.io/blog/articles/stablecoins-for-consumers,https://news.bloomberglaw.com/securities-law/wyoming-frontier-token-tests-stablecoin-model-watched-by-states
culture3.com,com,REGISTERED,6/14/2027,267,Squarespace Domains II LLC,6/14/2021,"client delete prohibited,client transfer prohibited",rdap,https://opensea.io/blog/articles/claire-silver;https://opensea.io/blog/articles/julie-pacino,https://www.culture3.com/posts/claire-silver-on-why-taste-is-the-new-skill-and-the-future-of-ai-driven-culture
nfa.space,space,REGISTERED,6/14/2027,267,"GoDaddy.com, LLC",6/14/2022,"client renew prohibited,client transfer prohibited,client update prohibited,client delete prohibited",rdap,https://opensea.io/blog/articles/in-conversation-with-mauricio-yauri,https://www.nfa.space/
moonray.studio,studio,REGISTERED,6/14/2027,267,"GoDaddy.com, LLC",6/14/2023,"client delete prohibited,client renew prohibited,client transfer prohibited,client update prohibited",rdap,https://opensea.io/blog/articles/moonrays-unusual-journey-from-comic-books-to-a-futuristic-arena-battler-game,http://moonray.studio
shardbound.com,com,REGISTERED,6/14/2027,267,"Amazon Registrar, Inc.",6/14/2016,active,rdap,https://opensea.io/blog/articles/opensea-digest-feb-1-2024,https://www.shardbound.com/
josie.io,io,REGISTERED,6/15/2027,267,Key-Systems GmbH,6/15/2018,clientDeleteProhibited https://icann.org/epp#clientDeleteProhibited,whois,https://opensea.io/blog/articles/predict-and-recommend-nfts,https://josie.io/
forbes.com,com,REGISTERED,6/16/2027,268,MarkMonitor Inc.,6/17/1993,"client delete prohibited,client transfer prohibited,client update prohibited",rdap,https://opensea.io/blog/articles/5-health-and-wellness-nft-collections-to-watch-in-2024;https://opensea.io/blog/articles/a-month-of-rare-digital-art-from-makersplace;https://opensea.io/blog/articles/complexity-gamings-bold-pivot-to-web3-gaming,https://www.forbes.com
nitronationworldtour.com,com,REGISTERED,6/15/2027,268,Dynadot Inc,6/15/2022,client transfer prohibited,rdap,https://opensea.io/blog/articles/opensea-digest-oct-12-2023,https://nitronationworldtour.com/
crocs.com,com,REGISTERED,6/18/2027,270,MarkMonitor Inc.,6/19/1996,"client delete prohibited,client transfer prohibited,client update prohibited",rdap,https://opensea.io/blog/articles/fashion-nfts;https://opensea.io/blog/articles/opensea-digest-aug-10-2023,https://www.crocs.com
anewdayone.xyz,xyz,REGISTERED,6/17/2027,270,"Name.com, Inc.",6/17/2025,client transfer prohibited,rdap,https://opensea.io/blog/articles/opensea-digest-july-17-2025,https://www.anewdayone.xyz/
kodansha.us,us,REGISTERED,6/18/2027,270,"MarkMonitor, Inc.",6/18/2020,clientTransferProhibited https://icann.org/epp#clientTransferProhibited,whois,https://opensea.io/blog/articles/opensea-digest-july-18-2024,https://kodansha.us/
prweb.com,com,REGISTERED,6/18/2027,271,"CSC Corporate Domains, Inc.",6/9/1997,"client transfer prohibited,server delete prohibited,server transfer prohibited,server update prohibited",rdap,https://opensea.io/blog/articles/in-conversation-with-hantao-yuan,https://www.prweb.com/releases/overtime-acquires-evade-doubling-down-on-gaming-852223034.html
gamesquare.com,com,REGISTERED,6/19/2027,272,"NameCheap, Inc.",6/19/2004,client transfer prohibited,rdap,https://opensea.io/blog/articles/complexity-gamings-bold-pivot-to-web3-gaming;https://opensea.io/blog/articles/opensea-digest-september-4-2025,https://www.gamesquare.com/
towns.com,com,REGISTERED,6/20/2027,272,"GoDaddy.com, LLC",6/21/1997,"client delete prohibited,client renew prohibited,client transfer prohibited,client update prohibited",rdap,https://opensea.io/blog/articles/in-conversation-with-ben-rubin,http://towns.com
digitalartchain.com,com,REGISTERED,6/19/2027,272,"Game For Names, LLC",6/19/2026,active,rdap,https://opensea.io/blog/articles/non-fungible-tokens,https://digitalartchain.com/
odysseytips.com,com,REGISTERED,6/20/2027,272,"GoDaddy.com, LLC",6/20/2023,"client delete prohibited,client renew prohibited,client transfer prohibited,client update prohibited",rdap,https://opensea.io/blog/articles/opensea-digest-jan-18-2023,https://www.odysseytips.com/home
xcopy.art,art,REGISTERED,6/19/2027,272,"GoDaddy.com, LLC",6/19/2021,"client renew prohibited,client transfer prohibited,client update prohibited,client delete prohibited",rdap,https://opensea.io/blog/articles/opensea-digest-nov-10-2023;https://opensea.io/blog/articles/opensea-digest-october-24-2024;https://opensea.io/blog/articles/xcopy,https://xcopy.art/
glhfers.com,com,REGISTERED,6/19/2027,272,Squarespace Domains II LLC,6/19/2023,"client delete prohibited,client transfer prohibited",rdap,https://opensea.io/blog/articles/pioneering-programmatic-allowlists-with-dith-and-glhfers,https://www.glhfers.com/auction
magicmachine.com,com,REGISTERED,6/20/2027,273,"GoDaddy.com, LLC",6/20/2005,"client delete prohibited,client renew prohibited,client transfer prohibited,client update prohibited",rdap,https://opensea.io/blog/articles/in-conversation-with-magic-machine-the-team-behind-forgotten-runes;https://opensea.io/blog/articles/opensea-digest-march-20-2025;https://opensea.io/blog/articles/opensea-digest-march-27-2025,https://magicmachine.com/
avax.network,network,REGISTERED,6/21/2027,273,"Cloudflare, Inc",6/21/2020,"client delete prohibited,client transfer prohibited,client update prohibited",rdap,https://opensea.io/blog/articles/opensea-digest-august-1-2024;https://opensea.io/blog/articles/opensea-digest-january-30-2025;https://opensea.io/blog/articles/opensea-digest-january-30-2026,https://www.avax.network/
crowdfundinsider.com,com,REGISTERED,6/20/2027,273,"GoDaddy.com, LLC",6/20/2012,"client delete prohibited,client renew prohibited,client transfer prohibited,client update prohibited",rdap,https://opensea.io/blog/articles/opensea-digest-august-15-2025,https://www.crowdfundinsider.com/2025/08/247424-animoca-brands-takes-majority-stake-in-cool-cats-nft-collection-owner/
mooar.com,com,REGISTERED,6/20/2027,273,"Name.com, Inc.",6/20/2014,client transfer prohibited,rdap,https://opensea.io/blog/articles/opensea-digest-december-5-2024,https://mooar.com/
sothebysinstitute.com,com,REGISTERED,6/20/2027,273,Tucows Domains Inc.,6/20/2005,"client transfer prohibited,client update prohibited",rdap,https://opensea.io/blog/articles/opensea-digest-july-6-2024,https://www.sothebysinstitute.com/news-and-events/news/sothebys-makes-history-with-cryptocurrency-poem-sale
missalsimpsonartist.com,com,REGISTERED,6/20/2027,273,Wix.com Ltd.,6/20/2021,clientTransferProhibited https://icann.org/epp#clientTransferProhibited,whois,https://opensea.io/blog/articles/opensea-digest-october-17-2024,https://www.missalsimpsonartist.com/
crypovoxels.com,com,REGISTERED,6/22/2027,275,Dynadot Inc,6/22/2026,client transfer prohibited,rdap,https://opensea.io/blog/articles/bringing-on-additional-strategic-investors-to-opensea,https://crypovoxels.com/
astar.network,network,REGISTERED,6/22/2027,275,"Amazon Registrar, Inc.",6/22/2021,client transfer prohibited,rdap,https://opensea.io/blog/articles/opensea-digest-june-12-2025,https://astar.network/
rizzolibookstore.com,com,REGISTERED,6/22/2027,275,"GoDaddy.com, LLC",6/22/2012,"client delete prohibited,client renew prohibited,client transfer prohibited,client update prohibited",rdap,https://opensea.io/blog/articles/opensea-digest-november-7-2024,https://www.rizzolibookstore.com/
some.place,place,REGISTERED,6/23/2027,276,Virtualia LLC,6/23/2026,active,rdap,https://opensea.io/blog/articles/opensea-digest-may-26-2023,https://some.place/
reubenwu.com,com,REGISTERED,6/23/2027,276,"GoDaddy.com, LLC",6/23/2009,"client delete prohibited,client renew prohibited,client transfer prohibited,client update prohibited",rdap,https://opensea.io/blog/articles/spotlight-on-asian-american-and-pacific-islander-heritage-month,https://reubenwu.com/about
nbcnews.com,com,REGISTERED,6/25/2027,277,MarkMonitor Inc.,6/26/1997,"client delete prohibited,client transfer prohibited,client update prohibited,server delete prohibited,server transfer prohibited,server update prohibited",rdap,https://opensea.io/blog/articles/in-conversation-with-alex-taub-of-goblintown,https://www.nbcnews.com/business/business-news/nike-mschf-reach-settlement-satan-shoes-trademark-lawsuit-n1263567
radixart.io,io,REGISTERED,6/24/2027,277,"NameCheap, Inc.",6/24/2021,clientTransferProhibited https://icann.org/epp#clientTransferProhibited,whois,https://opensea.io/blog/articles/live-from-marfa-in-conversation-with-radix,https://radixart.io
townandcountrymag.com,com,REGISTERED,6/24/2027,277,"CSC Corporate Domains, Inc.",6/24/1999,client transfer prohibited,rdap,https://opensea.io/blog/articles/opensea-digest-july-18-2024,https://www.townandcountrymag.com/
suiplay0x1.com,com,REGISTERED,6/24/2027,277,"GoDaddy.com, LLC",6/24/2024,clientDeleteProhibited https://icann.org/epp#clientDeleteProhibited,whois,https://opensea.io/blog/articles/opensea-digest-september-5-2024,https://www.suiplay0x1.com/
genies.com,com,REGISTERED,6/26/2027,278,"Amazon Registrar, Inc.",6/27/1996,client transfer prohibited,rdap,https://opensea.io/blog/articles/genies-asia-x-pac-man-x-opensea,https://genies.com/
gunzillagames.com,com,REGISTERED,6/26/2027,279,Hosting Concepts B.V. d/b/a Registrar.eu,6/26/2020,client transfer prohibited,rdap,https://opensea.io/blog/articles/off-the-grid-console-gaming-web3-battle-royale;https://opensea.io/blog/articles/opensea-digest-april-11-2024;https://opensea.io/blog/articles/opensea-digest-august-15-2024,http://gunzillagames.com
dolcegabbana.com,com,REGISTERED,6/27/2027,279,Register SPA,6/28/1996,"client delete prohibited,client transfer prohibited,client update prohibited",rdap,https://opensea.io/blog/articles/opensea-digest-october-17-2024,https://www.dolcegabbana.com/en-us/
thunderbirdmarfa.com,com,REGISTERED,6/27/2027,280,"Wild West Domains, LLC",6/27/2003,"client delete prohibited,client renew prohibited,client transfer prohibited,client update prohibited",rdap,https://opensea.io/blog/articles/live-from-marfa-in-conversation-with-deltasauce;https://opensea.io/blog/articles/live-from-marfa-in-conversation-with-dk;https://opensea.io/blog/articles/live-from-marfa-in-conversation-with-harvey-rayner,https://www.thunderbirdmarfa.com/
hiddenroad.com,com,REGISTERED,6/28/2027,281,"GoDaddy.com, LLC",7/22/2004,"client delete prohibited,client renew prohibited,client transfer prohibited,client update prohibited",rdap,https://opensea.io/blog/articles/opensea-digest-april-10-2025,https://hiddenroad.com/
houseofdoge.com,com,REGISTERED,6/28/2027,281,"Amazon Registrar, Inc.",6/28/2019,client transfer prohibited,rdap,https://opensea.io/blog/articles/opensea-digest-march-27-2025;https://opensea.io/blog/articles/opensea-digest-october-23-2025,https://www.houseofdoge.com/
katevassgalerie.com,com,REGISTERED,6/28/2027,281,1API GmbH,6/28/2017,clientDeleteProhibited https://icann.org/epp#clientDeleteProhibited,whois,https://opensea.io/blog/articles/opensea-digest-may-8-2025,https://www.katevassgalerie.com/
gdconf.com,com,REGISTERED,6/30/2027,282,SafeNames Ltd.,7/1/1998,"client delete prohibited,client transfer prohibited,client update prohibited",rdap,https://opensea.io/blog/articles/in-conversation-with-koin-games,https://gdconf.com/
bmoreart.com,com,REGISTERED,6/29/2027,282,"GoDaddy.com, LLC",6/29/2007,"client delete prohibited,client renew prohibited,client transfer prohibited,client update prohibited",rdap,https://opensea.io/blog/articles/live-from-marfa-in-conversation-with-vinnie-hager,https://bmoreart.com/2021/04/vinnie-hagers-inventive-codes-and-doodles.html
thegodpull.com,com,REGISTERED,6/30/2027,282,Squarespace Domains LLC,6/30/2026,"client delete prohibited,client transfer prohibited",rdap,https://opensea.io/blog/articles/opensea-digest-july-24-2026,https://thegodpull.com/
ethereumfilm.xyz,xyz,REGISTERED,6/29/2027,282,"GoDaddy.com, LLC",6/29/2024,"client renew prohibited,client transfer prohibited,client update prohibited,client delete prohibited",rdap,https://opensea.io/blog/articles/opensea-digest-september-12-2024,https://ethereumfilm.xyz/
linkhomeholdings.com,com,REGISTERED,6/29/2027,282,"GoDaddy.com, LLC",6/29/2024,"client delete prohibited,client renew prohibited,client transfer prohibited,client update prohibited",rdap,https://opensea.io/blog/articles/opensea-digest-september-18-2025,https://www.linkhomeholdings.com/
psg.fr,fr,REGISTERED,6/29/2027,282,IP TWINS SAS,5/5/1999,active,rdap,https://opensea.io/blog/articles/sports-nfts,https://en.psg.fr/
roninchain.com,com,REGISTERED,6/30/2027,283,"Cloudflare, Inc.",6/30/2020,client transfer prohibited,rdap,https://opensea.io/blog/articles/in-conversation-with-magic-machine-the-team-behind-forgotten-runes;https://opensea.io/blog/articles/opensea-digest-april-3-2025;https://opensea.io/blog/articles/opensea-digest-august-21-2025,https://blog.roninchain.com/p/ronin-is-home
dialectic.ky,ky,REGISTERED,6/30/2027,283,Uniregistrar Corp,6/30/2021,active,rdap,https://opensea.io/blog/articles/in-conversation-with-magic-machine-the-team-behind-forgotten-runes,https://dialectic.ky/
chess.com,com,REGISTERED,7/2/2027,284,"GoDaddy.com, LLC",8/11/1994,"client delete prohibited,client renew prohibited,client transfer prohibited,client update prohibited",rdap,https://opensea.io/blog/articles/in-conversation-with-chevan-tin-of-anichess;https://opensea.io/blog/articles/opensea-digest-jan-18-2023;https://opensea.io/blog/articles/opensea-digest-january-15-2026,https://chess.com
metamask.io,io,REGISTERED,7/2/2027,285,"Cloudflare, Inc",7/2/2015,clientTransferProhibited https://icann.org/epp#clientTransferProhibited,whois,https://opensea.io/blog/articles/bringing-on-additional-strategic-investors-to-opensea;https://opensea.io/blog/articles/crypto-rewards-cards;https://opensea.io/blog/articles/epics-trading-cards,https://metamask.io/
ghiblicollection.com,com,REGISTERED,7/2/2027,285,"GoDaddy.com, LLC",7/2/2017,"client delete prohibited,client renew prohibited,client transfer prohibited,client update prohibited",rdap,https://opensea.io/blog/articles/get-based-with-dailofrog,https://ghiblicollection.com/
sei.io,io,REGISTERED,7/4/2027,286,"NameCheap, Inc.",7/4/2013,clientTransferProhibited https://icann.org/epp#clientTransferProhibited,whois,https://opensea.io/blog/articles/opensea-digest-april-3-2025,https://www.sei.io/
theguardian.com,com,REGISTERED,7/5/2027,287,"GoDaddy.com, LLC",7/6/1994,"client delete prohibited,client renew prohibited,client transfer prohibited,client update prohibited",rdap,https://opensea.io/blog/articles/damien-hirst;https://opensea.io/blog/articles/generative-art-nfts;https://opensea.io/blog/articles/music-nfts,https://www.theguardian.com/artanddesign/2008/jun/01/art
dk-nft.xyz,xyz,REGISTERED,7/4/2027,287,Tucows Domains Inc.,7/4/2022,"client transfer prohibited,client update prohibited",rdap,https://opensea.io/blog/articles/live-from-marfa-in-conversation-with-dk,https://dk-nft.xyz/
therootnetwork.com,com,REGISTERED,7/4/2027,287,"NameCheap, Inc.",7/4/2022,client transfer prohibited,rdap,https://opensea.io/blog/articles/opensea-digest-april-17-2025;https://opensea.io/blog/articles/opensea-digest-august-15-2025;https://opensea.io/blog/articles/opensea-digest-june-19-2025,https://www.therootnetwork.com/
shibthemetaverse.io,io,REGISTERED,7/4/2027,287,Key-Systems GmbH,7/4/2023,ok https://icann.org/epp#ok,whois,https://opensea.io/blog/articles/opensea-digest-january-9-2025,http://shibthemetaverse.io
si.com,com,REGISTERED,7/5/2027,287,MarkMonitor Inc.,7/6/1990,"client delete prohibited,client transfer prohibited,client update prohibited",rdap,https://opensea.io/blog/articles/opensea-digest-may-5,https://www.si.com/
lenne.photography,photography,REGISTERED,7/5/2027,287,Porkbun LLC,7/5/2014,"client delete prohibited,client transfer prohibited",rdap,https://opensea.io/blog/articles/spotlight-on-asian-american-and-pacific-islander-heritage-month,https://lenne.photography/about/
artsy.net,net,REGISTERED,7/6/2027,288,"GoDaddy.com, LLC",7/7/1998,"client delete prohibited,client renew prohibited,client transfer prohibited,client update prohibited",rdap,https://opensea.io/blog/articles/damien-hirst;https://opensea.io/blog/articles/in-conversation-with-piv;https://opensea.io/blog/articles/micah-johnson,https://www.artsy.net/article/artsy-editorial-5-saatchi-gallery-exhibitions-changed-british-art
americana.io,io,REGISTERED,7/5/2027,288,"NameCheap, Inc.",7/5/2020,ok https://icann.org/epp#ok,whois,https://opensea.io/blog/articles/opensea-digest-feb-22-2024;https://opensea.io/blog/articles/opensea-digest-july-27-2023,https://www.americana.io/
reebok.com,com,REGISTERED,7/7/2027,289,MarkMonitor Inc.,7/8/1994,"client delete prohibited,client transfer prohibited,client update prohibited",rdap,https://opensea.io/blog/articles/opensea-digest-march-14-2024,https://www.reebok.com/
anichess.com,com,REGISTERED,7/7/2027,290,"GoDaddy.com, LLC",7/7/2022,"client delete prohibited,client renew prohibited,client transfer prohibited,client update prohibited",rdap,https://opensea.io/blog/articles/in-conversation-with-chevan-tin-of-anichess;https://opensea.io/blog/articles/opensea-digest-jan-18-2023;https://opensea.io/blog/articles/opensea-digest-january-15-2026,https://anichess.com/
333eth.io,io,REGISTERED,7/7/2027,290,"Spaceship, Inc.",7/7/2026,clientTransferProhibited https://icann.org/epp#clientTransferProhibited,whois,https://opensea.io/blog/articles/interview-phil-from-cryptogametalk-part-three,https://333eth.io/
congress.gov,gov,REGISTERED,7/7/2027,290,get.gov,10/2/1997,server transfer prohibited,rdap,https://opensea.io/blog/articles/opensea-digest-august-28-2025;https://opensea.io/blog/articles/opensea-digest-july-17-2025;https://opensea.io/blog/articles/opensea-digest-november-13-2025,https://www.congress.gov/bill/118th-congress/house-bill/5403/text
worldofwomen.art,art,REGISTERED,7/7/2027,290,Squarespace Domains II LLC,7/7/2021,"client transfer prohibited,client delete prohibited",rdap,https://opensea.io/blog/articles/sports-nfts,https://www.worldofwomen.art/
broadwaycares.org,org,REGISTERED,7/7/2027,290,"Network Solutions, LLC",7/7/1999,client transfer prohibited,rdap,https://opensea.io/blog/articles/the-biggest-drop-in-times-square-since-new-years-eve,https://broadwaycares.org/
socialmediatoday.com,com,REGISTERED,7/8/2027,291,"NameCheap, Inc.",7/8/2006,client transfer prohibited,rdap,https://opensea.io/blog/articles/insights-on-coindesk-s-10-most-influential-nfts,https://www.socialmediatoday.com/marketing/science-behind-buzzfeeds-viral-content
filecoin.io,io,REGISTERED,7/9/2027,292,"CSC Corporate Domains, Inc.",7/9/2014,clientTransferProhibited https://icann.org/epp#clientTransferProhibited,whois,https://opensea.io/blog/articles/decentralizing-nft-metadata-on-opensea;https://opensea.io/blog/articles/non-fungible-tokens,https://docs.filecoin.io/go-filecoin-tutorial/Storing-on-Filecoin.html#table-of-contents
chainlinklabs.com,com,REGISTERED,7/9/2027,292,MarkMonitor Inc.,7/9/2020,"client delete prohibited,client transfer prohibited,client update prohibited,server delete prohibited,server transfer prohibited,server update prohibited",rdap,https://opensea.io/blog/articles/opensea-digest-april-17-2026;https://opensea.io/blog/articles/opensea-digest-june-25-2026,https://chainlinklabs.com/
fhfa.gov,gov,REGISTERED,7/9/2027,292,get.gov,7/16/2008,server transfer prohibited,rdap,https://opensea.io/blog/articles/opensea-digest-april-2-2026,https://www.fhfa.gov/
enjincoin.io,io,REGISTERED,7/12/2027,294,MarkMonitor Inc.,7/12/2017,clientDeleteProhibited https://icann.org/epp#clientDeleteProhibited,whois,https://opensea.io/blog/articles/erc1155-marketplace,https://blog.enjincoin.io/erc-1155-the-final-token-standard-on-ethereum-a83fce9f5714
otb.net,net,REGISTERED,7/11/2027,294,Barbero & Associates Limited,7/11/2004,client transfer prohibited,rdap,https://opensea.io/blog/articles/luxury-nfts;https://opensea.io/blog/articles/this-week-in-web3-and-nfts-maison-margiela-pudgy-penguins-delorean-more,https://www.otb.net/en
raoulpal.com,com,REGISTERED,7/11/2027,294,Tucows Domains Inc.,7/11/2016,active,rdap,https://opensea.io/blog/articles/opensea-digest-july-9-2026,https://raoulpal.com/
raid.world,world,REGISTERED,7/11/2027,294,"eNom, LLC",7/11/2017,client transfer prohibited,rdap,https://opensea.io/blog/articles/parallel-new-3d-shooter-game-powered-by-unreal-engine,https://www.raid.world/about/
statmethods.net,net,REGISTERED,7/12/2027,295,"GoDaddy.com, LLC",7/12/2007,"client delete prohibited,client renew prohibited,client transfer prohibited,client update prohibited",rdap,https://opensea.io/blog/articles/predict-and-recommend-nfts,https://www.statmethods.net/advstats/glm.html
businessresearchinsights.com,com,REGISTERED,7/12/2027,295,"GoDaddy.com, LLC",7/12/2021,"client delete prohibited,client renew prohibited,client transfer prohibited,client update prohibited",rdap,https://opensea.io/blog/articles/shrapnels-lock-and-load-plan-for-dominating-gaming-with-a-web3-extraction-shooter,"https://www.businessresearchinsights.com/market-reports/battle-royale-game-market-101554#:~:text=The%20global%20battle%20royale%20game,9.1%25%20during%20the%20forecasting%20period."
paypal.com,com,REGISTERED,7/15/2027,297,MarkMonitor Inc.,7/15/1999,"client delete prohibited,client transfer prohibited,client update prohibited,server delete prohibited,server transfer prohibited,server update prohibited",rdap,https://opensea.io/blog/articles/opensea-digest-april-10-2025;https://opensea.io/blog/articles/opensea-digest-aug-10-2023;https://opensea.io/blog/articles/opensea-digest-august-7-2025,https://www.paypal.com/
kresus.com,com,REGISTERED,7/14/2027,297,"GoDaddy.com, LLC",7/14/2008,"client delete prohibited,client renew prohibited,client transfer prohibited,client update prohibited",rdap,https://opensea.io/blog/articles/opensea-digest-feb-15-2024,https://kresus.com/
treeverse.net,net,REGISTERED,7/14/2027,297,"NameCheap, Inc.",7/14/2021,client transfer prohibited,rdap,https://opensea.io/blog/articles/opensea-digest-february-13-2025,https://treeverse.net/
blockletegames.com,com,REGISTERED,7/15/2027,298,Nom-iq Ltd. dba COM LAUDE,7/15/2020,"client delete prohibited,client transfer prohibited,client update prohibited",rdap,https://opensea.io/blog/articles/opensea-digest-may-23-2024,https://www.blockletegames.com/
1854.photography,photography,REGISTERED,7/16/2027,299,IONOS SE,7/16/2018,client transfer prohibited,rdap,https://opensea.io/blog/articles/edition365-a-portrait-of-the-year-that-changed-everything,https://www.1854.photography/awards/edition365/
thedefiant.io,io,REGISTERED,7/16/2027,299,"GoDaddy.com, LLC",7/16/2019,clientDeleteProhibited https://icann.org/epp#clientDeleteProhibited,whois,https://opensea.io/blog/articles/opensea-digest-april-24-2025;https://opensea.io/blog/articles/opensea-digest-august-22-2024;https://opensea.io/blog/articles/opensea-digest-august-7-2025,https://thedefiant.io/news/blockchains/near-confidential-payments-intents-launch-sc5363
huggingface.co,co,REGISTERED,7/17/2027,300,OVH sas,7/18/2016,clientTransferProhibited https://icann.org/epp#clientTransferProhibited,whois,https://opensea.io/blog/articles/live-from-marfa-in-conversation-with-dadabots,https://huggingface.co/
oma3.org,org,REGISTERED,7/17/2027,300,"GoDaddy.com, LLC",7/17/2022,"client delete prohibited,client renew prohibited,client transfer prohibited,client update prohibited",rdap,https://opensea.io/blog/articles/opensea-digest-jan-11-2024,https://www.oma3.org/
yatreda.com,com,REGISTERED,7/17/2027,300,"Cloudflare, Inc.",7/17/2021,client transfer prohibited,rdap,https://opensea.io/blog/articles/opensea-digest-july-11-2024,https://yatreda.com/
thecut.com,com,REGISTERED,7/19/2027,301,"Amazon Registrar, Inc.",7/20/1998,client transfer prohibited,rdap,https://opensea.io/blog/articles/in-conversation-with-jessica-yatrofsky;https://opensea.io/blog/articles/opensea-digest-april-3-2025,https://www.thecut.com/2015/08/brooklyn-artist-tackles-femininity-nsfw.html
marble.cards,cards,REGISTERED,7/18/2027,301,"GoDaddy.com, LLC",7/18/2018,"client delete prohibited,client renew prohibited,client transfer prohibited,client update prohibited",rdap,https://opensea.io/blog/articles/non-fungible-tokens;https://opensea.io/blog/articles/trade-marble-cards-on-opensea,https://marble.cards/
rumblekongleague.com,com,REGISTERED,7/18/2027,301,"NameCheap, Inc.",7/18/2021,clientTransferProhibited https://icann.org/epp#clientTransferProhibited,whois,https://opensea.io/blog/articles/sports-nfts;https://opensea.io/blog/articles/this-week-in-web3-and-nfts-mmerch-parallel-goat-gaming-more,https://www.rumblekongleague.com/
e11.io,io,REGISTERED,7/19/2027,302,Gandi SAS,7/19/2017,clientTransferProhibited https://icann.org/epp#clientTransferProhibited,whois,https://opensea.io/blog/articles/cryptowars-are-now-tradeable-opensea,https://blog.e11.io/all-you-need-to-know-about-e11-58941a971dd3
lever.co,co,REGISTERED,7/19/2027,302,"NameCheap, Inc.",7/20/2010,clientTransferProhibited https://icann.org/epp#clientTransferProhibited,whois,https://opensea.io/blog/articles/hello-better-offer-management-features-new-listing-flow;https://opensea.io/blog/articles/introducing-the-nft-security-group;https://opensea.io/blog/articles/opensea-site-reliability-january-2022,https://jobs.lever.co/OpenSea
wolves.co,co,REGISTERED,7/19/2027,302,"GoDaddy.com, LLC",7/20/2010,clientRenewProhibited https://icann.org/epp#clientRenewProhibited,whois,https://opensea.io/blog/articles/in-conversation-with-payton-kaleiwahea-of-wolvesdao,https://wolves.co/
cent.co,co,REGISTERED,7/19/2027,302,"GoDaddy.com, LLC",7/20/2010,clientRenewProhibited https://icann.org/epp#clientRenewProhibited,whois,https://opensea.io/blog/articles/jen-stark;https://opensea.io/blog/articles/monica-rizzolli;https://opensea.io/blog/articles/non-fungible-tokens,http://cent.co/
tokenterminal.com,com,REGISTERED,7/20/2027,302,Tucows Domains Inc.,7/20/2017,active,rdap,https://opensea.io/blog/articles/this-week-in-web3-and-nfts-mmerch-parallel-goat-gaming-more,https://tokenterminal.com/explorer
republic.com,com,REGISTERED,7/21/2027,303,Squarespace Domains II LLC,7/22/1998,"client delete prohibited,client transfer prohibited",rdap,https://opensea.io/blog/articles/in-conversation-with-inder-phull-of-pixelynx,https://republic.com/
ana-granwhale.com,com,REGISTERED,7/22/2027,304,"PSI-Japan, Inc.",7/22/2022,client transfer prohibited,rdap,https://opensea.io/blog/articles/airline-nfts;https://opensea.io/blog/articles/opensea-digest-june-2-2023,https://nft.ana-granwhale.com/
publicpressure.io,io,REGISTERED,7/21/2027,304,"NameCheap, Inc.",7/21/2026,clientTransferProhibited https://icann.org/epp#clientTransferProhibited,whois,https://opensea.io/blog/articles/fashion-nfts;https://opensea.io/blog/articles/opensea-digest-sept-15-2023,https://app.publicpressure.io/
villagegallery.com,com,REGISTERED,7/22/2027,304,"NameCheap, Inc.",7/23/1997,client transfer prohibited,rdap,https://opensea.io/blog/articles/live-from-marfa-in-conversation-with-deltasauce,https://villagegallery.com/gallery/vintage-artwork/jim-buckels/
fountaindigital.xyz,xyz,REGISTERED,7/21/2027,304,"GoDaddy.com, LLC",7/21/2023,"client renew prohibited,client transfer prohibited,client update prohibited,client delete prohibited",rdap,https://opensea.io/blog/articles/opensea-digest-feb-22-2024,https://fountaindigital.xyz/
wow.art,art,REGISTERED,7/21/2027,304,PDR Ltd. d/b/a PublicDomainRegistry.com,7/21/2023,client transfer prohibited,rdap,https://opensea.io/blog/articles/opensea-digest-feb-22-2024,https://patio.wow.art/gala
drinkhappyhour.com,com,REGISTERED,7/22/2027,304,"GoDaddy.com, LLC",7/22/2014,clientDeleteProhibited https://icann.org/epp#clientDeleteProhibited,whois,https://opensea.io/blog/articles/pride-perspectives-june-2023,https://drinkhappyhour.com/
sound.xyz,xyz,REGISTERED,7/22/2027,305,"NameCheap, Inc.",7/22/2021,client transfer prohibited,rdap,https://opensea.io/blog/articles/music-nfts;https://opensea.io/blog/articles/opensea-digest-nov-2-2023,http://sound.xyz
sbsfantasy.com,com,REGISTERED,7/24/2027,306,"GoDaddy.com, LLC",7/24/2023,"client delete prohibited,client renew prohibited,client transfer prohibited,client update prohibited",rdap,https://opensea.io/blog/articles/in-conversation-with-boris-and-richard-vagner-of-spoiled-banana-society,https://sbsfantasy.com/
emirates.com,com,REGISTERED,7/24/2027,306,MarkMonitor Inc.,7/25/1996,"client delete prohibited,client transfer prohibited,client update prohibited,server delete prohibited,server transfer prohibited,server update prohibited",rdap,https://opensea.io/blog/articles/in-conversation-with-omar-ghanem-of-gam3s-gg;https://opensea.io/blog/articles/opensea-digest-sept-7-2023,https://www.emirates.com/us/english/
playtoearn.com,com,REGISTERED,7/23/2027,306,"GoDaddy.com, LLC",7/23/2008,"client delete prohibited,client renew prohibited,client transfer prohibited,client update prohibited",rdap,https://opensea.io/blog/articles/opensea-digest-april-30-2026;https://opensea.io/blog/articles/opensea-digest-january-1-2026,https://playtoearn.com/news/megaeth-launches-terminal-points-platform-as-season-1-kicks-off-ahead-of-april-30-mega-tge
goldmansachs.com,com,REGISTERED,7/24/2027,306,"CSC Corporate Domains, Inc.",7/25/1995,"client transfer prohibited,server delete prohibited,server transfer prohibited,server update prohibited",rdap,https://opensea.io/blog/articles/opensea-digest-august-14-2026,https://www.goldmansachs.com/
kubernetes.io,io,REGISTERED,7/23/2027,306,1API GmbH,7/23/2014,clientTransferProhibited https://icann.org/epp#clientTransferProhibited,whois,https://opensea.io/blog/articles/opensea-digest-july-25-2024,https://kubernetes.io/
generativegoods.com,com,REGISTERED,7/23/2027,306,"GoDaddy.com, LLC",7/26/2023,clientDeleteProhibited https://icann.org/epp#clientDeleteProhibited,whois,https://opensea.io/blog/articles/opensea-digest-september-25-2025,https://www.generativegoods.com/
investopedia.com,com,REGISTERED,7/25/2027,307,MarkMonitor Inc.,7/25/1999,"client delete prohibited,client transfer prohibited,client update prohibited,server delete prohibited,server transfer prohibited,server update prohibited",rdap,https://opensea.io/blog/articles/a-brand-new-marketplace-place-for-ens-names-buy-and-sell-ens-names-on-opensea;https://opensea.io/blog/articles/interview-phil-from-cryptogametalk;https://opensea.io/blog/articles/non-fungible-tokens,https://www.investopedia.com/tech/how-does-fortnite-make-money/
onlyup-game.io,io,REGISTERED,7/24/2027,307,"Name.com, Inc.",7/24/2023,clientTransferProhibited https://icann.org/epp#clientTransferProhibited,whois,https://opensea.io/blog/articles/in-conversation-with-alex-taub-of-goblintown,https://onlyup-game.io/
nbatopshot.com,com,REGISTERED,7/24/2027,307,"GoDaddy Corporate Domains, LLC",7/24/2019,client transfer prohibited,rdap,https://opensea.io/blog/articles/in-conversation-with-firestorm-of-neo-tokyo;https://opensea.io/blog/articles/in-conversation-with-pranksy;https://opensea.io/blog/articles/opensea-digest-april-17-2026,https://blog.nbatopshot.com/p%20osts/2026-nba-playoffs-on-top-shot
phaidon.com,com,REGISTERED,7/25/2027,307,"CSC Corporate Domains, Inc.",7/26/1996,client transfer prohibited,rdap,https://opensea.io/blog/articles/opensea-digest-march-8-2024,https://www.phaidon.com/
mastercard.com,com,REGISTERED,7/26/2027,308,"CSC Corporate Domains, Inc.",7/27/1994,"client transfer prohibited,server delete prohibited,server transfer prohibited,server update prohibited",rdap,https://opensea.io/blog/articles/crypto-rewards-cards;https://opensea.io/blog/articles/opensea-digest-april-17-2026;https://opensea.io/blog/articles/opensea-digest-june-4-2026,https://www.mastercard.com/news/latin-america/en/newsroom/press-releases/pr-en/2023/april/mastercard-launches-mastercard-crypto-credential-bringing-more-trust-to-the-blockchain-ecosystem/
defisafety.com,com,REGISTERED,7/25/2027,308,"Cloudflare, Inc.",7/25/2020,client transfer prohibited,rdap,https://opensea.io/blog/articles/introducing-the-nft-security-group,https://www.defisafety.com/auditors
mintable.app,app,REGISTERED,7/26/2027,308,Namecheap Inc.,7/26/2018,client transfer prohibited,rdap,https://opensea.io/blog/articles/non-fungible-tokens,https://mintable.app/
design-milk.com,com,REGISTERED,7/25/2027,308,"GoDaddy.com, LLC",7/25/2006,"client delete prohibited,client renew prohibited,client transfer prohibited,client update prohibited",rdap,https://opensea.io/blog/articles/opensea-digest-june-13-2024,https://design-milk.com/simple-life-mid-century-inspired-art/
paramountnetwork.com,com,REGISTERED,7/25/2027,308,MarkMonitor Inc.,7/25/2000,"client delete prohibited,client transfer prohibited,client update prohibited",rdap,https://opensea.io/blog/articles/what-is-co-create-ink,https://www.paramountnetwork.com/shows/ink-master
qql.art,art,REGISTERED,7/26/2027,309,"NameCheap, Inc.",7/26/2022,client transfer prohibited,rdap,https://opensea.io/blog/articles/generative-art-nfts,https://qql.art/
expedition33.com,com,REGISTERED,7/26/2027,309,"Cloudflare, Inc.",7/26/2023,client transfer prohibited,rdap,https://opensea.io/blog/articles/in-conversation-with-gabby-dizon,https://www.expedition33.com/
jackson-pollock.org,org,REGISTERED,7/27/2027,309,"Cloudflare, Inc.",7/27/2011,client transfer prohibited,rdap,https://opensea.io/blog/articles/live-from-marfa-in-conversation-with-ben-kovach,https://www.jackson-pollock.org/
mclaren.com,com,REGISTERED,7/27/2027,309,"CSC Corporate Domains, Inc.",7/28/1995,client transfer prohibited,rdap,https://opensea.io/blog/articles/luxury-nfts,https://cars.mclaren.com/us-en
kettle.shop,shop,REGISTERED,7/26/2027,309,GoDaddy.com LLC,7/26/2024,"client renew prohibited,client transfer prohibited,client update prohibited,client delete prohibited",rdap,https://opensea.io/blog/articles/opensea-digest-april-3-2025,https://kettle.shop/
mediawan.com,com,REGISTERED,7/26/2027,309,Nameshield SAS,7/26/2006,"client delete prohibited,client transfer prohibited,client update prohibited",rdap,https://opensea.io/blog/articles/opensea-digest-june-5-2025,https://www.mediawan.com/en
myportfolio.com,com,REGISTERED,7/28/2027,310,Nom-iq Ltd. dba COM LAUDE,7/29/1997,"client delete prohibited,client transfer prohibited,client update prohibited",rdap,https://opensea.io/blog/articles/in-conversation-with-burnt-toast-of-doodles;https://opensea.io/blog/articles/opensea-digest-feb-8-2024;https://opensea.io/blog/articles/opensea-digest-october-16-2025,https://burnttoast.myportfolio.com/
ethos.network,network,REGISTERED,7/27/2027,310,"NameCheap, Inc.",7/27/2022,client transfer prohibited,rdap,https://opensea.io/blog/articles/in-conversation-with-trevor-thompson-from-ethos,https://www.ethos.network/
dailyartmagazine.com,com,REGISTERED,7/28/2027,311,"GoDaddy.com, LLC",7/28/2017,"client delete prohibited,client renew prohibited,client transfer prohibited,client update prohibited",rdap,https://opensea.io/blog/articles/damien-hirst,https://www.dailyartmagazine.com/story-damien-hirst-shark/
sludgefeed.com,com,REGISTERED,7/28/2027,311,"GoDaddy.com, LLC",7/28/2017,"client delete prohibited,client renew prohibited,client transfer prohibited,client update prohibited",rdap,https://opensea.io/blog/articles/non-fungible-tokens,https://sludgefeed.com/panini-america-enters-blockchain-collectibles-market/
tenor.com,com,REGISTERED,7/29/2027,311,MarkMonitor Inc.,7/30/1995,"client delete prohibited,client transfer prohibited,client update prohibited",rdap,https://opensea.io/blog/articles/opensea-digest-january-9-2025,https://tenor.com/search/shiba-meme-gifs
backpack.app,app,REGISTERED,7/29/2027,311,"GoDaddy.com, LLC",7/29/2019,active,rdap,https://opensea.io/blog/articles/opensea-digest-october-9-2025,https://backpack.app/
bitmoji.com,com,REGISTERED,7/29/2027,312,MarkMonitor Inc.,7/29/2014,"client delete prohibited,client transfer prohibited,client update prohibited",rdap,https://opensea.io/blog/articles/maison-margiela-metatabi-boots,https://www.bitmoji.com/
tpan.xyz,xyz,REGISTERED,7/29/2027,312,"Name.com, Inc.",7/29/2022,client transfer prohibited,rdap,https://opensea.io/blog/articles/opensea-digest-march-8-2024,https://www.tpan.xyz/about
jenmusic.ai,ai,REGISTERED,7/29/2027,312,"GoDaddy.com, LLC",7/29/2023,"client delete prohibited,client renew prohibited,client transfer prohibited,client update prohibited",rdap,https://opensea.io/blog/articles/opensea-digest-may-1-2025;https://opensea.io/blog/articles/opensea-digest-november-21-2024,https://www.jenmusic.ai/
mark-rothko.org,org,REGISTERED,7/30/2027,313,"Cloudflare, Inc.",7/30/2011,client transfer prohibited,rdap,https://opensea.io/blog/articles/live-from-marfa-in-conversation-with-casey-reas,https://www.mark-rothko.org/
thegrandla.com,com,REGISTERED,7/30/2027,313,"Network Solutions, LLC",7/30/2007,client transfer prohibited,rdap,https://opensea.io/blog/articles/opensea-digest-september-26-2024,https://www.thegrandla.com/about
gumroad.com,com,REGISTERED,7/31/2027,314,"Amazon Registrar, Inc.",7/31/2009,client transfer prohibited,rdap,https://opensea.io/blog/articles/bringing-virtual-games-into-the-real-world,https://anthonye.gumroad.com/
blockfolio.com,com,REGISTERED,7/31/2027,314,"Amazon Registrar, Inc.",7/31/2014,client transfer prohibited,rdap,https://opensea.io/blog/articles/how-to-fund-metamask-with-eth,https://help.blockfolio.com/hc/en-us/articles/1260801656210-FTX-App-Trading-Withdrawals
niftygateway.com,com,REGISTERED,7/31/2027,314,"Amazon Registrar, Inc.",7/31/2018,client transfer prohibited,rdap,https://opensea.io/blog/articles/in-conversation-with-mo-abrishamchi;https://opensea.io/blog/articles/in-conversation-with-sam-spratt;https://opensea.io/blog/articles/opensea-digest-aug-24-2023,https://www.niftygateway.com/
coin.kred,kred,REGISTERED,7/31/2027,314,KredTLD Pty Ltd,7/31/2018,active,rdap,https://opensea.io/blog/articles/non-fungible-tokens,https://www.coin.kred/
nasa.gov,gov,REGISTERED,7/31/2027,314,get.gov,10/2/1997,server transfer prohibited,rdap,https://opensea.io/blog/articles/opensea-digest-december-12-2024;https://opensea.io/blog/articles/parallel-new-3d-shooter-game-powered-by-unreal-engine,https://science.nasa.gov/exoplanet-catalog/tau-ceti-e/
infinex.xyz,xyz,REGISTERED,7/31/2027,314,"Key-Systems, LLC",7/31/2023,client transfer prohibited,rdap,https://opensea.io/blog/articles/opensea-digest-october-31-2024,https://infinex.xyz/
uspto.gov,gov,REGISTERED,8/1/2027,315,get.gov,10/2/1997,server transfer prohibited,rdap,https://opensea.io/blog/articles/opensea-digest-august-7-2026;https://opensea.io/blog/articles/opensea-digest-march-14-2024,https://ppubs.uspto.gov/dirsearch-public/print/downloadPdf/20240066408
wwd.com,com,REGISTERED,8/2/2027,315,"eNom, LLC",8/3/1995,client transfer prohibited,rdap,https://opensea.io/blog/articles/opensea-digest-december-19-2024;https://opensea.io/blog/articles/opensea-digest-may-29-2025,https://wwd.com/business-news/mergers-acquisitions/tribute-brand-acquires-draup-launches-fashion-fun-1236768516/
karratcoin.com,com,REGISTERED,8/1/2027,315,"GoDaddy.com, LLC",8/1/2023,"client delete prohibited,client renew prohibited,client transfer prohibited,client update prohibited",rdap,https://opensea.io/blog/articles/opensea-digest-march-20-2025,https://www.karratcoin.com/
marleybleu.com,com,REGISTERED,8/1/2027,315,"GoDaddy.com, LLC",8/1/2023,"client delete prohibited,client renew prohibited,client transfer prohibited,client update prohibited",rdap,https://opensea.io/blog/articles/opensea-digest-november-14-2024,https://www.marleybleu.com/
wanderers.ai,ai,REGISTERED,8/2/2027,316,"NameCheap, Inc.",8/2/2021,client transfer prohibited,rdap,https://opensea.io/blog/articles/how-wanderers-transformed-nft-art-into-an-engaging-immersive-game,https://transmissions.wanderers.ai/
blockster.com,com,REGISTERED,8/2/2027,316,"GoDaddy.com, LLC",8/2/2003,"client delete prohibited,client renew prohibited,client transfer prohibited,client update prohibited",rdap,https://opensea.io/blog/articles/opensea-digest-march-6-2025,https://blockster.com/ethdenver-2025-key-moments-and-visionary-insights-fuel-blockchains-future
dreamworks.com,com,REGISTERED,8/2/2027,316,MarkMonitor Inc.,3/9/1995,"client delete prohibited,client transfer prohibited,client update prohibited,server delete prohibited,server transfer prohibited,server update prohibited",rdap,https://opensea.io/blog/articles/opensea-digest-october-30-2025,https://www.dreamworks.com/
sarahmeyohas.com,com,REGISTERED,8/3/2027,317,Squarespace Domains II LLC,8/3/2011,"client delete prohibited,client transfer prohibited",rdap,https://opensea.io/blog/articles/artist-interview-sarah-meyohas;https://opensea.io/blog/articles/opensea-digest-april-3-2025,http://www.sarahmeyohas.com/
shibatoken.com,com,REGISTERED,8/3/2027,317,"GoDaddy.com, LLC",8/3/2020,"client delete prohibited,client renew prohibited,client transfer prohibited,client update prohibited",rdap,https://opensea.io/blog/articles/opensea-digest-january-9-2025,https://shibatoken.com/
bitforms.art,art,REGISTERED,8/3/2027,317,Instra Corporation Pty Ltd.,8/3/2017,client transfer prohibited,rdap,https://opensea.io/blog/articles/opensea-digest-march-6-2025,https://www.bitforms.art/
hydradx.io,io,REGISTERED,8/3/2027,317,"Gransy, s.r.o.",8/3/2020,clientTransferProhibited https://icann.org/epp#clientTransferProhibited,whois,https://opensea.io/blog/articles/opensea-digest-sept-21-2023,https://hydradx.io/
modex.tech,tech,REGISTERED,8/4/2027,318,"GoDaddy.com, LLC",8/4/2017,"client delete prohibited,client renew prohibited,client transfer prohibited,client update prohibited",rdap,https://opensea.io/blog/articles/opensea-digest-may-22-2025,https://modex.tech/
radarrelay.com,com,REGISTERED,8/5/2027,319,"NameCheap, Inc.",8/5/2017,client transfer prohibited,rdap,https://opensea.io/blog/articles/buy-and-sell-crypto-collectibles-with-dai,https://radarrelay.com/
vvv.so,so,REGISTERED,8/6/2027,319,NameCheap,8/6/2024,active https://icann.org/epp#active,whois,https://opensea.io/blog/articles/in-conversation-with-xanthrax,https://www.vvv.so/smileybmpexe
pudgyworld.com,com,REGISTERED,8/5/2027,319,"Cloudflare, Inc.",8/5/2022,client transfer prohibited,rdap,https://opensea.io/blog/articles/nft-collectibles;https://opensea.io/blog/articles/opensea-digest-dec-13-2023;https://opensea.io/blog/articles/opensea-digest-feb-22-2024,https://lobby.pudgyworld.com/
sportquake.com,com,REGISTERED,8/5/2027,319,Tucows Domains Inc.,8/5/2010,"client transfer prohibited,client update prohibited",rdap,https://opensea.io/blog/articles/opensea-digest-june-26-2025,https://www.sportquake.com/news-insights/cryptos-sponsorship-surge-565m-spent-34-new-deals-and-football-at-the-centre-of-strategy/
10ktf.com,com,REGISTERED,8/5/2027,319,Squarespace Domains LLC,8/5/2021,"client delete prohibited,client transfer prohibited",rdap,https://opensea.io/blog/articles/opensea-digest-october-17-2024,https://10ktf.com/
daily.xyz,xyz,REGISTERED,8/7/2027,321,"GoDaddy.com, LLC",8/7/2023,"client renew prohibited,client transfer prohibited,client update prohibited,client delete prohibited,auto renew period",rdap,https://opensea.io/blog/articles/elman-mansimov,https://daily.xyz/artwork/0x9cf0ab1cc434db83097b7e9c831a764481dec747/45
anchorage.com,com,REGISTERED,8/8/2027,321,Squarespace Domains II LLC,8/9/1996,"client delete prohibited,client transfer prohibited",rdap,https://opensea.io/blog/articles/opensea-digest-february-27-2026;https://opensea.io/blog/articles/opensea-digest-october-30-2025,https://www.anchorage.com/
fifa.com,com,REGISTERED,8/8/2027,321,"CSC Corporate Domains, Inc.",8/9/1995,"client transfer prohibited,server delete prohibited,server transfer prohibited,server update prohibited",rdap,https://opensea.io/blog/articles/opensea-digest-may-22-2025;https://opensea.io/blog/articles/opensea-digest-may-8-2025,https://collect.fifa.com/
barnesandnoble.com,com,REGISTERED,8/9/2027,322,"CSC Corporate Domains, Inc.",8/10/1995,"client transfer prohibited,server delete prohibited,server transfer prohibited,server update prohibited",rdap,https://opensea.io/blog/articles/opensea-digest-july-11-2024,https://www.barnesandnoble.com/b/series/attack-on-titan-series/_/N-2v5p
overpassip.com,com,REGISTERED,8/9/2027,323,"Cloudflare, Inc.",8/9/2022,client transfer prohibited,rdap,https://opensea.io/blog/articles/onchain-heroes;https://opensea.io/blog/articles/opensea-digest-august-21-2025;https://opensea.io/blog/articles/opensea-digest-feb-1-2024,https://www.overpassip.com/
myriad.markets,markets,REGISTERED,8/9/2027,323,"Cloudflare, Inc",8/9/2024,client transfer prohibited,rdap,https://opensea.io/blog/articles/opensea-digest-october-9-2025,https://myriad.markets/
cryptoadz.io,io,REGISTERED,8/10/2027,323,"Name.com, Inc.",8/10/2021,clientTransferProhibited https://icann.org/epp#clientTransferProhibited,whois,https://opensea.io/blog/articles/this-week-in-web3-and-nfts-mmerch-parallel-goat-gaming-more,https://www.cryptoadz.io/
chinati.org,org,REGISTERED,8/11/2027,324,"eNom, LLC",8/12/1996,client transfer prohibited,rdap,https://opensea.io/blog/articles/in-conversation-with-jiwa;https://opensea.io/blog/articles/live-from-marfa-in-conversation-with-simon-hudson,https://chinati.org/
digitalartfair.miami,miami,REGISTERED,8/11/2027,324,"GoDaddy.com, LLC",8/11/2023,"client delete prohibited,client transfer prohibited,client renew prohibited,client update prohibited",rdap,https://opensea.io/blog/articles/live-from-marfa-in-conversation-with-radix,https://www.digitalartfair.miami/
jeremy-booth.com,com,REGISTERED,8/10/2027,324,Tucows Domains Inc.,8/10/2015,"client transfer prohibited,client update prohibited",rdap,https://opensea.io/blog/articles/opensea-digest-april-4-2024,https://www.jeremy-booth.com/
swiss-ai.org,org,REGISTERED,8/10/2027,324,"NameCheap, Inc.",8/10/2023,client transfer prohibited,rdap,https://opensea.io/blog/articles/opensea-digest-july-17-2025,https://www.swiss-ai.org/
gazell.io,io,REGISTERED,8/10/2027,324,"GoDaddy.com, LLC",8/10/2015,clientDeleteProhibited https://icann.org/epp#clientDeleteProhibited,whois,https://opensea.io/blog/articles/orkhan-mammadov-singularity-in-heritage-presented-by-gazell-io;https://opensea.io/blog/articles/trending-nfts-vogue-blair-bernstein-and-more,https://gazell.io/
femalefoundercollective.com,com,REGISTERED,8/10/2027,324,"GoDaddy.com, LLC",8/10/2018,clientDeleteProhibited https://icann.org/epp#clientDeleteProhibited,whois,https://opensea.io/blog/articles/rebecca-minkoff-jo-lambert-empowering-women-through-nfts,https://www.femalefoundercollective.com/
ensnifty.com,com,REGISTERED,8/11/2027,325,"Name.com, Inc.",8/11/2018,client transfer prohibited,rdap,https://opensea.io/blog/articles/a-brand-new-marketplace-place-for-ens-names-buy-and-sell-ens-names-on-opensea,https://ensnifty.com/
mystenlabs.com,com,REGISTERED,8/12/2027,325,"Cloudflare, Inc.",8/12/2021,client transfer prohibited,rdap,https://opensea.io/blog/articles/opensea-digest-august-14-2026;https://opensea.io/blog/articles/opensea-digest-may-1-2025,https://www.mystenlabs.com/
aethir.com,com,REGISTERED,8/11/2027,325,"NameCheap, Inc.",8/11/2019,active,rdap,https://opensea.io/blog/articles/opensea-digest-january-30-2025,https://aethir.com/
portalgaming.com,com,REGISTERED,8/11/2027,325,"GoDaddy.com, LLC",8/11/2014,"client delete prohibited,client renew prohibited,client transfer prohibited,client update prohibited",rdap,https://opensea.io/blog/articles/opensea-digest-march-14-2024;https://opensea.io/blog/articles/opensea-digest-september-12-2024,https://www.portalgaming.com/
kingsofleon.com,com,REGISTERED,8/12/2027,326,"Network Solutions, LLC",8/12/2002,client transfer prohibited,rdap,https://opensea.io/blog/articles/6-artists-who-shaped-the-music-nft-movement,https://www.kingsofleon.com/#/
adacrow.com,com,REGISTERED,8/12/2027,326,"Arsys Internet, S.L. dba NICLINE.COM",8/12/2021,active,rdap,https://opensea.io/blog/articles/in-conversation-with-ada-crow,https://adacrow.com/
paulinefaieff.art,art,REGISTERED,8/12/2027,326,Automattic Inc.,8/12/2023,client transfer prohibited,rdap,https://opensea.io/blog/articles/in-conversation-with-pauline-faieff,https://www.paulinefaieff.art/
tron.network,network,REGISTERED,8/13/2027,326,"GoDaddy.com, LLC",8/13/2017,"client delete prohibited,client renew prohibited,client transfer prohibited,client update prohibited",rdap,https://opensea.io/blog/articles/opensea-digest-april-18-2024;https://opensea.io/blog/articles/opensea-digest-september-18-2025,https://tron.network/
air.shop,shop,REGISTERED,8/12/2027,326,"Namecheap, Inc.",8/12/2025,"active,auto renew period",rdap,https://opensea.io/blog/articles/opensea-digest-october-23-2025,https://www.air.shop/
mansimov.io,io,REGISTERED,8/14/2027,327,"NameCheap, Inc.",8/14/2017,clientTransferProhibited https://icann.org/epp#clientTransferProhibited,whois,https://opensea.io/blog/articles/elman-mansimov,https://blog.mansimov.io/2023/12/28/aligndraw.html
udemy.com,com,REGISTERED,8/13/2027,327,SafeNames Ltd.,8/13/2009,"client delete prohibited,client transfer prohibited",rdap,https://opensea.io/blog/articles/interview-with-john-orion-young,https://www.udemy.com/cryptodoggies/
sec.gov,gov,REGISTERED,8/13/2027,327,get.gov,10/2/1997,server transfer prohibited,rdap,https://opensea.io/blog/articles/opensea-digest-august-21-2026;https://opensea.io/blog/articles/opensea-digest-july-25-2024;https://opensea.io/blog/articles/taking-a-stand-for-a-better-internet,https://www.sec.gov/
ponkeswap.xyz,xyz,REGISTERED,8/14/2027,328,"GoDaddy.com, LLC",8/14/2024,"client transfer prohibited,client update prohibited,client delete prohibited,auto renew period",rdap,https://opensea.io/blog/articles/in-conversation-with-ponke,https://ponkeswap.xyz/
rayner.art,art,REGISTERED,8/14/2027,328,"eNom, LLC",8/14/2024,"client transfer prohibited,auto renew period",rdap,https://opensea.io/blog/articles/live-from-marfa-in-conversation-with-harvey-rayner,https://rayner.art/
kohi.art,art,REGISTERED,8/14/2027,328,PDR Ltd. d/b/a PublicDomainRegistry.com,8/14/2021,client transfer prohibited,rdap,https://opensea.io/blog/articles/trending-nfts-kohi-kintsugi-eponym-and-more,https://kohi.art/blog/kohi-explain-it-like-im-five
deltasauceart.com,com,REGISTERED,8/16/2027,329,Squarespace Domains LLC,8/16/2023,"client delete prohibited,client transfer prohibited",rdap,https://opensea.io/blog/articles/live-from-marfa-in-conversation-with-deltasauce,https://www.deltasauceart.com
gold.ac.uk,uk,REGISTERED,8/17/2027,330,Jisc Services Limited,11/14/2003,,whois,https://opensea.io/blog/articles/damien-hirst,https://www.gold.ac.uk/our-people/profile-hub/art/ug/damien-hirst/
finsmes.com,com,REGISTERED,8/16/2027,330,"eNom, LLC",8/16/2009,active,rdap,https://opensea.io/blog/articles/non-fungible-tokens,http://www.finsmes.com/2019/05/unstoppable-domains-raises-4m-in-series-a-funding.html
intermiamicf.com,com,REGISTERED,8/16/2027,330,"CSC Corporate Domains, Inc.",8/16/2018,client transfer prohibited,rdap,https://opensea.io/blog/articles/opensea-digest-july-24-2025;https://opensea.io/blog/articles/opensea-digest-may-29-2025,https://www.intermiamicf.com/community/foundation
institutoterra.org,org,REGISTERED,8/16/2027,330,"eNom, LLC",8/16/2001,active,rdap,https://opensea.io/blog/articles/sebastiao-salgado,https://institutoterra.org/
uptrip.app,app,REGISTERED,8/17/2027,331,Key-Systems LLC,8/17/2022,"auto renew period,client transfer prohibited",rdap,https://opensea.io/blog/articles/airline-nfts,https://www.uptrip.app/
vhslab.com,com,REGISTERED,8/17/2027,331,"Cloudflare, Inc.",8/17/2019,client transfer prohibited,rdap,https://opensea.io/blog/articles/opensea-digest-july-17-2025;https://opensea.io/blog/articles/opensea-digest-march-27-2025;https://opensea.io/blog/articles/opensea-digest-may-1-2025,https://vhslab.com/
gamerant.com,com,REGISTERED,8/17/2027,331,"GoDaddy.com, LLC",8/17/2009,"client delete prohibited,client renew prohibited,client transfer prohibited,client update prohibited",rdap,https://opensea.io/blog/articles/opensea-digest-june-19-2025;https://opensea.io/blog/articles/opensea-digest-march-14-2024,https://gamerant.com/bloodloop-early-access-launch-dystopian-hero-shooter-blockchain-project/
refikanadolstudio.com,com,REGISTERED,8/18/2027,332,Squarespace Domains II LLC,8/18/2014,"client delete prohibited,client transfer prohibited",rdap,https://opensea.io/blog/articles/opensea-digest-july-13-2023;https://opensea.io/blog/articles/opensea-digest-october-16-2025;https://opensea.io/blog/articles/refik-anadol,https://refikanadolstudio.com/
myetherwallet.com,com,REGISTERED,8/19/2027,332,"Cloudflare, Inc.",8/19/2015,"client delete prohibited,client transfer prohibited,client update prohibited,server delete prohibited,server transfer prohibited,server update prohibited",rdap,https://opensea.io/blog/articles/phil-from-cryptogametalk-part-one,https://www.myetherwallet.com/
mirror.xyz,xyz,REGISTERED,8/19/2027,333,"Name.com, Inc.",8/19/2020,client transfer prohibited,rdap,https://opensea.io/blog/articles/finiliar;https://opensea.io/blog/articles/live-from-marfa-in-conversation-with-remnynt;https://opensea.io/blog/articles/opensea-digest-aug-4-2023,https://base.mirror.xyz/HoH9cZVi8CMdvxVUNjvOzceUPVQcVZvvkf8ZbCOVOco
gigaverse.io,io,REGISTERED,8/19/2027,333,"Name.com, Inc.",8/19/2024,clientTransferProhibited https://icann.org/epp#clientTransferProhibited,whois,https://opensea.io/blog/articles/in-conversation-with-gabby-dizon;https://opensea.io/blog/articles/opensea-digest-august-7-2025,https://gigaverse.io/
meritcircle.io,io,REGISTERED,8/19/2027,333,"GoDaddy.com, LLC",8/19/2021,clientDeleteProhibited https://icann.org/epp#clientDeleteProhibited,whois,https://opensea.io/blog/articles/opensea-digest-dec-13-2023,https://meritcircle.io/
animenewsnetwork.com,com,REGISTERED,8/20/2027,333,"Cloudflare, Inc.",8/21/1998,"client transfer prohibited,client update prohibited,server delete prohibited,server transfer prohibited,server update prohibited",rdap,https://opensea.io/blog/articles/opensea-digest-february-27-2025;https://opensea.io/blog/articles/opensea-digest-october-24-2024,https://www.animenewsnetwork.com/encyclopedia/people.php
postpunk.io,io,REGISTERED,8/20/2027,333,"HOSTINGER operations, UAB",8/20/2025,clientTransferProhibited https://icann.org/epp#clientTransferProhibited,whois,https://opensea.io/blog/articles/opensea-digest-september-4-2025,https://www.postpunk.io/
farahpiriyecoene.com,com,REGISTERED,8/20/2027,334,Wix.com Ltd.,8/20/2024,"client transfer prohibited,client update prohibited",rdap,https://opensea.io/blog/articles/in-conversation-with-orkhan-mammadov,https://www.farahpiriyecoene.com/
brink.works,works,REGISTERED,8/20/2027,334,IONOS SE,8/20/2025,"client transfer prohibited,auto renew period",rdap,https://opensea.io/blog/articles/live-from-marfa-in-conversation-with-bryan-brinkman,https://brink.works/
gmgm.com,com,REGISTERED,8/21/2027,334,"Name.com, Inc.",8/22/1998,client transfer prohibited,rdap,https://opensea.io/blog/articles/memeland,http://gmgm.com
sequence.app,app,REGISTERED,8/20/2027,334,"CSC Corporate Domains, Inc.",8/20/2020,"auto renew period,client transfer prohibited",rdap,https://opensea.io/blog/articles/wyvern-2-3-developer-upgrade-guide,https://sequence.app/
kittypunch.xyz,xyz,REGISTERED,8/21/2027,335,"NameCheap, Inc.",8/21/2023,active,rdap,https://opensea.io/blog/articles/in-conversation-with-alan-carr-of-cryptokitties,https://swap.kittypunch.xyz/
hackenproof.com,com,REGISTERED,8/21/2027,335,"GoDaddy.com, LLC",8/21/2017,"client delete prohibited,client renew prohibited,client transfer prohibited,client update prohibited",rdap,https://opensea.io/blog/articles/introducing-the-nft-security-group,https://hackenproof.com/public-bug-bounty-list
summergwagner.com,com,REGISTERED,8/21/2027,335,Wix.com Ltd.,8/21/2020,"client transfer prohibited,client update prohibited",rdap,https://opensea.io/blog/articles/opensea-digest-august-29-2024;https://opensea.io/blog/articles/opensea-digest-june-27-2024;https://opensea.io/blog/articles/summer-wagner,https://www.summergwagner.com/midamericanfeverdream
msu.io,io,REGISTERED,8/21/2027,335,Whois Corp.,8/21/2018,clientTransferProhibited https://icann.org/epp#clientTransferProhibited,whois,https://opensea.io/blog/articles/opensea-digest-may-22-2025,https://msu.io/
lastcrumb.com,com,REGISTERED,8/21/2027,335,"GoDaddy.com, LLC",8/21/2007,"client delete prohibited,client renew prohibited,client transfer prohibited,client update prohibited",rdap,https://opensea.io/blog/articles/opensea-digest-oct-20-2023,https://lastcrumb.com/
arttoacres.org,org,REGISTERED,8/21/2027,335,Realtime Register B.V.,8/21/2018,active,rdap,https://opensea.io/blog/articles/opensea-digest-october-2-2024,https://www.arttoacres.org/
justiniyoung.com,com,REGISTERED,8/23/2027,336,Porkbun LLC,8/23/2008,"client delete prohibited,client transfer prohibited",rdap,https://opensea.io/blog/articles/interview-with-john-orion-young,http://justiniyoung.com/
basquiat.com,com,REGISTERED,8/23/2027,336,"GoDaddy.com, LLC",8/24/1998,clientDeleteProhibited https://icann.org/epp#clientDeleteProhibited,whois,https://opensea.io/blog/articles/live-from-marfa-in-conversation-with-ben-kovach,https://www.basquiat.com/
pinata.cloud,cloud,REGISTERED,8/22/2027,336,NAMECHEAP,8/22/2018,client transfer prohibited,rdap,https://opensea.io/blog/articles/non-fungible-tokens,https://pinata.cloud/
pixels.xyz,xyz,REGISTERED,8/22/2027,336,"NameCheap, Inc.",8/22/2019,client transfer prohibited,rdap,https://opensea.io/blog/articles/opensea-digest-april-3-2025,https://www.pixels.xyz/
nih.gov,gov,REGISTERED,8/22/2027,336,get.gov,10/2/1997,server transfer prohibited,rdap,https://opensea.io/blog/articles/spotlight-on-womens-history-month;https://opensea.io/blog/articles/women-rise-champions-girls-education-vr,"https://pubmed.ncbi.nlm.nih.gov/36734041/#:~:text=If%20we%20look%20at%20the,of%20global%20greenhouse%20gas%20emissions"
liquor.com,com,REGISTERED,8/24/2027,337,MarkMonitor Inc.,8/25/1998,"client delete prohibited,client transfer prohibited,client update prohibited",rdap,https://opensea.io/blog/articles/in-conversation-with-carly-reilly-overpriced-media,https://www.liquor.com/kit-codik-4782254
jessicayatrofsky.com,com,REGISTERED,8/23/2027,337,"GoDaddy.com, LLC",1/22/2008,"client delete prohibited,client renew prohibited,client transfer prohibited,client update prohibited",rdap,https://opensea.io/blog/articles/in-conversation-with-jessica-yatrofsky,https://www.jessicayatrofsky.com/work
aquaregiarecords.com,com,REGISTERED,8/23/2027,337,"GoDaddy.com, LLC",8/23/2015,"client delete prohibited,client renew prohibited,client transfer prohibited,client update prohibited",rdap,https://opensea.io/blog/articles/live-from-marfa-in-conversation-with-emily-nicoll,https://www.aquaregiarecords.com/emnicoll
electricartefacts.art,art,REGISTERED,8/24/2027,338,"NameCheap, Inc.",8/24/2020,client transfer prohibited,rdap,https://opensea.io/blog/articles/electric-artefacts-x-sven-eberwein,https://www.electricartefacts.art/show/abstract-noise
hockney.com,com,REGISTERED,8/24/2027,338,"GoDaddy.com, LLC",8/24/2005,"client delete prohibited,client renew prohibited,client transfer prohibited,client update prohibited",rdap,https://opensea.io/blog/articles/live-from-marfa-in-conversation-with-deltasauce,https://www.hockney.com/home
midnightbreeze.io,io,REGISTERED,8/26/2027,340,Key-Systems GmbH,8/26/2021,autoRenewPeriod https://icann.org/epp#autoRenewPeriod,whois,https://opensea.io/blog/articles/in-conversation-with-dutchtide,https://www.midnightbreeze.io/
flaunt.com,com,REGISTERED,8/27/2027,340,"NameCheap, Inc.",8/28/1997,active,rdap,https://opensea.io/blog/articles/jen-stark,https://www.flaunt.com/blog/jen-stark-in-the-garden
malibestresort.com,com,REGISTERED,8/27/2027,341,PDR Ltd. d/b/a PublicDomainRegistry.com,8/27/2008,client transfer prohibited,rdap,https://opensea.io/blog/articles/5-health-and-wellness-nft-collections-to-watch-in-2024,https://www.malibestresort.com/
esportsinsider.com,com,REGISTERED,8/27/2027,341,SafeNames Ltd.,8/27/2014,"client delete prohibited,client transfer prohibited,client update prohibited",rdap,https://opensea.io/blog/articles/complexity-gamings-bold-pivot-to-web3-gaming;https://opensea.io/blog/articles/opensea-digest-august-15-2024,https://esportsinsider.com/2021/06/gamesquare-esports-acquires-complexity-gaming-for-27m
crunchyroll.com,com,REGISTERED,8/28/2027,341,MarkMonitor Inc.,5/14/2006,"client delete prohibited,client transfer prohibited,client update prohibited,server delete prohibited,server transfer prohibited,server update prohibited",rdap,https://opensea.io/blog/articles/in-conversation-with-sean-pinnock-of-avalon,https://www.crunchyroll.com/series/GR49G9VP6/sword-art-online
rareart.io,io,REGISTERED,8/27/2027,341,"GoDaddy.com, LLC",8/27/2017,clientDeleteProhibited https://icann.org/epp#clientDeleteProhibited,whois,https://opensea.io/blog/articles/non-fungible-tokens,https://rareart.io/
mayorgallery.com,com,REGISTERED,8/27/2027,341,"Cloudflare, Inc.",8/27/2000,client transfer prohibited,rdap,https://opensea.io/blog/articles/opensea-digest-may-8-2025,https://www.mayorgallery.com/
lostpixels.io,io,REGISTERED,8/29/2027,342,Key-Systems GmbH,8/29/2021,clientDeleteProhibited https://icann.org/epp#clientDeleteProhibited,whois,https://opensea.io/blog/articles/in-conversation-with-james-merrill,https://lostpixels.io/
disneypinnacle.com,com,REGISTERED,8/28/2027,342,"CSC Corporate Domains, Inc.",8/28/2023,client transfer prohibited,rdap,https://opensea.io/blog/articles/opensea-digest-june-19-2025;https://opensea.io/blog/articles/opensea-digest-june-25-2026;https://opensea.io/blog/articles/opensea-digest-nov-16-2023,http://disneypinnacle.com
trencher.art,art,REGISTERED,8/29/2027,343,Porkbun LLC,8/29/2025,"client transfer prohibited,client delete prohibited",rdap,https://opensea.io/blog/articles/in-conversation-with-grizzle-of-trencher,https://www.trencher.art/
fidelity.com,com,REGISTERED,8/30/2027,343,"CSC Corporate Domains, Inc.",8/31/1996,"client transfer prohibited,server delete prohibited,server transfer prohibited,server update prohibited",rdap,https://opensea.io/blog/articles/opensea-digest-august-14-2026;https://opensea.io/blog/articles/opensea-digest-february-5-2026,https://www.fidelity.com/
superchain.eco,eco,REGISTERED,8/29/2027,343,"NameCheap, Inc.",8/29/2023,"auto renew period,client transfer prohibited",rdap,https://opensea.io/blog/articles/opensea-digest-october-31-2024,https://www.superchain.eco/
ageofrust.games,games,REGISTERED,8/29/2027,343,Tucows Domains Inc.,8/29/2017,"client transfer prohibited,client update prohibited",rdap,https://opensea.io/blog/articles/trade-age-of-rust-items-on-opensea,https://www.ageofrust.games/
eonline.com,com,REGISTERED,8/31/2027,344,MarkMonitor Inc.,9/1/1995,"client delete prohibited,client transfer prohibited,client update prohibited,server delete prohibited,server transfer prohibited,server update prohibited",rdap,https://opensea.io/blog/articles/brands-that-started-as-crypto-tokens,https://www.eonline.com/news/1363501/vacations-tiktok-viral-whipped-cream-sunscreen-just-restocked-get-it-before-it-sells-out-again
infiniteworld.com,com,REGISTERED,8/30/2027,344,"GoDaddy.com, LLC",8/30/2001,"client delete prohibited,client renew prohibited,client transfer prohibited,client update prohibited",rdap,https://opensea.io/blog/articles/strongthe-2022-nft-awards-strong,https://www.infiniteworld.com/
themekaverse.com,com,REGISTERED,8/30/2027,344,Squarespace Domains II LLC,8/30/2021,"client delete prohibited,client transfer prohibited",rdap,https://opensea.io/blog/articles/trending-nfts-aiiv-mekaverse-and-more,https://themekaverse.com/
airbaltic.com,com,REGISTERED,8/31/2027,345,"Cloudflare, Inc.",8/31/1999,client transfer prohibited,rdap,https://opensea.io/blog/articles/airline-nfts,https://www.airbaltic.com/en-ZZ/index
internationalnftday.org,org,REGISTERED,8/31/2027,345,"GoDaddy.com, LLC",8/31/2022,"client delete prohibited,client transfer prohibited,client update prohibited,auto renew period",rdap,https://opensea.io/blog/articles/how-to-celebrate-international-nft-day-2023;https://opensea.io/blog/articles/opensea-digest-september-19-2024,https://www.internationalnftday.org/
playember.com,com,REGISTERED,8/31/2027,345,"GoDaddy.com, LLC",8/31/2021,"client delete prohibited,client renew prohibited,client transfer prohibited,client update prohibited",rdap,https://opensea.io/blog/articles/opensea-digest-feb-8-2024,https://playember.com/
currencgroup.com,com,REGISTERED,9/1/2027,345,Web Commerce Communications Limited dba WebNic.cc,9/1/2022,ok https://icann.org/epp#ok,whois,https://opensea.io/blog/articles/opensea-digest-november-6-2025,https://investors.currencgroup.com/English/overview/default.aspx
cozomomedicicollection.com,com,REGISTERED,8/31/2027,345,"GoDaddy.com, LLC",8/31/2022,"client delete prohibited,client renew prohibited,client transfer prohibited,client update prohibited",rdap,https://opensea.io/blog/articles/opensea-digest-september-19-2024,https://www.cozomomedicicollection.com/
dailycoin.com,com,REGISTERED,9/1/2027,346,EuroDNS S.A.,9/1/2005,client transfer prohibited,rdap,https://opensea.io/blog/articles/how-atari-club-aims-to-pioneer-web3-powered-brand-loyalty,https://dailycoin.com/blankos-block-party-announces-retro-themed-atari-build-competition
undrgrnd.io,io,REGISTERED,9/2/2027,346,"GoDaddy.com, LLC",9/2/2021,clientDeleteProhibited https://icann.org/epp#clientDeleteProhibited,whois,https://opensea.io/blog/articles/opensea-digest-jan-18-2023,https://undrgrnd.io/undrgrnd/motion-journal-joe-pease
aotm.gallery,gallery,REGISTERED,9/1/2027,346,Squarespace Domains II LLC,9/1/2022,"client delete prohibited,client transfer prohibited",rdap,https://opensea.io/blog/articles/summer-wagner,https://aotm.gallery/an-exploration-of-summer-wagners-fantastical-wonderland/
wrangler.com,com,REGISTERED,9/3/2027,347,MarkMonitor Inc.,9/4/1995,"client delete prohibited,client transfer prohibited,client update prohibited,server delete prohibited,server transfer prohibited",rdap,https://opensea.io/blog/articles/opensea-digest-march-1-2024,https://www.wrangler.com/
lelezard.com,com,REGISTERED,9/2/2027,347,"NameCheap, Inc.",9/2/2000,client transfer prohibited,rdap,https://opensea.io/blog/articles/pixelmon,https://www.lelezard.com/en/news-21531025.html
artblocks.io,io,REGISTERED,9/4/2027,349,Gandi SAS,9/4/2017,clientTransferProhibited https://icann.org/epp#clientTransferProhibited,whois,https://opensea.io/blog/articles/generative-art-nfts;https://opensea.io/blog/articles/in-conversation-with-adamtastic;https://opensea.io/blog/articles/in-conversation-with-emi-kusano,http://artblocks.io
ethermon.io,io,REGISTERED,9/4/2027,349,"GoDaddy.com, LLC",9/4/2019,clientDeleteProhibited https://icann.org/epp#clientDeleteProhibited,whois,https://opensea.io/blog/articles/non-fungible-tokens,https://ethermon.io/
avalabs.org,org,REGISTERED,9/4/2027,349,"Cloudflare, Inc.",9/4/2018,"client delete prohibited,client transfer prohibited,client update prohibited",rdap,https://opensea.io/blog/articles/opensea-digest-april-11-2024;https://opensea.io/blog/articles/opensea-digest-may-5;https://opensea.io/blog/articles/opensea-digest-september-4-2025,https://www.avalabs.org/
nakamoto.com,com,REGISTERED,9/5/2027,349,"Cloudflare, Inc.",9/6/1997,client transfer prohibited,rdap,https://opensea.io/blog/articles/opensea-digest-february-19-2026,https://nakamoto.com/
womenrise.art,art,REGISTERED,9/4/2027,349,"NameCheap, Inc.",9/4/2021,client transfer prohibited,rdap,https://opensea.io/blog/articles/spotlight-on-womens-history-month;https://opensea.io/blog/articles/women-rise-champions-girls-education-vr,https://www.womenrise.art/
fortmatic.com,com,REGISTERED,9/5/2027,350,"Name.com, Inc.",9/5/2016,client transfer prohibited,rdap,https://opensea.io/blog/articles/bringing-on-additional-strategic-investors-to-opensea,https://fortmatic.com/
neotokyo.codes,codes,REGISTERED,9/5/2027,350,"NameCheap, Inc.",9/5/2021,client transfer prohibited,rdap,https://opensea.io/blog/articles/in-conversation-with-firestorm-of-neo-tokyo,https://neotokyo.codes/
deadline.com,com,REGISTERED,9/6/2027,350,"eNom, LLC",9/7/1995,client transfer prohibited,rdap,https://opensea.io/blog/articles/julie-pacino,https://deadline.com/2021/12/utopia-julie-pacinos-nft-inspired-funded-i-live-here-now-1234899531/
ralenarc.com,com,REGISTERED,9/5/2027,350,Squarespace Domains LLC,9/5/2021,"client delete prohibited,client transfer prohibited,client update prohibited",rdap,https://opensea.io/blog/articles/live-from-marfa-in-conversation-with-ralenarc,http://ralenarc.com
bubblerangers.com,com,REGISTERED,9/7/2027,351,"GoDaddy.com, LLC",9/7/2023,clientDeleteProhibited https://icann.org/epp#clientDeleteProhibited,whois,https://opensea.io/blog/articles/in-conversation-with-greg-poon-of-imaginary-ones,https://bubblerangers.com/
r6smena.com,com,REGISTERED,9/6/2027,351,Wix.com Ltd.,9/6/2021,"client transfer prohibited,client update prohibited",rdap,https://opensea.io/blog/articles/in-conversation-with-omar-ghanem-of-gam3s-gg,https://www.r6smena.com/
miro.com,com,REGISTERED,9/7/2027,351,"Amazon Registrar, Inc.",9/8/1995,client transfer prohibited,rdap,https://opensea.io/blog/articles/in-conversation-with-sam-spratt,https://miro.com/app/board/uXjVMxTcc-Y=/
beincrypto.com,com,REGISTERED,9/7/2027,351,"GoDaddy.com, LLC",9/7/2017,"client delete prohibited,client renew prohibited,client transfer prohibited,client update prohibited",rdap,https://opensea.io/blog/articles/opensea-digest-may-22-2025,https://beincrypto.com/fifa-partners-avalanche-dedicated-blockchain-2/
artinmotion.nyc,nyc,REGISTERED,9/6/2027,351,"GoDaddy.com, LLC",9/6/2021,"client delete prohibited,client transfer prohibited,client renew prohibited,client update prohibited",rdap,https://opensea.io/blog/articles/trending-nfts-aiiv-mekaverse-and-more,https://artinmotion.nyc/
rareevo.io,io,REGISTERED,9/7/2027,352,"GoDaddy.com, LLC",9/7/2022,clientDeleteProhibited https://icann.org/epp#clientDeleteProhibited,whois,https://opensea.io/blog/articles/in-conversation-with-firestorm-of-neo-tokyo,https://rareevo.io/
wizards.com,com,REGISTERED,9/8/2027,352,"Network Solutions, LLC",9/9/1992,client transfer prohibited,rdap,https://opensea.io/blog/articles/interview-phil-from-cryptogametalk;https://opensea.io/blog/articles/non-fungible-tokens;https://opensea.io/blog/articles/phil-from-cryptogametalk-part-one,https://magic.wizards.com/en
treasure.lol,lol,REGISTERED,9/7/2027,352,"Amazon Registrar, Inc.",9/7/2021,client transfer prohibited,rdap,https://opensea.io/blog/articles/opensea-digest-december-19-2024,https://treasure.lol/
parinheidari.art,art,REGISTERED,9/8/2027,353,Tucows Domains Inc.,9/8/2021,"client transfer prohibited,client update prohibited",rdap,https://opensea.io/blog/articles/in-conversation-with-parin-heidari,https://parinheidari.art/
panerai.com,com,REGISTERED,9/9/2027,353,Nom-iq Ltd. dba COM LAUDE,9/10/1997,"client delete prohibited,client transfer prohibited,client update prohibited,server delete prohibited,server transfer prohibited",rdap,https://opensea.io/blog/articles/luxury-nfts;https://opensea.io/blog/articles/opensea-digest-sept-15-2023,https://www.panerai.com/en/collections/watch-collection/radiomir/pam01244-radiomir-eilean-experience.html
axios.com,com,REGISTERED,9/9/2027,353,"Amazon Registrar, Inc.",9/10/1997,clientTransferProhibited https://icann.org/epp#clientTransferProhibited,whois,https://opensea.io/blog/articles/opensea-digest-feb-22-2024,https://www.axios.com/2024/02/20/pudgy-penguins-nft-walmart
register-doodles.net,net,REGISTERED,9/9/2027,353,"NameCheap, Inc.",9/9/2026,client transfer prohibited,rdap,https://opensea.io/blog/articles/opensea-digest-july-18-2024,https://register-doodles.net/start/
chainstoreage.com,com,REGISTERED,9/9/2027,353,Tucows Domains Inc.,9/10/1995,"client transfer prohibited,client update prohibited",rdap,https://opensea.io/blog/articles/opensea-digest-march-27-2025,https://chainstoreage.com/walmart-extends-metaverse-gaming-efforts-minecraft-discord
globenewswire.com,com,REGISTERED,9/8/2027,353,"Amazon Registrar, Inc.",9/8/2007,client transfer prohibited,rdap,https://opensea.io/blog/articles/opensea-digest-may-1-2025;https://opensea.io/blog/articles/opensea-digest-september-18-2025,https://www.globenewswire.com/news-release/2025/04/28/3069180/0/en/New-MetaMask-Metal-Payment-Card-Self-Custody-Crypto-Card-With-Direct-Payments-Unveiled-by-CompoSecure-Baanx-and-MetaMask.html
jesus.shoes,shoes,REGISTERED,9/9/2027,354,"NameCheap, Inc.",9/9/2019,client transfer prohibited,rdap,https://opensea.io/blog/articles/in-conversation-with-alex-taub-of-goblintown,https://jesus.shoes/product/
77-bit.com,com,REGISTERED,9/9/2027,354,OVH sas,9/9/2022,"client delete prohibited,client transfer prohibited",rdap,https://opensea.io/blog/articles/opensea-digest-january-9-2025,https://77-bit.com/
sessionize.com,com,REGISTERED,9/9/2027,354,"COREhub, S.R.L.",9/9/2016,active,rdap,https://opensea.io/blog/articles/opensea-digest-june-12-2025,https://nftnyc2025.sessionize.com/schedule
notahotel.com,com,REGISTERED,9/9/2027,354,"Cloudflare, Inc.",9/9/2016,client transfer prohibited,rdap,https://opensea.io/blog/articles/travel-nfts,https://notahotel.com/exclusive
strangershq.com,com,REGISTERED,9/11/2027,355,Squarespace Domains II LLC,9/11/2022,"client delete prohibited,client transfer prohibited",rdap,https://opensea.io/blog/articles/eric-rubens,https://www.strangershq.com/
didimo.co,co,REGISTERED,9/10/2027,355,"GoDaddy.com, LLC",9/10/2018,clientRenewProhibited https://icann.org/epp#clientRenewProhibited,whois,https://opensea.io/blog/articles/in-conversation-with-sean-pinnock-of-avalon,https://www.didimo.co/
stripe.com,com,REGISTERED,9/11/2027,355,SafeNames Ltd.,9/12/1995,"client delete prohibited,client transfer prohibited,client update prohibited,server delete prohibited,server transfer prohibited,server update prohibited",rdap,https://opensea.io/blog/articles/opensea-digest-april-17-2026;https://opensea.io/blog/articles/opensea-digest-august-15-2025;https://opensea.io/blog/articles/opensea-digest-july-24-2026,https://docs.stripe.com/payments/stablecoin-payments
apefest.com,com,REGISTERED,9/11/2027,355,MarkMonitor Inc.,9/11/2000,"client delete prohibited,client transfer prohibited,client update prohibited",rdap,https://opensea.io/blog/articles/opensea-digest-july-21-2023;https://opensea.io/blog/articles/opensea-digest-october-24-2024,https://apefest.com/
cryptoart.io,io,REGISTERED,9/11/2027,355,"NameCheap, Inc.",9/11/2020,clientTransferProhibited https://icann.org/epp#clientTransferProhibited,whois,https://opensea.io/blog/articles/spotlight-february-2021,https://cryptoart.io/artist/thato
warface.com,com,REGISTERED,9/12/2027,357,"Regional Network Information Center, JSC dba RU-CENTER",9/12/2003,client transfer prohibited,rdap,https://opensea.io/blog/articles/off-the-grid-console-gaming-web3-battle-royale,http://warface.com
wyo.gov,gov,REGISTERED,9/12/2027,357,get.gov,8/5/2003,server transfer prohibited,rdap,https://opensea.io/blog/articles/opensea-digest-august-21-2025;https://opensea.io/blog/articles/opensea-digest-august-21-2026;https://opensea.io/blog/articles/opensea-digest-january-9-2026,https://stabletoken.wyo.gov/
superverse.co,co,REGISTERED,9/12/2027,357,"GoDaddy.com, LLC",9/12/2021,clientRenewProhibited https://icann.org/epp#clientRenewProhibited,whois,https://opensea.io/blog/articles/opensea-digest-march-28-2024,https://superverse.co/
stuckincustoms.com,com,REGISTERED,9/12/2027,357,DropCatch.com 1120 LLC,9/12/2026,active,rdap,https://opensea.io/blog/articles/trey-ratcliff,https://stuckincustoms.com/
immunefi.com,com,REGISTERED,9/13/2027,358,Squarespace Domains II LLC,9/13/2020,"client delete prohibited,client transfer prohibited",rdap,https://opensea.io/blog/articles/introducing-the-nft-security-group,https://immunefi.com/explore/
rarepepedirectory.com,com,REGISTERED,9/13/2027,358,"GoDaddy.com, LLC",9/13/2016,"client delete prohibited,client renew prohibited,client transfer prohibited,client update prohibited",rdap,https://opensea.io/blog/articles/non-fungible-tokens,http://rarepepedirectory.com/
arbitrum.foundation,foundation,REGISTERED,9/13/2027,358,"NameCheap, Inc.",9/13/2022,client transfer prohibited,rdap,https://opensea.io/blog/articles/opensea-digest-july-11-2024;https://opensea.io/blog/articles/opensea-digest-march-20-2025,https://arbitrum.foundation/
threejs-journey.com,com,REGISTERED,9/14/2027,359,Scaleway SAS,9/14/2020,client transfer prohibited,rdap,https://opensea.io/blog/articles/live-from-marfa-in-conversation-with-radix,https://threejs-journey.com/
amblin.com,com,REGISTERED,9/15/2027,359,MarkMonitor Inc.,9/16/1997,"client delete prohibited,client transfer prohibited,client update prohibited",rdap,https://opensea.io/blog/articles/opensea-digest-march-20-2025,https://amblin.com/
lamborghini.com,com,REGISTERED,9/15/2027,359,1API GmbH,9/16/1996,"client delete prohibited,client transfer prohibited",rdap,https://opensea.io/blog/articles/opensea-digest-october-10-2024,https://fastforworld.lamborghini.com/
variety.com,com,REGISTERED,9/16/2027,360,"eNom, LLC",9/17/1996,client transfer prohibited,rdap,https://opensea.io/blog/articles/in-conversation-with-walter-newman-an-emmy-nominated-producer-behind-nouns-fest;https://opensea.io/blog/articles/micah-johnson;https://opensea.io/blog/articles/opensea-digest-june-5-2025,https://variety.com/2021/digital/news/aku-first-nft-optioned-film-tv-1234953189/
raspberrypi.com,com,REGISTERED,9/15/2027,360,Tucows Domains Inc.,9/15/2008,"client transfer prohibited,client update prohibited",rdap,https://opensea.io/blog/articles/live-from-marfa-in-conversation-with-clownvamp,https://www.raspberrypi.com/
vibes.art,art,REGISTERED,9/15/2027,360,"NameCheap, Inc.",9/15/2021,client transfer prohibited,rdap,https://opensea.io/blog/articles/live-from-marfa-in-conversation-with-remnynt,https://vibes.art
wowg.art,art,REGISTERED,9/15/2027,360,PDR Ltd. d/b/a PublicDomainRegistry.com,9/15/2023,client transfer prohibited,rdap,https://opensea.io/blog/articles/nft-collectibles,https://www.wowg.art/enteradventure
trusselltrust.org,org,REGISTERED,9/15/2027,360,"GoDaddy.com, LLC",9/15/2000,"client delete prohibited,client renew prohibited,client transfer prohibited,client update prohibited,auto renew period",rdap,https://opensea.io/blog/articles/opensea-digest-jan-25-2024,https://www.trusselltrust.org/
collisionawards.com,com,REGISTERED,9/15/2027,360,"Domain.com - Network Solutions, LLC",9/15/2023,active,rdap,https://opensea.io/blog/articles/opensea-digest-july-6-2024,https://collisionawards.com/
wrongtheory.xyz,xyz,REGISTERED,9/15/2027,360,Tucows Domains Inc.,9/15/2021,"client transfer prohibited,client update prohibited,auto renew period",rdap,https://opensea.io/blog/articles/oveck-reyes,https://www.wrongtheory.xyz/oveck-reyes/
thecanvas.global,global,REGISTERED,9/15/2027,360,"GoDaddy.com, LLC",9/15/2021,"client delete prohibited,client renew prohibited,client transfer prohibited,client update prohibited,auto renew period",rdap,https://opensea.io/blog/articles/pride-perspectives-june-2023,https://thecanvas.global/pages/the-canvas-3-0
alethea.ai,ai,REGISTERED,9/15/2027,360,"NameCheap, Inc.",9/15/2019,client transfer prohibited,rdap,https://opensea.io/blog/articles/strongthe-2022-nft-awards-strong;https://opensea.io/blog/articles/trending-nfts-kohi-kintsugi-eponym-and-more,https://alethea.ai/
archipelago.art,art,REGISTERED,9/16/2027,361,"NameCheap, Inc.",9/16/2021,client transfer prohibited,rdap,https://opensea.io/blog/articles/generative-art-nfts,https://archipelago.art/
crumbproducts.com,com,REGISTERED,9/17/2027,361,"Network Solutions, LLC",9/18/1998,client transfer prohibited,rdap,https://opensea.io/blog/articles/in-conversation-with-dave-van-patten,https://www.crumbproducts.com/Robert-Crumb-Biography_b_12.html
playerzero.me,me,REGISTERED,9/16/2027,361,"NameCheap, Inc.",9/16/2024,pendingTransfer https://icann.org/epp#pendingTransfer,whois,https://opensea.io/blog/articles/in-conversation-with-sergio-silva,https://playerzero.me/
whitehouse.gov,gov,REGISTERED,9/17/2027,361,get.gov,10/2/1997,server transfer prohibited,rdap,https://opensea.io/blog/articles/opensea-digest-july-24-2025;https://opensea.io/blog/articles/opensea-digest-july-31-2025;https://opensea.io/blog/articles/stablecoins-for-consumers,https://www.whitehouse.gov/fact-sheets/2025/07/fact-sheet-president-donald-j-trump-signs-genius-act-into-law/
samspike.me,me,REGISTERED,9/17/2027,362,"NameCheap, Inc.",9/17/2026,clientTransferProhibited https://icann.org/epp#clientTransferProhibited,whois,https://opensea.io/blog/articles/finiliar,http://samspike.me/
flamingodao.xyz,xyz,REGISTERED,9/17/2027,362,"GoDaddy.com, LLC",9/17/2020,"client renew prohibited,client transfer prohibited,client update prohibited,client delete prohibited,auto renew period",rdap,https://opensea.io/blog/articles/in-conversation-with-mmerchs-colby-mugrabi;https://opensea.io/blog/articles/opensea-raises-23m-to-scale-the-largest-marketplace-for-nfts,https://flamingodao.xyz/
puma.com,com,REGISTERED,9/18/2027,362,"CSC Corporate Domains, Inc.",9/19/1997,"client transfer prohibited,server delete prohibited,server transfer prohibited,server update prohibited",rdap,https://opensea.io/blog/articles/music-nfts;https://opensea.io/blog/articles/opensea-digest-july-27-2023;https://opensea.io/blog/articles/opensea-digest-june-16-2023,https://us.puma.com/us/en
ledger.com,com,REGISTERED,9/18/2027,362,Gandi SAS,9/19/1994,client transfer prohibited,rdap,https://opensea.io/blog/articles/opensea-digest-april-10-2025;https://opensea.io/blog/articles/opensea-digest-april-17-2026;https://opensea.io/blog/articles/opensea-digest-april-18-2024,https://brand.ledger.com/op3n
playlifebeyond.com,com,REGISTERED,9/19/2027,363,"NameCheap, Inc.",9/19/2019,client transfer prohibited,rdap,https://opensea.io/blog/articles/opensea-digest-jan-25-2024,https://playlifebeyond.com/
rollingstone.com,com,REGISTERED,9/20/2027,364,"CSC Corporate Domains, Inc.",9/21/1994,client transfer prohibited,rdap,https://opensea.io/blog/articles/6-artists-who-shaped-the-music-nft-movement,https://www.rollingstone.com/pro/news/kings-of-leon-when-you-see-yourself-album-nft-crypto-1135192/
cnn.com,com,REGISTERED,9/21/2027,365,Nom-iq Ltd. dba COM LAUDE,9/22/1993,"client delete prohibited,client transfer prohibited,client update prohibited,server delete prohibited,server transfer prohibited,server update prohibited",rdap,https://opensea.io/blog/articles/guesstimating-where-we-are-in-the-nft-market-life-cycle,https://www.cnn.com/style/article/cryptokitty-blockchain/index.html
atariage.com,com,REGISTERED,9/20/2027,365,"NameCheap, Inc.",9/20/2000,active,rdap,https://opensea.io/blog/articles/how-atari-club-aims-to-pioneer-web3-powered-brand-loyalty,https://atariage.com/magazines/index.php
rug.fm,fm,REGISTERED,9/20/2027,365,"Cloudflare, Inc.",9/20/2021,client transfer prohibited,rdap,https://opensea.io/blog/articles/in-conversation-with-benjamin-white;https://opensea.io/blog/articles/opensea-digest-october-9-2025;https://opensea.io/blog/articles/strongthe-2022-nft-awards-strong,https://www.rug.fm/
bvnk.com,com,REGISTERED,9/20/2027,365,"Amazon Registrar, Inc.",9/20/2004,client transfer prohibited,rdap,https://opensea.io/blog/articles/opensea-digest-january-15-2026;https://opensea.io/blog/articles/opensea-digest-may-28-2026,https://bvnk.com/
boysclub.vip,vip,REGISTERED,9/21/2027,366,"Cloudflare, Inc.",9/21/2021,client transfer prohibited,rdap,https://opensea.io/blog/articles/opensea-at-fwb-fest-2023,https://www.boysclub.vip/
usv.com,com,REGISTERED,9/22/2027,366,"Cloudflare, Inc.",9/23/1997,"client delete prohibited,client transfer prohibited,client update prohibited,server delete prohibited,server transfer prohibited,server update prohibited",rdap,https://opensea.io/blog/articles/opensea-digest-may-23-2024,https://www.usv.com/
blockbar.com,com,REGISTERED,9/21/2027,366,"Amazon Registrar, Inc.",9/21/2011,client transfer prohibited,rdap,https://opensea.io/blog/articles/opensea-digest-october-17-2024,https://blockbar.com/
oxfordartonline.com,com,REGISTERED,9/21/2027,366,"CSC Corporate Domains, Inc.",9/21/2006,client transfer prohibited,rdap,https://opensea.io/blog/articles/spotlight-on-hispanic-heritage-month,https://www.oxfordartonline.com/groveart/display/10.1093/gao/9781884446054.001.0001/oao-9781884446054-e-90000139458
marfainvitational.com,com,REGISTERED,9/22/2027,367,Tucows Domains Inc.,9/22/2018,"client transfer prohibited,client update prohibited",rdap,https://opensea.io/blog/articles/opensea-digest-april-4-2024,https://www.marfainvitational.com/
cryptoys.com,com,REGISTERED,9/22/2027,367,Gandi SAS,9/22/2014,client transfer prohibited,rdap,https://opensea.io/blog/articles/opensea-digest-aug-31-2023;https://opensea.io/blog/articles/opensea-digest-may-26-2023;https://opensea.io/blog/articles/opensea-digest-november-13-2025,https://cryptoys.com/
farmsent.io,io,REGISTERED,9/22/2027,367,"GoDaddy.com, LLC",9/22/2021,clientDeleteProhibited https://icann.org/epp#clientDeleteProhibited,whois,https://opensea.io/blog/articles/opensea-digest-august-22-2024,https://www.farmsent.io/
crazysmiles.com,com,REGISTERED,9/22/2027,367,"NameCheap, Inc.",9/22/2001,client transfer prohibited,rdap,https://opensea.io/blog/articles/opensea-digest-march-20-2025,http://crazysmiles.com
walmart.com,com,REGISTERED,9/23/2027,368,"CSC Corporate Domains, Inc.",2/23/1995,"client transfer prohibited,server delete prohibited,server transfer prohibited,server update prohibited",rdap,https://opensea.io/blog/articles/brands-that-started-as-crypto-tokens;https://opensea.io/blog/articles/nft-collectibles;https://opensea.io/blog/articles/opensea-digest-feb-22-2024,https://www.walmart.com/
officemagazine.net,net,REGISTERED,9/23/2027,368,One.com A/S,9/23/2014,active,rdap,https://opensea.io/blog/articles/micah-johnson,https://officemagazine.net/exploring-aku-world-crypto-mogul-micah-johnson
loomx.io,io,REGISTERED,9/24/2027,369,"NameCheap, Inc.",9/24/2017,clientTransferProhibited https://icann.org/epp#clientTransferProhibited,whois,https://opensea.io/blog/articles/cryptowars-are-now-tradeable-opensea,https://loomx.io/developers/
globaldollar.com,com,REGISTERED,9/25/2027,369,"Amazon Registrar, Inc.",9/26/1998,client transfer prohibited,rdap,https://opensea.io/blog/articles/opensea-digest-august-7-2025,https://globaldollar.com/
ihamnft.com,com,REGISTERED,9/24/2027,369,"Japan Registry Services Co., Ltd.",9/24/2025,active,rdap,https://opensea.io/blog/articles/who-is-foodmasku,https://www.ihamnft.com/en/foodmasku
algorandtechnologies.com,com,REGISTERED,9/25/2027,370,"GoDaddy.com, LLC",9/25/2023,"client delete prohibited,client renew prohibited,client transfer prohibited,client update prohibited",rdap,https://opensea.io/blog/articles/airline-nfts,https://algorandtechnologies.com/
leagueoflegends.com,com,REGISTERED,9/25/2027,370,MarkMonitor Inc.,9/25/2007,"client delete prohibited,client transfer prohibited,client update prohibited",rdap,https://opensea.io/blog/articles/in-conversation-with-chevan-tin-of-anichess;https://opensea.io/blog/articles/in-conversation-with-omar-ghanem-of-gam3s-gg,https://www.leagueoflegends.com/en-us/
devilmaycry.com,com,REGISTERED,9/26/2027,371,"Amazon Registrar, Inc.",9/26/2000,client transfer prohibited,rdap,https://opensea.io/blog/articles/moonrays-unusual-journey-from-comic-books-to-a-futuristic-arena-battler-game,https://www.devilmaycry.com/en/
semma.nyc,nyc,REGISTERED,9/27/2027,372,"GoDaddy.com, LLC",9/27/2021,"client delete prohibited,client transfer prohibited,client renew prohibited,client update prohibited",rdap,https://opensea.io/blog/articles/opensea-digest-august-8-2024,https://www.semma.nyc/
cnbc.com,com,REGISTERED,9/29/2027,373,MarkMonitor Inc.,9/30/1997,"client delete prohibited,client transfer prohibited,client update prohibited,server delete prohibited,server transfer prohibited,server update prohibited",rdap,https://opensea.io/blog/articles/1-billion-from-creator-fees-in-2022;https://opensea.io/blog/articles/gary-vaynerchuk;https://opensea.io/blog/articles/gronk-x-medium-rare-x-opensea,https://www.cnbc.com/2020/04/17/houseparty-ceo-sima-sistani-zoom-by-day-houseparty-by-night.html
0x5f.capital,capital,REGISTERED,9/29/2027,373,Tucows Domains Inc.,9/29/2023,active,rdap,https://opensea.io/blog/articles/in-conversation-with-trevor-thompson-from-ethos,https://www.0x5f.capital/
alearesearch.io,io,REGISTERED,9/29/2027,374,"NameCheap, Inc.",9/29/2024,clientTransferProhibited https://icann.org/epp#clientTransferProhibited,whois,https://opensea.io/blog/articles/in-conversation-with-jacek-trocinski-of-degen,https://alearesearch.io/theses/degen-degen/
nga.gov,gov,REGISTERED,9/30/2027,374,get.gov,10/2/1997,server transfer prohibited,rdap,https://opensea.io/blog/articles/in-conversation-with-parker-ito;https://opensea.io/blog/articles/in-conversation-with-xanthrax,https://www.nga.gov/artists/132-francis-bacon
nftworlds.com,com,REGISTERED,9/29/2027,374,"Amazon Registrar, Inc.",9/29/2020,client transfer prohibited,rdap,https://opensea.io/blog/articles/opensea-digest-june-21-2024,https://nftworlds.com/
sportsbusinessjournal.com,com,REGISTERED,9/30/2027,374,"CSC Corporate Domains, Inc.",10/1/1997,client transfer prohibited,rdap,https://opensea.io/blog/articles/opensea-digest-october-2-2025,https://www.sportsbusinessjournal.com/Daily/Issues/2022/12/19/Technology/blockchain-tezos-red-bull-racing-end-sponsorship-deal/
mrmen.com,com,REGISTERED,10/1/2027,375,Nom-iq Ltd. dba COM LAUDE,10/1/1999,"client delete prohibited,client transfer prohibited,client update prohibited",rdap,https://opensea.io/blog/articles/in-conversation-with-sean-webster,https://mrmen.com/
monaverse.com,com,REGISTERED,9/30/2027,375,"NameCheap, Inc.",9/30/2021,client transfer prohibited,rdap,https://opensea.io/blog/articles/opensea-digest-april-25-2024;https://opensea.io/blog/articles/opensea-digest-april-4-2024;https://opensea.io/blog/articles/opensea-digest-feb-1-2024,https://monaverse.com/
blockchain.capital,capital,REGISTERED,10/1/2027,376,Squarespace Domains II LLC,10/1/2014,"client delete prohibited,client transfer prohibited,renew period",rdap,https://opensea.io/blog/articles/bringing-on-additional-strategic-investors-to-opensea;https://opensea.io/blog/articles/opensea-raises-23m-to-scale-the-largest-marketplace-for-nfts,https://blockchain.capital/
defacedstudio.com,com,REGISTERED,10/1/2027,376,"NameCheap, Inc.",10/1/2020,client transfer prohibited,rdap,https://opensea.io/blog/articles/defaced,https://www.defacedstudio.com/
arpeggi.io,io,REGISTERED,10/2/2027,376,"NameCheap, Inc.",10/2/2021,clientTransferProhibited https://icann.org/epp#clientTransferProhibited,whois,https://opensea.io/blog/articles/music-nfts,https://landing.arpeggi.io/
somethinginthewater.com,com,REGISTERED,10/2/2027,376,"Go France Domains, LLC",4/10/2007,"client delete prohibited,client renew prohibited,client transfer prohibited,client update prohibited",rdap,https://opensea.io/blog/articles/opensea-digest-april-28,https://somethinginthewater.com/
joelcares.net,net,REGISTERED,10/2/2027,377,"NameCheap, Inc.",10/2/2015,client transfer prohibited,rdap,https://opensea.io/blog/articles/in-conversation-with-walter-newman-an-emmy-nominated-producer-behind-nouns-fest,https://joelcares.net/
cbsnews.com,com,REGISTERED,10/3/2027,377,MarkMonitor Inc.,10/4/1994,"client delete prohibited,client transfer prohibited,client update prohibited,server delete prohibited,server transfer prohibited,server update prohibited",rdap,https://opensea.io/blog/articles/opensea-digest-february-27-2026;https://opensea.io/blog/articles/opensea-digest-september-4-2025,https://www.cbsnews.com/news/artificial-intelligence-creating-art-refik-anadol-60-minutes/
endaoment.org,org,REGISTERED,10/3/2027,377,Squarespace Domains II LLC,10/3/2019,"client delete prohibited,client transfer prohibited,renew period",rdap,https://opensea.io/blog/articles/opensea-digest-october-16-2025,https://endaoment.org/
mayaspirits.xyz,xyz,REGISTERED,10/4/2027,379,"NameCheap, Inc.",10/4/2022,client transfer prohibited,rdap,https://opensea.io/blog/articles/in-conversation-with-liam-scully-of-maya-spirits,https://mayaspirits.xyz/
westernunion.com,com,REGISTERED,10/7/2027,381,MarkMonitor Inc.,10/8/1995,"client delete prohibited,client transfer prohibited,client update prohibited",rdap,https://opensea.io/blog/articles/opensea-digest-may-8-2026;https://opensea.io/blog/articles/opensea-digest-october-30-2025;https://opensea.io/blog/articles/stablecoins-for-consumers,https://ir.westernunion.com/news/archived-press-releases/press-release-details/2025/Western-Union-Announces-USDPT-Stablecoin-on-Solana-and-Digital-Asset-Network/default.aspx
metapurse.fund,fund,REGISTERED,10/6/2027,381,"NameCheap, Inc.",10/6/2020,client transfer prohibited,rdap,https://opensea.io/blog/articles/opensea-raises-23m-to-scale-the-largest-marketplace-for-nfts,https://www.metapurse.fund/
beehiiv.com,com,REGISTERED,10/8/2027,382,"Cloudflare, Inc.",10/8/2020,client transfer prohibited,rdap,https://opensea.io/blog/articles/maison-margiela-metatabi-boots,https://thefabricant.beehiiv.com/subscribe
emikusano.art,art,REGISTERED,10/8/2027,383,Tucows Domains Inc.,10/8/2023,"client transfer prohibited,client update prohibited",rdap,https://opensea.io/blog/articles/claire-silver;https://opensea.io/blog/articles/in-conversation-with-emi-kusano;https://opensea.io/blog/articles/opensea-digest-april-24-2025,https://www.emikusano.art/
nationalgeographic.com,com,REGISTERED,10/9/2027,383,"CSC Corporate Domains, Inc.",10/10/1995,"client transfer prohibited,server delete prohibited,server transfer prohibited,server update prohibited",rdap,https://opensea.io/blog/articles/in-conversation-with-ilan-derech,https://www.nationalgeographic.com/
tetradg.com,com,REGISTERED,10/9/2027,384,Squarespace Domains LLC,10/9/2025,"client delete prohibited,client transfer prohibited",rdap,https://opensea.io/blog/articles/opensea-digest-may-8-2026,https://tetradg.com/cadd-stablecoin/
mancity.com,com,REGISTERED,10/9/2027,384,Nom-iq Ltd. dba COM LAUDE,10/9/2000,"client delete prohibited,client transfer prohibited,client update prohibited",rdap,https://opensea.io/blog/articles/power-of-women-man-city-i-am-empowered-collection,https://www.mancity.com/
canton.network,network,REGISTERED,10/12/2027,386,"GoDaddy.com, LLC",10/12/2021,"client delete prohibited,client renew prohibited,client transfer prohibited,client update prohibited",rdap,https://opensea.io/blog/articles/opensea-digest-january-9-2026,https://www.canton.network/
thebornless.com,com,REGISTERED,10/12/2027,387,"GoDaddy.com, LLC",10/12/2021,"client delete prohibited,client renew prohibited,client transfer prohibited,client update prohibited",rdap,https://opensea.io/blog/articles/opensea-digest-march-28-2024,https://www.thebornless.com/
fxhash.xyz,xyz,REGISTERED,10/13/2027,388,Gandi SAS,10/13/2021,client transfer prohibited,rdap,https://opensea.io/blog/articles/opensea-digest-feb-22-2024;https://opensea.io/blog/articles/opensea-digest-june-13-2024,https://www.fxhash.xyz/
clownvamp.com,com,REGISTERED,10/14/2027,389,"Name.com, Inc.",10/14/2022,client transfer prohibited,rdap,https://opensea.io/blog/articles/live-from-marfa-in-conversation-with-clownvamp,https://junk.clownvamp.com/
confiction.com,com,REGISTERED,10/14/2027,389,"NameCheap, Inc.",10/14/2018,client transfer prohibited,rdap,https://opensea.io/blog/articles/opensea-digest-august-22-2024,https://www.confiction.com/
canada.ca,ca,REGISTERED,10/16/2027,390,Authentic Web Inc.,11/25/2002,clientTransferProhibited https://icann.org/epp#clientTransferProhibited,whois,https://opensea.io/blog/articles/opensea-digest-may-8-2026,https://www.canada.ca/en/department-finance/programs/financial-sector-policy/canadas-stablecoin-framework.html
limitbreak.com,com,REGISTERED,10/16/2027,391,"GoDaddy.com, LLC",10/16/2005,"client delete prohibited,client renew prohibited,client transfer prohibited,client update prohibited",rdap,https://opensea.io/blog/articles/creator-earnings-erc721-c-compatibility-on-opensea;https://opensea.io/blog/articles/opensea-digest-april-4-2024,https://limitbreak.com/index.html
pieverse.io,io,REGISTERED,10/17/2027,392,"GoDaddy.com, LLC",10/17/2024,clientDeleteProhibited https://icann.org/epp#clientDeleteProhibited,whois,https://opensea.io/blog/articles/in-conversation-with-colin-and-david-of-pieverse,https://www.pieverse.io/
paragraph.com,com,REGISTERED,10/18/2027,392,"NameCheap, Inc.",10/19/1993,client transfer prohibited,rdap,https://opensea.io/blog/articles/opensea-digest-november-20-2025,https://paragraph.com/
artblocksengine.io,io,REGISTERED,10/19/2027,394,"GoDaddy.com, LLC",10/19/2022,clientDeleteProhibited https://icann.org/epp#clientDeleteProhibited,whois,https://opensea.io/blog/articles/opensea-digest-may-12-2023;https://opensea.io/blog/articles/what-is-art-blocks,https://www.artblocksengine.io
momixtezos.art,art,REGISTERED,10/19/2027,394,PDR Ltd. d/b/a PublicDomainRegistry.com,10/19/2025,client transfer prohibited,rdap,https://opensea.io/blog/articles/opensea-digest-october-30-2025,https://momixtezos.art/fa2-fellowship
honda.com,com,REGISTERED,10/24/2027,398,"Network Solutions, LLC",10/25/1989,client transfer prohibited,rdap,https://opensea.io/blog/articles/opensea-digest-jan-25-2024,https://www.honda.com/
nguyenwahed.com,com,REGISTERED,10/25/2027,400,"GoDaddy.com, LLC",10/25/2023,"client delete prohibited,client renew prohibited,client transfer prohibited,client update prohibited",rdap,https://opensea.io/blog/articles/in-conversation-with-leander-herzog;https://opensea.io/blog/articles/opensea-digest-june-11-2026,https://nguyenwahed.com/
penguinrandomhouse.com,com,REGISTERED,10/25/2027,400,"CSC Corporate Domains, Inc.",10/25/2012,"client transfer prohibited,server delete prohibited,server transfer prohibited,server update prohibited",rdap,https://opensea.io/blog/articles/opensea-digest-may-22-2025;https://opensea.io/blog/articles/opensea-digest-september-4-2025,https://www.penguinrandomhouse.com/books/807250/pudgy-penguins-worst-birthday-gift-ever-by-michael-leviton-illustrated-by-kuma-labs-and-pudgy-penguins/
amazon.com,com,REGISTERED,10/31/2027,405,MarkMonitor Inc.,11/1/1994,"client delete prohibited,client transfer prohibited,client update prohibited,server delete prohibited,server transfer prohibited,server update prohibited",rdap,https://opensea.io/blog/articles/brands-that-started-as-crypto-tokens;https://opensea.io/blog/articles/elman-mansimov;https://opensea.io/blog/articles/gary-vaynerchuk,https://aws.amazon.com/
history.com,com,REGISTERED,10/31/2027,405,"CSC Corporate Domains, Inc.",11/1/1994,"client transfer prohibited,server delete prohibited,server transfer prohibited,server update prohibited",rdap,https://opensea.io/blog/articles/opensea-digest-february-20-2025,https://www.history.com/topics/black-history/selma-montgomery-march
onflow.org,org,REGISTERED,10/31/2027,405,Gandi SAS,10/31/2006,client transfer prohibited,rdap,https://opensea.io/blog/articles/opensea-digest-oct-20-2023,https://forum.onflow.org/t/evm-on-flow-beyond-solidity/5260
primevideo.com,com,REGISTERED,10/31/2027,406,MarkMonitor Inc.,10/31/2000,"client delete prohibited,client transfer prohibited,client update prohibited",rdap,https://opensea.io/blog/articles/opensea-digest-july-16-2026,https://www.primevideo.com/detail/0JFTT1DXGXHKT0UG5ZIJDMZZ13
zynga.com,com,REGISTERED,11/2/2027,408,MarkMonitor Inc.,11/2/2007,"client delete prohibited,client transfer prohibited,client update prohibited",rdap,https://opensea.io/blog/articles/opensea-digest-aug-24-2023,https://www.zynga.com/
areta.io,io,REGISTERED,11/3/2027,409,"GoDaddy.com, LLC",11/3/2023,clientDeleteProhibited https://icann.org/epp#clientDeleteProhibited,whois,https://opensea.io/blog/articles/opensea-digest-april-17-2026,https://areta.io/
stability.ai,ai,REGISTERED,11/6/2027,412,"CSC Corporate Domains, Inc.",11/6/2019,client transfer prohibited,rdap,https://opensea.io/blog/articles/infiniteyay;https://opensea.io/blog/articles/live-from-marfa-in-conversation-with-dadabots;https://opensea.io/blog/articles/live-from-marfa-in-conversation-with-deltasauce,https://stability.ai/
divineanarchy.com,com,REGISTERED,11/6/2027,412,"GoDaddy.com, LLC",11/6/2006,active,rdap,https://opensea.io/blog/articles/trending-nfts-vogue-blair-bernstein-and-more,https://www.divineanarchy.com/
samspratt.com,com,REGISTERED,11/7/2027,413,"GoDaddy.com, LLC",11/7/2009,"client delete prohibited,client renew prohibited,client transfer prohibited,client update prohibited",rdap,https://opensea.io/blog/articles/opensea-digest-aug-31-2023;https://opensea.io/blog/articles/opensea-digest-march-13-2025;https://opensea.io/blog/articles/opensea-digest-march-14-2024,https://www.samspratt.com/
weth.io,io,REGISTERED,11/10/2027,416,"Cloudflare, Inc",11/10/2025,clientTransferProhibited https://icann.org/epp#clientTransferProhibited,whois,https://opensea.io/blog/articles/buy-and-sell-crypto-collectibles-with-dai;https://opensea.io/blog/articles/buy-and-sell-crypto-collectibles-with-mana;https://opensea.io/blog/articles/buy-and-sell-crypto-collectibles-with-usdc,https://weth.io/
banklesshq.com,com,REGISTERED,11/12/2027,418,"GoDaddy.com, LLC",11/12/2019,"client delete prohibited,client renew prohibited,client transfer prohibited,client update prohibited",rdap,https://opensea.io/blog/articles/nft-news-sources-and-how-to-access-them;https://opensea.io/blog/articles/opensea-digest-aug-10-2023;https://opensea.io/blog/articles/opensea-digest-aug-4-2023,https://jpegs.banklesshq.com/
battleracers.io,io,REGISTERED,11/14/2027,419,Devexpanse Ltd d/b/a Regery.com,11/14/2018,clientTransferProhibited https://icann.org/epp#clientTransferProhibited,whois,https://opensea.io/blog/articles/non-fungible-tokens,https://battleracers.io/
pixelpals.ai,ai,REGISTERED,11/16/2027,421,"GoDaddy.com, LLC",11/16/2023,"client delete prohibited,client renew prohibited,client transfer prohibited,client update prohibited",rdap,https://opensea.io/blog/articles/pixelmon,https://www.pixelpals.ai/
withcl.com,com,REGISTERED,11/17/2027,423,Tucows Domains Inc.,11/17/2022,active,rdap,https://opensea.io/blog/articles/opensea-digest-may-29-2025,https://www.withcl.com/
paradigm.xyz,xyz,REGISTERED,11/19/2027,425,MarkMonitor Inc.,11/19/2014,"server update prohibited,server delete prohibited,server transfer prohibited,client transfer prohibited,client update prohibited,client delete prohibited",rdap,https://opensea.io/blog/articles/announcing-openseas-new-funding;https://opensea.io/blog/articles/opensea-digest-august-15-2025;https://opensea.io/blog/articles/opensea-digest-may-23-2024,https://www.paradigm.xyz/
ucp.dev,dev,REGISTERED,11/19/2027,425,MarkMonitor Inc.,11/19/2025,"client delete prohibited,client transfer prohibited,client update prohibited",rdap,https://opensea.io/blog/articles/in-conversation-with-colin-and-david-of-pieverse,https://ucp.dev/
dailydot.com,com,REGISTERED,11/19/2027,425,"GoDaddy.com, LLC",11/19/2003,"client delete prohibited,client renew prohibited,client transfer prohibited,client update prohibited",rdap,https://opensea.io/blog/articles/non-fungible-tokens,https://www.dailydot.com/unclick/rare-pepe-frog-meme-economy/
epicgames.com,com,REGISTERED,11/20/2027,426,MarkMonitor Inc.,1/10/1995,"client delete prohibited,client transfer prohibited,client update prohibited",rdap,https://opensea.io/blog/articles/how-wanderers-transformed-nft-art-into-an-engaging-immersive-game;https://opensea.io/blog/articles/in-conversation-with-omar-ghanem-of-gam3s-gg;https://opensea.io/blog/articles/moonrays-unusual-journey-from-comic-books-to-a-futuristic-arena-battler-game,https://store.epicgames.com/en-US
fortnite.com,com,REGISTERED,11/20/2027,426,MarkMonitor Inc.,5/26/2010,"client delete prohibited,client transfer prohibited,client update prohibited",rdap,https://opensea.io/blog/articles/in-conversation-with-alice-delahunt-of-syky;https://opensea.io/blog/articles/in-conversation-with-omar-ghanem-of-gam3s-gg;https://opensea.io/blog/articles/opensea-digest-jan-25-2024,https://www.fortnite.com/
unrealengine.com,com,REGISTERED,11/20/2027,426,MarkMonitor Inc.,7/1/1998,"client delete prohibited,client transfer prohibited,client update prohibited",rdap,https://opensea.io/blog/articles/moonrays-unusual-journey-from-comic-books-to-a-futuristic-arena-battler-game;https://opensea.io/blog/articles/opensea-digest-april-25-2024;https://opensea.io/blog/articles/opensea-digest-january-1-2026,https://www.unrealengine.com/en-US
hackerone.com,com,REGISTERED,11/26/2027,432,"Cloudflare, Inc.",11/26/2007,"client delete prohibited,client transfer prohibited,client update prohibited,server delete prohibited,server transfer prohibited,server update prohibited",rdap,https://opensea.io/blog/articles/introducing-the-nft-security-group;https://opensea.io/blog/articles/openseas-bug-bounty-program,https://hackerone.com/
neel.sh,sh,REGISTERED,11/26/2027,432,Porkbun LLC,11/26/2021,clientDeleteProhibited https://icann.org/epp#clientDeleteProhibited,whois,https://opensea.io/blog/articles/live-from-marfa-in-conversation-with-neel-shivdasani,https://neel.sh
christies.com.cn,cn,REGISTERED,11/27/2027,433,阿里云计算有限公司（万网）,11/27/2003,serverDeleteProhibited,whois,https://opensea.io/blog/articles/opensea-digest-june-13-2024,https://onlineonly.christies.com.cn/s/beyond-screen/jeremy-booth-b-1986-17/224221
ieee.org,org,REGISTERED,11/30/2027,435,"Network Solutions, LLC",12/1/1989,client transfer prohibited,rdap,https://opensea.io/blog/articles/opensea-digest-july-24-2025,https://blockchain.ieee.org/about
optimist.co,co,REGISTERED,12/2/2027,438,"GoDaddy.com, LLC",12/3/2014,clientRenewProhibited https://icann.org/epp#clientRenewProhibited,whois,https://opensea.io/blog/articles/opensea-digest-september-12-2024,https://optimist.co/
solana.org,org,REGISTERED,12/4/2027,440,"Cloudflare, Inc.",12/4/2010,client transfer prohibited,rdap,https://opensea.io/blog/articles/opensea-digest-march-5-2026;https://opensea.io/blog/articles/opensea-digest-may-5,https://solana.org/
screendaily.com,com,REGISTERED,12/7/2027,443,Register SPA,12/7/1999,active,rdap,https://opensea.io/blog/articles/julie-pacino,https://www.screendaily.com/news/utopia-to-launch-efm-sales-on-julie-pacino-psychological-horror-i-live-here-now-exclusive/5190067.article
haskell.org,org,REGISTERED,12/11/2027,446,"NameCheap, Inc.",12/12/1996,client transfer prohibited,rdap,https://opensea.io/blog/articles/live-from-marfa-in-conversation-with-ben-kovach,https://www.haskell.org/
casio.com,com,REGISTERED,12/11/2027,446,"Amazon Registrar, Inc.",8/5/1996,active,rdap,https://opensea.io/blog/articles/opensea-digest-august-29-2024;https://opensea.io/blog/articles/opensea-digest-dec-7-2023;https://opensea.io/blog/articles/opensea-digest-feb-8-2024,https://gshock.casio.com/intl/virtual/creator-pass/
latimes.com,com,REGISTERED,12/11/2027,446,MarkMonitor Inc.,12/12/1990,clientDeleteProhibited https://icann.org/epp#clientDeleteProhibited,whois,https://opensea.io/blog/articles/refik-anadol,https://www.latimes.com/entertainment-arts/story/2023-08-31/refik-anadol-ai-generated-art-las-vegas-sphere-opening
npr.org,org,REGISTERED,12/12/2027,447,MarkMonitor Inc.,12/13/1993,"client delete prohibited,client transfer prohibited,client update prohibited",rdap,https://opensea.io/blog/articles/claire-silver;https://opensea.io/blog/articles/interview-phil-from-cryptogametalk,https://www.npr.org/2023/04/01/1167628486/with-ai-artists-reckon-with-the-muddy-questions-of-authorship
expo-salgado.com,com,REGISTERED,12/16/2027,452,Hosting Concepts B.V. d/b/a Registrar.eu,12/16/2020,client transfer prohibited,rdap,https://opensea.io/blog/articles/sebastiao-salgado,https://www.expo-salgado.com/en/sebastiao-salgado-photographer/
mattlevine.co,co,REGISTERED,12/17/2027,453,"GoDaddy.com, LLC",12/17/2022,clientRenewProhibited https://icann.org/epp#clientRenewProhibited,whois,https://opensea.io/blog/articles/in-conversation-with-carly-reilly-overpriced-media,https://mattlevine.co/
pixelmonrpg.com,com,REGISTERED,12/18/2027,454,"GoDaddy.com, LLC",12/18/2024,"client delete prohibited,client renew prohibited,client transfer prohibited,client update prohibited",rdap,https://opensea.io/blog/articles/opensea-digest-may-22-2025,https://www.pixelmonrpg.com/
nascar.com,com,REGISTERED,12/27/2027,462,"GoDaddy Corporate Domains, LLC",12/28/1995,clientTransferProhibited https://icann.org/epp#clientTransferProhibited,whois,https://opensea.io/blog/articles/shrapnels-lock-and-load-plan-for-dominating-gaming-with-a-web3-extraction-shooter,https://www.nascar.com/
spindl.xyz,xyz,REGISTERED,12/28/2027,464,MarkMonitor Inc.,12/28/2021,"client transfer prohibited,client update prohibited,client delete prohibited",rdap,https://opensea.io/blog/articles/opensea-digest-february-6-2025,https://www.spindl.xyz/
nftplazas.com,com,REGISTERED,12/29/2027,465,"NameCheap, Inc.",12/29/2020,client transfer prohibited,rdap,https://opensea.io/blog/articles/opensea-digest-april-17-2025;https://opensea.io/blog/articles/opensea-digest-august-1-2024;https://opensea.io/blog/articles/opensea-digest-august-29-2024,https://nftplazas.com/
target.com,com,REGISTERED,1/1/2028,467,"GoDaddy Corporate Domains, LLC",1/2/1997,"client transfer prohibited,server delete prohibited,server transfer prohibited,server update prohibited",rdap,https://opensea.io/blog/articles/brands-that-started-as-crypto-tokens;https://opensea.io/blog/articles/opensea-digest-may-16-2024,https://www.target.com/
commarts.com,com,REGISTERED,1/2/2028,468,"GoDaddy.com, LLC",1/3/1995,"client delete prohibited,client renew prohibited,client transfer prohibited,client update prohibited",rdap,https://opensea.io/blog/articles/in-conversation-with-ana-maria-caballero,https://www.commarts.com/features/crosslucid
minseok.gallery,gallery,REGISTERED,1/2/2028,469,"Gabia, Inc.",1/2/2016,active,rdap,https://opensea.io/blog/articles/in-conversation-with-kangcar,https://www.minseok.gallery/
basescan.org,org,REGISTERED,1/4/2028,471,"NameCheap, Inc.",1/4/2023,client transfer prohibited,rdap,https://opensea.io/blog/articles/opensea-digest-august-7-2025,https://basescan.org/token/0xc8350ab44cac46f166ca0be9815c967fe76e98fe
bnnbloomberg.ca,ca,REGISTERED,1/4/2028,471,MarkMonitor International Canada Ltd.,1/4/2018,"client delete prohibited,client transfer prohibited,client update prohibited",rdap,https://opensea.io/blog/articles/opensea-digest-may-8-2026,https://www.bnnbloomberg.ca/business/2026/05/04/the-first-regulated-canadian-digital-dollar-is-here-and-ready-to-compete-with-the-us-market/
pokemon.com,com,REGISTERED,1/7/2028,473,"CSC Corporate Domains, Inc.",1/8/1998,"client transfer prohibited,server delete prohibited,server transfer prohibited,server update prohibited",rdap,https://opensea.io/blog/articles/in-conversation-with-darran-garnham;https://opensea.io/blog/articles/in-conversation-with-sean-webster;https://opensea.io/blog/articles/interview-phil-from-cryptogametalk,https://home.pokemon.com/en-us/
wikiwand.com,com,REGISTERED,1/6/2028,473,"GoDaddy.com, LLC",1/6/2014,"client delete prohibited,client renew prohibited,client transfer prohibited,client update prohibited",rdap,https://opensea.io/blog/articles/sell-hearthstone-cards;https://opensea.io/blog/articles/welcoming-the-godfather-to-opensea,https://www.wikiwand.com/en/Collectible_card_game/
imaginaryones.com,com,REGISTERED,1/7/2028,474,"GoDaddy.com, LLC",1/7/2022,"client delete prohibited,client renew prohibited,client transfer prohibited,client update prohibited",rdap,https://opensea.io/blog/articles/in-conversation-with-greg-poon-of-imaginary-ones;https://opensea.io/blog/articles/opensea-digest-november-13-2025,https://bubble.imaginaryones.com/
nodefoundation.com,com,REGISTERED,1/8/2028,475,"Cloudflare, Inc.",1/8/2013,clientTransferProhibited https://icann.org/epp#clientTransferProhibited,whois,https://opensea.io/blog/articles/live-from-marfa-in-conversation-with-natalie-stone;https://opensea.io/blog/articles/opensea-digest-april-24-2026;https://opensea.io/blog/articles/opensea-digest-august-14-2026,https://nodefoundation.com/
nethermind.io,io,REGISTERED,1/8/2028,475,"GoDaddy.com, LLC",1/8/2018,clientDeleteProhibited https://icann.org/epp#clientDeleteProhibited,whois,https://opensea.io/blog/articles/opensea-digest-april-17-2026,https://www.nethermind.io/
swarovski.com,com,REGISTERED,1/10/2028,476,"COREhub, S.R.L.",1/11/1996,"client delete prohibited,client transfer prohibited,client update prohibited",rdap,https://opensea.io/blog/articles/in-conversation-with-seedphrase;https://opensea.io/blog/articles/luxury-nfts;https://opensea.io/blog/articles/mmerchs-generative-hoodie-drop-seedphrase-swarovski-crystals-claire-silver,https://www.swarovski.com/en-US/
future.com,com,REGISTERED,1/11/2028,478,MarkMonitor Inc.,1/11/2000,"client delete prohibited,client transfer prohibited,client update prohibited",rdap,https://opensea.io/blog/articles/why-we-dont-mind-the-dips,https://future.com/why-web3-matters/
theunitedtheater.com,com,REGISTERED,1/12/2028,479,Wix.com Ltd.,1/12/2024,"client transfer prohibited,client update prohibited",rdap,https://opensea.io/blog/articles/in-conversation-with-walter-newman-an-emmy-nominated-producer-behind-nouns-fest,https://www.theunitedtheater.com/
blueskyweb.xyz,xyz,REGISTERED,1/12/2028,479,Squarespace Domains II LLC,1/12/2022,"client transfer prohibited,client delete prohibited",rdap,https://opensea.io/blog/articles/opensea-digest-april-28,https://blueskyweb.xyz/blog/10-18-2022-the-at-protocol
a16z.com,com,REGISTERED,1/13/2028,480,MarkMonitor Inc.,1/26/2009,"client delete prohibited,client transfer prohibited,client update prohibited,server delete prohibited,server transfer prohibited,server update prohibited",rdap,https://opensea.io/blog/articles/guesstimating-where-we-are-in-the-nft-market-life-cycle;https://opensea.io/blog/articles/opensea-digest-oct-12-2023;https://opensea.io/blog/articles/opensea-digest-october-17-2024,https://a16z.com/
dropboxusercontent.com,com,REGISTERED,1/13/2028,480,MarkMonitor Inc.,1/13/2012,"client delete prohibited,client transfer prohibited,client update prohibited,server delete prohibited,server transfer prohibited,server update prohibited",rdap,https://opensea.io/blog/articles/moonrays-unusual-journey-from-comic-books-to-a-futuristic-arena-battler-game,https://uc441b5c402f0a458aba8b35217e.previews.dropboxusercontent.com/p/thumb/ACYoFnEpD4tSdVp-haZLdsAgfvfnbPqF6bPeD6dq9KEt5cdwosXSDw7j_jVpqMWEbQuMYoYlPHM8F9PdMnbcXPWsPOABSDCLfbn5e4gYjaII5yxCvZFN1cy0ePI
creativecommons.org,org,REGISTERED,1/15/2028,482,Gandi SAS,1/15/2001,client transfer prohibited,rdap,https://opensea.io/blog/articles/grant-yun-and-his-cow;https://opensea.io/blog/articles/in-conversation-with-magic-machine-the-team-behind-forgotten-runes;https://opensea.io/blog/articles/in-conversation-with-walter-newman-an-emmy-nominated-producer-behind-nouns-fest,https://creativecommons.org/public-domain/cc0/
peppapig.com,com,REGISTERED,1/15/2028,482,MarkMonitor Inc.,1/15/2003,"client delete prohibited,client transfer prohibited,client update prohibited",rdap,https://opensea.io/blog/articles/in-conversation-with-greg-poon-of-imaginary-ones;https://opensea.io/blog/articles/in-conversation-with-sean-webster;https://opensea.io/blog/articles/opensea-digest-november-13-2025,https://www.peppapig.com/en-us
ton.foundation,foundation,REGISTERED,1/16/2028,483,"Cloudflare, Inc.",1/16/2021,client transfer prohibited,rdap,https://opensea.io/blog/articles/opensea-digest-july-24-2025,https://ton.foundation/en
yugioh-card.com,com,REGISTERED,1/19/2028,485,MarkMonitor Inc.,1/19/2000,"client delete prohibited,client transfer prohibited,client update prohibited",rdap,https://opensea.io/blog/articles/interview-phil-from-cryptogametalk,https://www.yugioh-card.com/en/
engadget.com,com,REGISTERED,1/23/2028,490,"GoDaddy.com, LLC",1/23/2004,"client delete prohibited,client renew prohibited,client transfer prohibited,client update prohibited",rdap,https://opensea.io/blog/articles/1-billion-from-creator-fees-in-2022,https://www.engadget.com/tiktok-stars-creator-fund-payouts-222006327.html
knownorigin.io,io,REGISTERED,1/23/2028,490,MarkMonitor Inc.,1/23/2018,clientDeleteProhibited https://icann.org/epp#clientDeleteProhibited,whois,https://opensea.io/blog/articles/in-conversation-with-jeff-davis;https://opensea.io/blog/articles/non-fungible-tokens;https://opensea.io/blog/articles/predict-and-recommend-nfts,https://knownorigin.io/
liquidcollections.com,com,REGISTERED,1/26/2028,492,"GoDaddy.com, LLC",1/26/2022,"client delete prohibited,client renew prohibited,client transfer prohibited,client update prohibited",rdap,https://opensea.io/blog/articles/in-conversation-with-carly-reilly-overpriced-media,https://liquidcollections.com/
orangecomet.com,com,REGISTERED,2/1/2028,498,"GoDaddy.com, LLC",4/19/2006,"client delete prohibited,client renew prohibited,client transfer prohibited,client update prohibited",rdap,https://opensea.io/blog/articles/orange-comet-the-walking-dead,https://orangecomet.com/
albersfoundation.org,org,REGISTERED,2/1/2028,499,"Network Solutions, LLC",2/1/2000,client transfer prohibited,rdap,https://opensea.io/blog/articles/live-from-marfa-in-conversation-with-ben-kovach,https://www.albersfoundation.org/
dappradar.com,com,REGISTERED,2/3/2028,501,SafeNames Ltd.,2/3/2018,"client delete prohibited,client transfer prohibited,client update prohibited",rdap,https://opensea.io/blog/articles/in-conversation-with-henry-the-grape-of-cyberkongz;https://opensea.io/blog/articles/interview-phil-from-cryptogametalk-part-three,https://dappradar.com/
stephyfung.com,com,REGISTERED,2/3/2028,501,"GoDaddy.com, LLC",2/3/2020,"client delete prohibited,client renew prohibited,client transfer prohibited,client update prohibited",rdap,https://opensea.io/blog/articles/opensea-digest-april-24-2026,https://stephyfung.com/
thespherevegas.com,com,REGISTERED,2/3/2028,501,MarkMonitor Inc.,2/3/2023,"client delete prohibited,client transfer prohibited,client update prohibited",rdap,https://opensea.io/blog/articles/refik-anadol,https://www.thespherevegas.com/.
calaxy.com,com,REGISTERED,2/4/2028,502,"GoDaddy.com, LLC",2/4/2009,clientDeleteProhibited https://icann.org/epp#clientDeleteProhibited,whois,https://opensea.io/blog/articles/opensea-digest-november-14-2024,https://calaxy.com/
nowmedia.co,co,REGISTERED,2/7/2028,505,"GoDaddy.com, LLC",2/7/2023,clientRenewProhibited https://icann.org/epp#clientRenewProhibited,whois,https://opensea.io/blog/articles/opensea-digest-november-20-2025;https://opensea.io/blog/articles/opensea-digest-october-30-2025;https://opensea.io/blog/articles/opensea-digest-september-11-2025,https://nowmedia.co/posts/christies-shutters-digital-art-department
2k.com,com,REGISTERED,2/8/2028,506,MarkMonitor Inc.,2/8/2000,"client delete prohibited,client transfer prohibited,client update prohibited",rdap,https://opensea.io/blog/articles/shrapnels-lock-and-load-plan-for-dominating-gaming-with-a-web3-extraction-shooter,https://2k.com/en-US/game/bioshock-the-collection/
kiki.world,world,REGISTERED,2/18/2028,516,"GoDaddy.com, LLC",2/18/2022,"client delete prohibited,client renew prohibited,client transfer prohibited,client update prohibited",rdap,https://opensea.io/blog/articles/opensea-digest-feb-8-2024,https://www.kiki.world/products/chipped-nebula
audreynuna.com,com,REGISTERED,2/19/2028,516,Wix.com Ltd.,2/19/2020,clientTransferProhibited https://icann.org/epp#clientTransferProhibited,whois,https://opensea.io/blog/articles/opensea-digest-may-9-2024,http://audreynuna.com/
wf.com,com,REGISTERED,2/20/2028,517,MarkMonitor Inc.,2/19/1993,"client delete prohibited,client transfer prohibited,client update prohibited,server delete prohibited,server transfer prohibited,server update prohibited",rdap,https://opensea.io/blog/articles/opensea-digest-august-7-2026,https://newsroom.wf.com/news-releases/news-details/2026/Wells-Fargo-to-Launch-Tokenized-Deposits-for-Corporate-and-Commercial-Clients/default.aspx
verisart.com,com,REGISTERED,2/21/2028,518,"Network Solutions, LLC",2/21/2015,client transfer prohibited,rdap,https://opensea.io/blog/articles/computer-joy-lee-mullican-a-digital-art-pioneer,https://verisart.com/
rhcbooks.com,com,REGISTERED,2/23/2028,521,"CSC Corporate Domains, Inc.",2/23/2016,client transfer prohibited,rdap,https://opensea.io/blog/articles/opensea-digest-may-22-2025,https://www.rhcbooks.com/
stolenspace.com,com,REGISTERED,2/26/2028,524,Easyspace Limited,2/26/2000,"client transfer prohibited,client update prohibited",rdap,https://opensea.io/blog/articles/in-conversation-with-ricardo-cavolo,https://www.stolenspace.com/
cryptopunks.app,app,REGISTERED,2/27/2028,525,"CloudFlare, Inc.",2/27/2021,client transfer prohibited,rdap,https://opensea.io/blog/articles/claire-silver;https://opensea.io/blog/articles/in-conversation-with-piv;https://opensea.io/blog/articles/in-conversation-with-robi-of-ark-gallery,https://cryptopunks.app/
patch.com,com,REGISTERED,3/2/2028,528,Moniker Online Services LLC,3/1/1994,client transfer prohibited,rdap,https://opensea.io/blog/articles/opensea-digest-november-20-2025,https://patch.com/pennsylvania/across-pa/grocery-chain-dominates-pa-industry-shrinks-new-data
thehouseoffineart.com,com,REGISTERED,3/2/2028,529,Register SPA,3/2/2014,active,rdap,https://opensea.io/blog/articles/niceaunties,https://thehouseoffineart.com/exhibitions/179/overview/
myshopify.com,com,REGISTERED,3/3/2028,529,MarkMonitor Inc.,3/3/2006,"client delete prohibited,client transfer prohibited,client update prohibited,server delete prohibited,server transfer prohibited,server update prohibited",rdap,https://opensea.io/blog/articles/pixelmon,https://pixelmonshop.myshopify.com/products/kevin-buildoor-block
igloo.inc,inc,REGISTERED,3/4/2028,531,"Cloudflare, Inc.",3/4/2024,client transfer prohibited,rdap,https://opensea.io/blog/articles/onchain-heroes;https://opensea.io/blog/articles/opensea-digest-august-21-2025;https://opensea.io/blog/articles/opensea-digest-december-5-2024,https://www.igloo.inc/
nike.com,com,REGISTERED,3/5/2028,531,MarkMonitor Inc.,3/4/1995,"client delete prohibited,client transfer prohibited,client update prohibited,server delete prohibited,server transfer prohibited,server update prohibited",rdap,https://opensea.io/blog/articles/opensea-digest-december-5-2024;https://opensea.io/blog/articles/opensea-digest-january-9-2026;https://opensea.io/blog/articles/opensea-digest-june-2-2023,https://about.nike.com/en/newsroom/releases/nike-acquires-rtfkt
csc-game.com,com,REGISTERED,3/6/2028,533,"GoDaddy.com, LLC",3/6/2018,"client delete prohibited,client renew prohibited,client transfer prohibited,client update prohibited",rdap,https://opensea.io/blog/articles/non-fungible-tokens,https://www.csc-game.com/
smurf.com,com,REGISTERED,3/9/2028,535,NameWeb BVBA,3/8/1997,client transfer prohibited,rdap,https://opensea.io/blog/articles/in-conversation-with-sean-webster,https://www.smurf.com/
visa.com,com,REGISTERED,3/9/2028,535,MarkMonitor Inc.,3/8/1994,"client delete prohibited,client transfer prohibited,client update prohibited,server delete prohibited,server transfer prohibited,server update prohibited",rdap,https://opensea.io/blog/articles/opensea-digest-april-17-2026;https://opensea.io/blog/articles/opensea-digest-april-30-2026;https://opensea.io/blog/articles/opensea-digest-august-7-2025,https://corporate.visa.com/en/sites/visa-perspectives/company-news/stablecoin-regulation-genius-act.html
rca.ac.uk,uk,REGISTERED,3/10/2028,536,Jisc Services Limited,11/13/2003,,whois,https://opensea.io/blog/articles/finiliar,https://www.rca.ac.uk/
wolvesdao.io,io,REGISTERED,3/9/2028,536,"GoDaddy.com, LLC",3/9/2022,clientDeleteProhibited https://icann.org/epp#clientDeleteProhibited,whois,https://opensea.io/blog/articles/in-conversation-with-sam-steffanina-of-wolves-dao-and-farcade,https://wolvesdao.io/
hv-mtl.com,com,REGISTERED,3/9/2028,536,"Cloudflare, Inc.",3/9/2023,client transfer prohibited,rdap,https://opensea.io/blog/articles/opensea-digest-june-23-2023,https://hv-mtl.com/
ripple.com,com,REGISTERED,3/12/2028,538,MarkMonitor Inc.,3/13/1998,"client delete prohibited,client transfer prohibited,client update prohibited,server delete prohibited,server transfer prohibited,server update prohibited",rdap,https://opensea.io/blog/articles/opensea-digest-april-10-2025,https://ripple.com/
amzn.to,to,REGISTERED,3/12/2028,539,MarkMonitor Inc.,3/12/2010,active,rdap,https://opensea.io/blog/articles/opensea-at-fwb-fest-2023,https://amzn.to/456g6gU
gibbesmuseum.org,org,REGISTERED,3/13/2028,540,Porkbun LLC,3/13/2003,"client delete prohibited,client transfer prohibited",rdap,https://opensea.io/blog/articles/beeple,https://www.gibbesmuseum.org/
guinnessworldrecords.com,com,REGISTERED,3/15/2028,541,SafeNames Ltd.,3/15/1999,"client delete prohibited,client transfer prohibited,client update prohibited",rdap,https://opensea.io/blog/articles/in-conversation-with-jonathan-mann,https://www.guinnessworldrecords.com/world-records/360609-most-consecutive-days-writing-a-song
edgeofnft.com,com,REGISTERED,3/15/2028,542,"GoDaddy.com, LLC",3/15/2021,"client delete prohibited,client renew prohibited,client transfer prohibited,client update prohibited",rdap,https://opensea.io/blog/articles/web3-podcasts,https://www.edgeofnft.com/
onepay.com,com,REGISTERED,3/18/2028,544,"NameCheap, Inc.",3/18/1999,client transfer prohibited,rdap,https://opensea.io/blog/articles/opensea-digest-april-2-2026,https://www.onepay.com/
quasar-lang.com,com,REGISTERED,3/19/2028,546,"NameCheap, Inc.",3/19/2026,client transfer prohibited,rdap,https://opensea.io/blog/articles/opensea-digest-may-21-2026,https://quasar-lang.com/docs
whop.com,com,REGISTERED,3/20/2028,547,"GoDaddy.com, LLC",3/20/2003,"client delete prohibited,client renew prohibited,client transfer prohibited,client update prohibited",rdap,https://opensea.io/blog/articles/opensea-digest-february-27-2026,https://whop.com/
lol.land,land,REGISTERED,3/22/2028,548,"GoDaddy.com, LLC",3/22/2023,"client delete prohibited,client renew prohibited,client transfer prohibited,client update prohibited",rdap,https://opensea.io/blog/articles/in-conversation-with-gabby-dizon;https://opensea.io/blog/articles/opensea-digest-august-21-2025;https://opensea.io/blog/articles/opensea-digest-march-27-2025,https://www.lol.land/login
onchainsummer.xyz,xyz,REGISTERED,3/21/2028,548,MarkMonitor Inc.,3/21/2023,"client transfer prohibited,client update prohibited,client delete prohibited",rdap,https://opensea.io/blog/articles/opensea-digest-aug-24-2023;https://opensea.io/blog/articles/opensea-digest-aug-31-2023;https://opensea.io/blog/articles/opensea-digest-sept-21-2023,https://onchainsummer.xyz/
bullish.com,com,REGISTERED,3/22/2028,549,MarkMonitor Inc.,3/23/2002,"client delete prohibited,client transfer prohibited,client update prohibited,server delete prohibited,server transfer prohibited,server update prohibited",rdap,https://opensea.io/blog/articles/opensea-digest-november-20-2025,https://www.bullish.com/us
nflallday.com,com,REGISTERED,3/22/2028,549,"GoDaddy.com, LLC",3/22/2020,"client delete prohibited,client renew prohibited,client transfer prohibited,client update prohibited",rdap,https://opensea.io/blog/articles/opensea-digest-september-11-2025;https://opensea.io/blog/articles/sports-nfts,https://nflallday.com/
harm.work,work,REGISTERED,4/1/2028,559,"GoDaddy.com, LLC",4/1/2018,"client transfer prohibited,client delete prohibited,client update prohibited,client renew prohibited",rdap,https://opensea.io/blog/articles/luxury-nfts,https://harm.work/
cryptovoxels.com,com,REGISTERED,4/5/2028,562,"NameCheap, Inc.",4/5/2018,client transfer prohibited,rdap,https://opensea.io/blog/articles/non-fungible-tokens;https://opensea.io/blog/articles/predict-and-recommend-nfts;https://opensea.io/blog/articles/spotlight-january-2021,https://cryptovoxels.com/
olgafradina.com,com,REGISTERED,4/5/2028,563,Gname.com Pte. Ltd.,4/5/2026,client transfer prohibited,rdap,https://opensea.io/blog/articles/generative-art-nfts,https://www.olgafradina.com/
stopaapihate.org,org,REGISTERED,4/8/2028,566,"GoDaddy.com, LLC",4/8/2020,"client delete prohibited,client renew prohibited,client transfer prohibited,client update prohibited",rdap,https://opensea.io/blog/articles/julian-edelman-the-amateurs-guide-to-nfts-from-an-amateur;https://opensea.io/blog/articles/stop-aapi-hate-daz-3d-the-diigitals-and-a-groundbreaking-nft,https://stopaapihate.org/
ruyui.com,com,REGISTERED,4/8/2028,566,"Amazon Registrar, Inc.",4/8/2024,client transfer prohibited,rdap,https://opensea.io/blog/articles/opensea-digest-may-15-2026,https://embervault.ruyui.com/
fragment.com,com,REGISTERED,4/17/2028,574,"GoDaddy.com, LLC",4/16/1996,"client delete prohibited,client renew prohibited,client transfer prohibited,client update prohibited",rdap,https://opensea.io/blog/articles/opensea-digest-january-9-2025,https://fragment.com/
koreablockchainweek.com,com,REGISTERED,4/17/2028,575,"GoDaddy.com, LLC",4/17/2018,"client delete prohibited,client renew prohibited,client transfer prohibited,client update prohibited",rdap,https://opensea.io/blog/articles/opensea-digest-sept-7-2023;https://opensea.io/blog/articles/opensea-digest-september-12-2024,https://koreablockchainweek.com/
jpmorgan.com,com,REGISTERED,4/25/2028,582,MarkMonitor Inc.,4/24/1992,"client delete prohibited,client transfer prohibited,client update prohibited,server delete prohibited,server transfer prohibited,server update prohibited",rdap,https://opensea.io/blog/articles/opensea-digest-january-9-2026;https://opensea.io/blog/articles/opensea-digest-september-11-2025,https://www.jpmorgan.com/kinexys/index
sky.money,money,REGISTERED,4/26/2028,583,"Cloudflare, Inc",4/26/2020,client transfer prohibited,rdap,https://opensea.io/blog/articles/stablecoins-for-consumers,https://sky.money/
enicoll.com,com,REGISTERED,4/26/2028,584,"Cloudflare, Inc.",4/26/2021,client transfer prohibited,rdap,https://opensea.io/blog/articles/live-from-marfa-in-conversation-with-emily-nicoll,https://enicoll.com/whimsies
carv.io,io,REGISTERED,4/27/2028,585,"GoDaddy.com, LLC",4/27/2017,clientDeleteProhibited https://icann.org/epp#clientDeleteProhibited,whois,https://opensea.io/blog/articles/in-conversation-with-payton-kaleiwahea-of-wolvesdao,https://carv.io/
crypto.news,news,REGISTERED,4/28/2028,586,"NameCheap, Inc.",4/28/2017,client transfer prohibited,rdap,https://opensea.io/blog/articles/opensea-digest-august-7-2026;https://opensea.io/blog/articles/opensea-digest-jan-25-2024;https://opensea.io/blog/articles/opensea-digest-october-2-2024,https://crypto.news/crypto-vc-funding-celestia-capital-infinex-this-week/
hellominds.ai,ai,REGISTERED,4/29/2028,586,"GoDaddy.com, LLC",4/29/2026,"client delete prohibited,client renew prohibited,client transfer prohibited,client update prohibited",rdap,https://opensea.io/blog/articles/opensea-digest-may-8-2026,https://www.hellominds.ai/
standwithcrypto.org,org,REGISTERED,4/28/2028,586,MarkMonitor Inc.,4/28/2023,"client delete prohibited,client transfer prohibited,client update prohibited",rdap,https://opensea.io/blog/articles/rising-tides-lift-all-boats,https://www.standwithcrypto.org/
tiff.net,net,REGISTERED,4/30/2028,588,Tucows Domains Inc.,4/30/2000,"client transfer prohibited,client update prohibited",rdap,https://opensea.io/blog/articles/opensea-digest-july-18-2024;https://opensea.io/blog/articles/opensea-digest-september-12-2024,https://www.tiff.net/
cerebro.xyz,xyz,REGISTERED,5/1/2028,589,"Cloudflare, Inc.",5/1/2019,client transfer prohibited,rdap,https://opensea.io/blog/articles/in-conversation-with-maverick,https://cerebro.xyz/
koingames.io,io,REGISTERED,5/3/2028,591,"GoDaddy.com, LLC",5/3/2021,clientDeleteProhibited https://icann.org/epp#clientDeleteProhibited,whois,https://opensea.io/blog/articles/in-conversation-with-koin-games,https://koingames.io/
benmaurodesign.com,com,REGISTERED,5/5/2028,593,"GoDaddy.com, LLC",5/5/2016,"client delete prohibited,client renew prohibited,client transfer prohibited,client update prohibited",rdap,https://opensea.io/blog/articles/bringing-virtual-games-into-the-real-world,https://benmaurodesign.com/Info
kaito.ai,ai,REGISTERED,5/6/2028,594,"NameCheap, Inc.",5/6/2022,client transfer prohibited,rdap,https://opensea.io/blog/articles/in-conversation-with-chevan-tin-of-anichess;https://opensea.io/blog/articles/opensea-digest-august-15-2025;https://opensea.io/blog/articles/opensea-digest-february-20-2025,https://docs.kaito.ai/
juddfoundation.org,org,REGISTERED,5/8/2028,596,"Network Solutions, LLC",5/8/2003,client transfer prohibited,rdap,https://opensea.io/blog/articles/in-conversation-with-jiwa;https://opensea.io/blog/articles/live-from-marfa-in-conversation-with-tyler-hobbs,https://juddfoundation.org/
time.fun,fun,REGISTERED,5/9/2028,597,"GoDaddy.com, LLC",5/9/2024,"client delete prohibited,client renew prohibited,client transfer prohibited,client update prohibited",rdap,https://opensea.io/blog/articles/in-conversation-with-leap,https://time.fun/explore
harveynichols.com,com,REGISTERED,5/13/2028,600,Abion AB,5/12/1997,client transfer prohibited,rdap,https://opensea.io/blog/articles/opensea-digest-feb-1-2024,https://www.harveynichols.com/
parallel.life,life,REGISTERED,5/13/2028,601,"GoDaddy.com, LLC",5/13/2019,"client delete prohibited,client renew prohibited,client transfer prohibited,client update prohibited",rdap,https://opensea.io/blog/articles/announcing-b3-chain-on-opensea;https://opensea.io/blog/articles/gamescom-with-opensea;https://opensea.io/blog/articles/opensea-digest-april-3-2025,http://parallel.life
fewocious.com,com,REGISTERED,5/19/2028,606,Squarespace Domains II LLC,5/19/2019,"client delete prohibited,client transfer prohibited",rdap,https://opensea.io/blog/articles/opensea-digest-june-16-2023;https://opensea.io/blog/articles/opensea-digest-june-2-2023,https://fewocious.com/
torontofilmmagazine.com,com,REGISTERED,5/20/2028,607,Wix.com Ltd.,5/20/2020,"client transfer prohibited,client update prohibited",rdap,https://opensea.io/blog/articles/julie-pacino,https://www.torontofilmmagazine.com/post/interview-julie-pacino
beezie.io,io,REGISTERED,5/20/2028,608,"GoDaddy.com, LLC",5/20/2024,clientDeleteProhibited https://icann.org/epp#clientDeleteProhibited,whois,https://opensea.io/blog/articles/in-conversation-with-andrea-miele-of-beezie,https://beezie.io/
psacard.com,com,REGISTERED,5/21/2028,608,"GoDaddy Corporate Domains, LLC",5/20/1996,client transfer prohibited,rdap,https://opensea.io/blog/articles/opensea-digest-march-19-2026,https://www.psacard.com/
mckinsey.com,com,REGISTERED,5/23/2028,610,"CSC Corporate Domains, Inc.",5/22/1990,"client transfer prohibited,server delete prohibited,server transfer prohibited,server update prohibited",rdap,https://opensea.io/blog/articles/brands-that-started-as-crypto-tokens;https://opensea.io/blog/articles/fashion-nfts,https://www.mckinsey.com/industries/consumer-packaged-goods/our-insights/state-of-consumer
pudgypenguins.com,com,REGISTERED,5/23/2028,611,"Cloudflare, Inc.",5/23/2022,client transfer prohibited,rdap,https://opensea.io/blog/articles/brands-that-started-as-crypto-tokens;https://opensea.io/blog/articles/luca-netz-pudgy-penguins;https://opensea.io/blog/articles/nft-collectibles,https://media.pudgypenguins.com/education-posts/who-are-pudgy-penguins
echelon.io,io,REGISTERED,5/24/2028,612,"GoDaddy.com, LLC",5/24/2013,clientDeleteProhibited https://icann.org/epp#clientDeleteProhibited,whois,https://opensea.io/blog/articles/this-week-in-web3-and-nfts-mmerch-parallel-goat-gaming-more,https://echelon.io/
tezos.com,com,REGISTERED,5/28/2028,616,easyDNS Technologies Inc.,5/28/2014,"client transfer prohibited,client update prohibited",rdap,https://opensea.io/blog/articles/opensea-digest-april-18-2024;https://opensea.io/blog/articles/opensea-digest-november-13-2025;https://opensea.io/blog/articles/sports-nfts,https://tezos.com/
metmuseum.org,org,REGISTERED,5/31/2028,618,"Network Solutions, LLC",6/1/1995,client transfer prohibited,rdap,https://opensea.io/blog/articles/live-from-marfa-in-conversation-with-harvey-rayner;https://opensea.io/blog/articles/opensea-digest-feb-22-2024;https://opensea.io/blog/articles/opensea-digest-january-30-2025,https://www.metmuseum.org/
hashrush.com,com,REGISTERED,5/30/2028,618,DEVEXPANSE LTD d/b/a Regery.com,5/30/2017,client transfer prohibited,rdap,https://opensea.io/blog/articles/partnership-with-hash-rush,http://hashrush.com/
tradeport.xyz,xyz,REGISTERED,6/3/2028,622,Dynadot Inc,6/3/2021,client transfer prohibited,rdap,https://opensea.io/blog/articles/opensea-digest-may-8-2025,https://www.tradeport.xyz/
eniosta.com,com,REGISTERED,6/3/2028,622,"GoDaddy.com, LLC",6/3/2020,"client delete prohibited,client renew prohibited,client transfer prohibited,client update prohibited",rdap,https://opensea.io/blog/articles/spotlight-on-womens-history-month,https://www.eniosta.com/postcards
mondriantrust.com,com,REGISTERED,6/6/2028,625,"eNom, LLC",6/6/2002,client transfer prohibited,rdap,https://opensea.io/blog/articles/why-the-mondrian-estate-chose-doodles-to-reinterpret-its-most-iconic-works-for-the-digital-era,https://www.mondriantrust.com/
eth.limo,limo,REGISTERED,6/8/2028,626,Tucows Domains Inc.,6/8/2021,"client transfer prohibited,client update prohibited",rdap,https://opensea.io/blog/articles/opensea-digest-august-15-2024;https://opensea.io/blog/articles/opensea-digest-may-21-2026;https://opensea.io/blog/articles/opensea-digest-october-17-2024,https://jalil.eth.limo/
rebeccarosenft.com,com,REGISTERED,6/10/2028,629,"GoDaddy.com, LLC",6/10/2022,"client delete prohibited,client renew prohibited,client transfer prohibited,client update prohibited",rdap,https://opensea.io/blog/articles/opensea-digest-august-7-2026,https://www.rebeccarosenft.com/available-works
krea.ai,ai,REGISTERED,6/10/2028,629,"GoDaddy.com, LLC",6/10/2022,"client delete prohibited,client renew prohibited,client transfer prohibited,client update prohibited",rdap,https://opensea.io/blog/articles/opensea-digest-august-7-2026,https://www.krea.ai/
consensys.net,net,REGISTERED,6/12/2028,631,"Cloudflare, Inc.",6/12/2014,client transfer prohibited,rdap,https://opensea.io/blog/articles/opensea-digest-may-5,https://consensys.net/
payments.org,org,REGISTERED,6/16/2028,634,"Cloudflare, Inc.",6/17/1998,client transfer prohibited,rdap,https://opensea.io/blog/articles/opensea-digest-march-5-2026,http://payments.org
highsnobiety.com,com,REGISTERED,6/16/2028,635,"Cloudflare, Inc.",6/15/2005,client transfer prohibited,rdap,https://opensea.io/blog/articles/opensea-digest-april-25-2024,https://www.highsnobiety.com/p/louis-vuitton-pharrell-varsity-jacket/
pascalcap.com,com,REGISTERED,6/19/2028,637,"GoDaddy.com, LLC",6/19/2016,"client delete prohibited,client renew prohibited,client transfer prohibited,client update prohibited",rdap,https://opensea.io/blog/articles/opensea-raises-23m-to-scale-the-largest-marketplace-for-nfts,https://www.pascalcap.com/
maccabiusa.com,com,REGISTERED,6/20/2028,638,"Network Solutions, LLC",6/21/1996,client transfer prohibited,rdap,https://opensea.io/blog/articles/julian-edelman-the-amateurs-guide-to-nfts-from-an-amateur,https://www.maccabiusa.com/
sweet.io,io,REGISTERED,6/30/2028,649,"GoDaddy.com, LLC",6/30/2012,clientDeleteProhibited https://icann.org/epp#clientDeleteProhibited,whois,https://opensea.io/blog/articles/opensea-digest-october-31-2024;https://opensea.io/blog/articles/sports-nfts,https://sweet.io/
coinbase.com,com,REGISTERED,7/2/2028,651,MarkMonitor Inc.,7/2/2011,"client delete prohibited,client transfer prohibited,client update prohibited,server delete prohibited,server transfer prohibited,server update prohibited",rdap,https://opensea.io/blog/articles/buy-and-sell-crypto-collectibles-with-usdc;https://opensea.io/blog/articles/crypto-rewards-cards;https://opensea.io/blog/articles/epics-trading-cards,https://blog.coinbase.com/a-beginners-guide-to-decentralized-finance-defi-574c68ff43c4
sony.com,com,REGISTERED,7/6/2028,654,"CSC Corporate Domains, Inc.",7/7/1989,"client transfer prohibited,server delete prohibited,server transfer prohibited,server update prohibited",rdap,https://opensea.io/blog/articles/in-conversation-with-ilan-derech;https://opensea.io/blog/articles/opensea-digest-january-17-2025;https://opensea.io/blog/articles/opensea-digest-march-13-2025,https://www.sony.com/en/
pixelvault.com,com,REGISTERED,7/7/2028,655,Dynadot Inc,7/7/1999,active,rdap,https://opensea.io/blog/articles/in-conversation-with-seedphrase;https://opensea.io/blog/articles/onchain-heroes,https://pixelvault.com/
onchainheroes.xyz,xyz,REGISTERED,7/12/2028,661,"NameCheap, Inc.",7/12/2024,client transfer prohibited,rdap,https://opensea.io/blog/articles/onchain-heroes,https://www.onchainheroes.xyz/
pixelmon.ai,ai,REGISTERED,7/12/2028,661,"GoDaddy.com, LLC",7/12/2022,"client delete prohibited,client renew prohibited,client transfer prohibited,client update prohibited",rdap,https://opensea.io/blog/articles/opensea-digest-may-22-2025;https://opensea.io/blog/articles/pixelmon,https://friendsofkevin.pixelmon.ai/how-to-play
soliditylang.org,org,REGISTERED,7/16/2028,665,Gandi SAS,7/16/2020,client transfer prohibited,rdap,https://opensea.io/blog/articles/launching-seaport-saving-the-community-millions-in-fees;https://opensea.io/blog/articles/opensea-digest-oct-20-2023,https://docs.soliditylang.org/en/v0.8.14/assembly.html
yiyinglu.com,com,REGISTERED,7/18/2028,666,Bluehost Inc.,7/18/2007,client transfer prohibited,rdap,https://opensea.io/blog/articles/in-conversation-with-yiying-lu,https://www.yiyinglu.com/
zora.co,co,REGISTERED,7/19/2028,668,"GoDaddy.com, LLC",7/20/2010,clientRenewProhibited https://icann.org/epp#clientRenewProhibited,whois,https://opensea.io/blog/articles/in-conversation-with-jacek-trocinski-of-degen;https://opensea.io/blog/articles/opensea-digest-aug-4-2023;https://opensea.io/blog/articles/opensea-digest-july-13-2023,https://docs.zora.co/docs/zora-network/intro
montrealindependentfilmfestival.com,com,REGISTERED,7/22/2028,670,Wix.com Ltd.,7/22/2020,"client transfer prohibited,client update prohibited",rdap,https://opensea.io/blog/articles/julie-pacino,https://www.montrealindependentfilmfestival.com/
kevinabosch.com,com,REGISTERED,7/21/2028,670,"eNom, LLC",7/21/2004,client transfer prohibited,rdap,https://opensea.io/blog/articles/kevin-abosch-1111;https://opensea.io/blog/articles/opensea-digest-april-24-2025,https://kevinabosch.com/
titan-comics.com,com,REGISTERED,7/24/2028,673,"Network Solutions, LLC",7/24/2007,client transfer prohibited,rdap,https://opensea.io/blog/articles/in-conversation-with-magic-machine-the-team-behind-forgotten-runes;https://opensea.io/blog/articles/opensea-digest-aug-10-2023,https://titan-comics.com/
ox.ac.uk,uk,REGISTERED,7/26/2028,674,University of Oxford,9/17/2003,,whois,https://opensea.io/blog/articles/finiliar;https://opensea.io/blog/articles/opensea-digest-april-30-2026,https://www.lmh.ox.ac.uk/news/oxford-outernet-lmhs-maliha-abidi-unveils-new-immersive-animation
adamtastic.com,com,REGISTERED,7/25/2028,674,"GoDaddy.com, LLC",7/25/2012,"client delete prohibited,client renew prohibited,client transfer prohibited,client update prohibited",rdap,https://opensea.io/blog/articles/in-conversation-with-adamtastic,https://www.adamtastic.com/the-conversation
truthlabs.co,co,REGISTERED,7/25/2028,674,"GoDaddy.com, LLC",7/25/2022,serverTransferProhibited https://icann.org/epp#serverTransferProhibited,whois,https://opensea.io/blog/articles/in-conversation-with-alex-taub-of-goblintown;https://opensea.io/blog/articles/opensea-digest-october-9-2025,https://truthlabs.co/
kawsone.com,com,REGISTERED,7/27/2028,676,"Amazon Registrar, Inc.",7/27/2001,client transfer prohibited,rdap,https://opensea.io/blog/articles/in-conversation-with-marcela-bellini,https://kawsone.com/password
blowfish.xyz,xyz,REGISTERED,7/27/2028,676,"GoDaddy.com, LLC",7/27/2021,"server transfer prohibited,client renew prohibited,client transfer prohibited,client update prohibited,client delete prohibited,renew period",rdap,https://opensea.io/blog/articles/opensea-digest-november-21-2024,https://blowfish.xyz/
telegraph.co.uk,uk,REGISTERED,7/29/2028,677,Markmonitor Inc. [Tag = MARKMONITOR],,Registered until expiry date.,whois,https://opensea.io/blog/articles/a-month-of-rare-digital-art-from-makersplace,https://www.telegraph.co.uk/luxury/art/warhols-14-small-electric-chairs-offered-sale-via-blockchain/
marketingbrew.com,com,REGISTERED,8/4/2028,684,"GoDaddy.com, LLC",8/4/2017,"client delete prohibited,client renew prohibited,client transfer prohibited,client update prohibited",rdap,https://opensea.io/blog/articles/brands-that-started-as-crypto-tokens,https://www.marketingbrew.com/stories/2022/07/15/the-summer-music-website-that-spawned-an-nft-and-sunscreen-brand
skechers.com,com,REGISTERED,8/7/2028,686,MarkMonitor Inc.,10/4/1993,"client delete prohibited,client transfer prohibited,client update prohibited,server delete prohibited,server transfer prohibited,server update prohibited",rdap,https://opensea.io/blog/articles/opensea-digest-aug-31-2023,https://www.skechers.com/snoop-dogg/snoop-dogg-styles/
steampowered.com,com,REGISTERED,8/9/2028,689,MarkMonitor Inc.,8/9/2000,"client delete prohibited,client transfer prohibited,client update prohibited,server delete prohibited,server transfer prohibited,server update prohibited",rdap,https://opensea.io/blog/articles/how-wanderers-transformed-nft-art-into-an-engaging-immersive-game;https://opensea.io/blog/articles/in-conversation-with-alex-taub-of-goblintown;https://opensea.io/blog/articles/in-conversation-with-april-stallings-of-make-a-wish,https://store.steampowered.com/
imaginaryjunior.com,com,REGISTERED,8/12/2028,691,"GoDaddy.com, LLC",8/12/2022,"client delete prohibited,client renew prohibited,client transfer prohibited,client update prohibited",rdap,https://opensea.io/blog/articles/in-conversation-with-greg-poon-of-imaginary-ones,https://imaginaryjunior.com/
emmys.com,com,REGISTERED,8/13/2028,692,"GoDaddy.com, LLC",8/14/1996,"client delete prohibited,client renew prohibited,client transfer prohibited,client update prohibited",rdap,https://opensea.io/blog/articles/shrapnels-lock-and-load-plan-for-dominating-gaming-with-a-web3-extraction-shooter,https://www.emmys.com/shows/westworld
fellowship.xyz,xyz,REGISTERED,8/15/2028,695,"Amazon Registrar, Inc.",8/15/2015,client transfer prohibited,rdap,https://opensea.io/blog/articles/elman-mansimov;https://opensea.io/blog/articles/opensea-digest-april-10-2025;https://opensea.io/blog/articles/opensea-digest-april-3-2025,https://aligndraw.fellowship.xyz/in-conversation
lacma.org,org,REGISTERED,8/17/2028,696,"GoDaddy.com, LLC",8/18/1994,"client delete prohibited,client renew prohibited,client transfer prohibited,client update prohibited",rdap,https://opensea.io/blog/articles/emily-xie;https://opensea.io/blog/articles/generative-art-nfts;https://opensea.io/blog/articles/live-from-marfa-in-conversation-with-tyler-hobbs,https://collections.lacma.org/node/173302
medallion.fm,fm,REGISTERED,8/16/2028,696,Instra Corporation Pty Ltd.,8/16/2021,"client renew prohibited,client transfer prohibited,client update prohibited,client delete prohibited",rdap,https://opensea.io/blog/articles/music-nfts,https://www.medallion.fm/
electronica.art,art,REGISTERED,8/16/2028,696,Instra Corporation Pty Ltd.,8/16/2018,active,rdap,https://opensea.io/blog/articles/opensea-digest-september-5-2024,https://ars.electronica.art/news/en/
konami.com,com,REGISTERED,8/23/2028,702,MarkMonitor Inc.,8/24/1995,"client delete prohibited,client transfer prohibited,client update prohibited",rdap,https://opensea.io/blog/articles/konami-memorial-nft-1-castlevanias-35th-anniversary,https://www.konami.com/games/castlevania/
coatue.com,com,REGISTERED,8/25/2028,705,"Register.com - Network Solutions, LLC",8/25/1999,client transfer prohibited,rdap,https://opensea.io/blog/articles/announcing-openseas-new-funding,https://www.coatue.com/
fcbarcelona.com,com,REGISTERED,8/26/2028,705,"Entorno Digital, S.A.",8/27/1996,active,rdap,https://opensea.io/blog/articles/opensea-digest-june-19-2025;https://opensea.io/blog/articles/sports-nfts,https://barcavision.fcbarcelona.com/masterpiece2/
composecure.com,com,REGISTERED,8/25/2028,705,"Network Solutions, LLC",8/25/2000,client transfer prohibited,rdap,https://opensea.io/blog/articles/opensea-digest-may-1-2025,https://www.composecure.com/
cocreate.ink,ink,REGISTERED,8/30/2028,710,"GoDaddy.com, LLC",8/30/2023,"client delete prohibited,client transfer prohibited,client renew prohibited,client update prohibited",rdap,https://opensea.io/blog/articles/what-is-co-create-ink,https://app.cocreate.ink/artists/cleo-kinnaman
anfitrion.art,art,REGISTERED,8/31/2028,711,OVH sas,8/31/2022,"client transfer prohibited,client delete prohibited",rdap,https://opensea.io/blog/articles/opensea-digest-may-15-2026,http://www.anfitrion.art
sorare.com,com,REGISTERED,8/31/2028,711,OVH sas,8/31/2006,"client delete prohibited,client transfer prohibited",rdap,https://opensea.io/blog/articles/opensea-digest-nov-16-2023;https://opensea.io/blog/articles/opensea-digest-october-9-2025,https://sorare.com/
perkwerk.art,art,REGISTERED,9/1/2028,712,Domeneshop AS dba domainnameshop.com,9/1/2021,client transfer prohibited,rdap,https://opensea.io/blog/articles/generative-art-nfts,https://perkwerk.art/
rarible.com,com,REGISTERED,9/5/2028,716,Gandi SAS,9/5/2019,active,rdap,https://opensea.io/blog/articles/introducing-the-collection-manager;https://opensea.io/blog/articles/non-fungible-tokens,https://app.rarible.com/create
businessinsider.com,com,REGISTERED,9/8/2028,718,"GoDaddy.com, LLC",3/6/1998,"client delete prohibited,client renew prohibited,client transfer prohibited,client update prohibited",rdap,https://opensea.io/blog/articles/fashion-nfts;https://opensea.io/blog/articles/in-conversation-with-ben-rubin;https://opensea.io/blog/articles/opensea-digest-april-2-2026,https://markets.businessinsider.com/news/currencies/luxury-nfts-metaverse-56-billion-market-revenue-2030-morgan-stanley-2021-11
venturepunk.com,com,REGISTERED,9/13/2028,724,"GoDaddy.com, LLC",9/13/2019,"client delete prohibited,client renew prohibited,client transfer prohibited,client update prohibited",rdap,https://opensea.io/blog/articles/opensea-digest-may-12-2023,https://venturepunk.com/
vangoghexpo.com,com,REGISTERED,9/14/2028,725,OVH sas,9/14/2020,"client delete prohibited,client transfer prohibited",rdap,https://opensea.io/blog/articles/in-conversation-with-jvmi,https://vangoghexpo.com/
kingriver.co,co,REGISTERED,9/14/2028,725,Synergy Wholesale Accreditations Pty Ltd,9/15/2016,clientTransferProhibited https://icann.org/epp#clientTransferProhibited,whois,https://opensea.io/blog/articles/opensea-digest-april-4-2024,https://kingriver.co/
thearmoryshow.com,com,REGISTERED,9/15/2028,726,"Cloudflare, Inc.",9/15/2000,client transfer prohibited,rdap,https://opensea.io/blog/articles/opensea-digest-march-12-2026,https://www.thearmoryshow.com/
ledezma.art,art,REGISTERED,9/17/2028,728,"GoDaddy.com, LLC",9/17/2020,"client renew prohibited,client transfer prohibited,client update prohibited,client delete prohibited,auto renew period,renew period",rdap,https://opensea.io/blog/articles/spotlight-on-hispanic-heritage-month,https://ledezma.art/en/about/
hbo.com,com,REGISTERED,9/19/2028,729,MarkMonitor Inc.,9/20/1995,"client delete prohibited,client transfer prohibited,client update prohibited,server delete prohibited,server transfer prohibited,server update prohibited",rdap,https://opensea.io/blog/articles/in-conversation-with-walter-newman-an-emmy-nominated-producer-behind-nouns-fest;https://opensea.io/blog/articles/opensea-digest-october-10-2024;https://opensea.io/blog/articles/shrapnels-lock-and-load-plan-for-dominating-gaming-with-a-web3-extraction-shooter,https://www.hbo.com/
saatchiart.com,com,REGISTERED,9/24/2028,735,"Amazon Registrar, Inc.",9/24/2010,client transfer prohibited,rdap,https://opensea.io/blog/articles/orkan-mammadov,https://www.saatchiart.com/art/Painting-Beginning/771138/3484954/view
bsky.app,app,REGISTERED,9/27/2028,737,Squarespace Domains II LLC.,9/27/2022,"client delete prohibited,client transfer prohibited",rdap,https://opensea.io/blog/articles/opensea-digest-feb-8-2024,https://bsky.app/
craftventures.com,com,REGISTERED,10/2/2028,743,"GoDaddy.com, LLC",10/2/2004,"client delete prohibited,client renew prohibited,client transfer prohibited,client update prohibited",rdap,https://opensea.io/blog/articles/opensea-raises-23m-to-scale-the-largest-marketplace-for-nfts,https://www.craftventures.com/team/bill-lee
farcade.ai,ai,REGISTERED,10/14/2028,755,"Name.com, Inc.",10/14/2024,client transfer prohibited,rdap,https://opensea.io/blog/articles/in-conversation-with-sam-steffanina-of-wolves-dao-and-farcade,https://farcade.ai/
revolvinggames.com,com,REGISTERED,10/14/2028,755,"NameCheap, Inc.",10/14/2015,client transfer prohibited,rdap,https://opensea.io/blog/articles/opensea-digest-august-8-2024,https://revolvinggames.com/
wowstr.fun,fun,REGISTERED,10/21/2028,762,"GoDaddy.com, LLC",10/21/2025,"client renew prohibited,client update prohibited,client transfer prohibited,client delete prohibited",rdap,https://opensea.io/blog/articles/opensea-digest-november-13-2025,https://wowstr.fun/
feralfile.com,com,REGISTERED,10/25/2028,766,"Wild West Domains, LLC",10/25/2020,"client delete prohibited,client renew prohibited,client transfer prohibited,client update prohibited",rdap,https://opensea.io/blog/articles/live-from-marfa-in-conversation-with-casey-reas;https://opensea.io/blog/articles/opensea-digest-june-21-2024,https://feralfile.com/
tavernlightgames.com,com,REGISTERED,10/25/2028,766,"GoDaddy.com, LLC",10/25/2022,"client delete prohibited,client renew prohibited,client transfer prohibited,client update prohibited",rdap,https://opensea.io/blog/articles/opensea-digest-april-10-2025,https://tavernlightgames.com/
bayhill.com,com,REGISTERED,10/27/2028,767,"Network Solutions, LLC",10/28/1997,client transfer prohibited,rdap,https://opensea.io/blog/articles/opensea-digest-march-13-2025,https://www.bayhill.com/
gboyspecial.com,com,REGISTERED,10/28/2028,769,"Name.com, Inc.",10/28/2025,client transfer prohibited,rdap,https://opensea.io/blog/articles/in-conversation-with-neuko-co-founders;https://opensea.io/blog/articles/opensea-digest-december-11-2025,https://www.gboyspecial.com/
duodomusica.com,com,REGISTERED,10/28/2028,769,"GoDaddy.com, LLC",10/28/2025,"client delete prohibited,client renew prohibited,client transfer prohibited,client update prohibited",rdap,https://opensea.io/blog/articles/opensea-digest-april-2-2026,https://www.duodomusica.com/
neynar.com,com,REGISTERED,11/1/2028,773,"Amazon Registrar, Inc.",11/1/2022,client transfer prohibited,rdap,https://opensea.io/blog/articles/opensea-digest-january-22-2026,https://neynar.com/
ricemedia.co,co,REGISTERED,11/6/2028,778,Dreamscape Networks International Pte Ltd,11/7/2016,ok https://icann.org/epp#ok,whois,https://opensea.io/blog/articles/niceaunties,https://www.ricemedia.co/culture-people-auntie-singapore-real-intangible-cultural-heritage/
zillow.com,com,REGISTERED,11/11/2028,782,"GoDaddy Corporate Domains, LLC",9/16/2004,"client transfer prohibited,server delete prohibited,server transfer prohibited,server update prohibited",rdap,https://opensea.io/blog/articles/opensea-digest-july-24-2026,https://www.zillow.com/news/our-leaders/rich-barton/
sashastiles.com,com,REGISTERED,11/11/2028,783,"Network Solutions, LLC",11/11/2015,client transfer prohibited,rdap,https://opensea.io/blog/articles/opensea-digest-august-7-2025,https://www.sashastiles.com/
bisonic.io,io,REGISTERED,11/24/2028,795,"Cloudflare, Inc",11/24/2021,clientTransferProhibited https://icann.org/epp#clientTransferProhibited,whois,https://opensea.io/blog/articles/in-conversation-with-magic-machine-the-team-behind-forgotten-runes,https://bisonic.io/
devcon.org,org,REGISTERED,11/29/2028,801,"Ascio Technologies, Inc. Danmark - Filial af Ascio technologies, Inc. USA",11/29/2014,active,rdap,https://opensea.io/blog/articles/opensea-digest-november-14-2024,https://devcon.org/en/
securitize.io,io,REGISTERED,12/5/2028,807,Marcaria International LLC,12/5/2017,clientTransferProhibited https://icann.org/epp#clientTransferProhibited,whois,https://opensea.io/blog/articles/opensea-digest-march-27-2026,https://securitize.io/
notion.site,site,REGISTERED,12/8/2028,810,"Amazon Registrar, Inc.",12/8/2020,client transfer prohibited,rdap,https://opensea.io/blog/articles/opensea-digest-april-24-2025,https://fwbhq.notion.site/announcingfwbuilders
proof.xyz,xyz,REGISTERED,12/9/2028,811,MarkMonitor Inc.,12/9/2018,"client transfer prohibited,client update prohibited,client delete prohibited",rdap,https://opensea.io/blog/articles/memeland;https://opensea.io/blog/articles/opensea-digest-april-28;https://opensea.io/blog/articles/opensea-digest-feb-15-2024,https://collective.proof.xyz/grails-2
thewaterproject.org,org,REGISTERED,12/15/2028,816,"GoDaddy.com, LLC",12/15/2000,"client delete prohibited,client renew prohibited,client transfer prohibited,client update prohibited",rdap,https://opensea.io/blog/articles/generative-art-nfts,https://thewaterproject.org/community/projects/kenya/rainwater-catchment-wash-project-22587
mydoge.com,com,REGISTERED,12/14/2028,816,"GoDaddy.com, LLC",12/14/2013,"client delete prohibited,client renew prohibited,client transfer prohibited,client update prohibited",rdap,https://opensea.io/blog/articles/opensea-digest-june-19-2025,https://www.mydoge.com/
eventcreate.com,com,REGISTERED,12/16/2028,818,"Cloudflare, Inc.",12/16/2011,client transfer prohibited,rdap,https://opensea.io/blog/articles/opensea-digest-july-6-2024,https://checkout.eventcreate.com/art-blocks-marfa-weekend-2024/register-details
wmeagency.com,com,REGISTERED,12/16/2028,818,"GoDaddy.com, LLC",12/16/2008,"client delete prohibited,client renew prohibited,client transfer prohibited,client update prohibited",rdap,https://opensea.io/blog/articles/opensea-digest-june-16-2023,https://www.wmeagency.com/
rekt.com,com,REGISTERED,12/21/2028,823,"GoDaddy.com, LLC",12/21/2002,"client delete prohibited,client renew prohibited,client transfer prohibited,client update prohibited",rdap,https://opensea.io/blog/articles/brands-that-started-as-crypto-tokens;https://opensea.io/blog/articles/in-conversation-with-osf-of-rekt-brands;https://opensea.io/blog/articles/opensea-digest-february-27-2026,http://rekt.com
thenetworkfirm.com,com,REGISTERED,12/25/2028,826,Bluehost Inc.,12/25/2022,client transfer prohibited,rdap,https://opensea.io/blog/articles/opensea-digest-august-21-2025,https://www.thenetworkfirm.com/
savethechildren.org,org,REGISTERED,12/27/2028,828,"Network Solutions, LLC",12/28/1995,client transfer prohibited,rdap,https://opensea.io/blog/articles/in-conversation-with-antonia-roupell-of-save-the-children,https://www.savethechildren.org/
thinkagents.ai,ai,REGISTERED,1/8/2029,840,"Name.com, Inc.",1/8/2025,client transfer prohibited,rdap,https://opensea.io/blog/articles/in-conversation-with-sergio-silva,https://www.thinkagents.ai/
fermionprotocol.io,io,REGISTERED,1/18/2029,851,"Cloudflare, Inc",1/18/2024,clientTransferProhibited https://icann.org/epp#clientTransferProhibited,whois,https://opensea.io/blog/articles/opensea-digest-february-27-2025,https://www.fermionprotocol.io/
openai.com,com,REGISTERED,1/19/2029,852,MarkMonitor Inc.,1/19/2007,"client delete prohibited,client transfer prohibited,client update prohibited,server delete prohibited,server transfer prohibited,server update prohibited",rdap,https://opensea.io/blog/articles/elman-mansimov;https://opensea.io/blog/articles/infiniteyay;https://opensea.io/blog/articles/live-from-marfa-in-conversation-with-clownvamp,https://openai.com/
garyvaynerchuk.com,com,REGISTERED,1/21/2029,853,"GoDaddy.com, LLC",1/21/2006,"client delete prohibited,client renew prohibited,client transfer prohibited,client update prohibited",rdap,https://opensea.io/blog/articles/gary-vaynerchuk,https://garyvaynerchuk.com/books/
licensinginternational.org,org,REGISTERED,1/23/2029,856,"GoDaddy.com, LLC",1/23/2019,"client delete prohibited,client renew prohibited,client transfer prohibited,client update prohibited",rdap,https://opensea.io/blog/articles/in-conversation-with-darran-garnham,https://licensinginternational.org/news/toikido-drop-in-the-bad-egg-co-with-the-hatching-of-a-digital-collectible-to-embrace-community-driven-brand-building/
aspendigital.org,org,REGISTERED,1/29/2029,862,"Cloudflare, Inc.",1/29/2020,client transfer prohibited,rdap,https://opensea.io/blog/articles/opensea-digest-december-11-2025,https://www.aspendigital.org/
nancybakercahill.com,com,REGISTERED,1/31/2029,864,"Register.com - Network Solutions, LLC",1/31/2006,client transfer prohibited,rdap,https://opensea.io/blog/articles/in-conversation-with-ana-maria-caballero;https://opensea.io/blog/articles/opensea-digest-november-7-2024,https://nancybakercahill.com/
un.org,org,REGISTERED,2/1/2029,864,"Network Solutions, LLC",1/31/1995,client transfer prohibited,rdap,https://opensea.io/blog/articles/opensea-digest-september-26-2024;https://opensea.io/blog/articles/refik-anadol,https://www.un.org/en/summit-of-the-future
polymarket.com,com,REGISTERED,2/4/2029,868,Squarespace Domains II LLC,2/4/2003,"client delete prohibited,client transfer prohibited",rdap,https://opensea.io/blog/articles/opensea-digest-october-16-2025;https://opensea.io/blog/articles/opensea-digest-october-30-2025,https://polymarket.com/
xrpl.org,org,REGISTERED,2/7/2029,871,"Cloudflare, Inc.",2/7/2015,client transfer prohibited,rdap,https://opensea.io/blog/articles/opensea-digest-april-17-2026,https://xrpl.org/
smartbird.ai,ai,REGISTERED,2/7/2029,871,"GoDaddy.com, LLC",2/7/2023,"client delete prohibited,client renew prohibited,client transfer prohibited,client update prohibited",rdap,https://opensea.io/blog/articles/opensea-digest-june-18-2026,https://www.smartbird.ai/
apr.org,org,REGISTERED,2/18/2029,881,"Network Solutions, LLC",2/19/1998,client transfer prohibited,rdap,https://opensea.io/blog/articles/opensea-digest-february-20-2025,https://www.apr.org/news/2025-02-16/montgomery-launches-digital-metaverse-project-honoring-selma-to-montgomery-march
x402.org,org,REGISTERED,2/20/2029,884,Key-Systems GmbH,2/20/2025,client transfer prohibited,rdap,https://opensea.io/blog/articles/in-conversation-with-colin-and-david-of-pieverse,https://www.x402.org/
opepen.art,art,REGISTERED,2/20/2029,884,"GoDaddy.com, LLC",2/20/2023,"client renew prohibited,client transfer prohibited,client update prohibited,client delete prohibited",rdap,https://opensea.io/blog/articles/in-conversation-with-piv;https://opensea.io/blog/articles/jack-butcher;https://opensea.io/blog/articles/opensea-digest-april-17-2025,https://opepen.art/
ethgasstation.info,info,REGISTERED,3/3/2029,895,"NameCheap, Inc.",3/3/2017,client transfer prohibited,rdap,https://opensea.io/blog/articles/a-brand-new-marketplace-place-for-ens-names-buy-and-sell-ens-names-on-opensea;https://opensea.io/blog/articles/how-to-create-your-own-marketplace-on-opensea-in-three-minutes-or-less,https://ethgasstation.info/
portis.io,io,REGISTERED,3/4/2029,896,"Cloudflare, Inc",3/4/2018,clientTransferProhibited https://icann.org/epp#clientTransferProhibited,whois,https://opensea.io/blog/articles/bringing-on-additional-strategic-investors-to-opensea,http://portis.io/
cnet.com,com,REGISTERED,3/6/2029,897,"CSC Corporate Domains, Inc.",3/5/1994,client transfer prohibited,rdap,https://opensea.io/blog/articles/opensea-digest-march-27-2026,https://www.cnet.com/tech/computing/metas-metaverse-is-fading-away-from-vr/
bbcicecream.com,com,REGISTERED,3/8/2029,900,"Register.com - Network Solutions, LLC",3/8/2005,clientTransferProhibited https://icann.org/epp#clientTransferProhibited,whois,https://opensea.io/blog/articles/opensea-digest-april-28,https://www.bbcicecream.com/
theblockbeats.info,info,REGISTERED,3/11/2029,903,"GoDaddy.com, LLC",3/11/2021,"client delete prohibited,client renew prohibited,client transfer prohibited,client update prohibited",rdap,https://opensea.io/blog/articles/in-conversation-with-jacek-trocinski-of-degen,https://www.theblockbeats.info/en/flash/242601
govdelivery.com,com,REGISTERED,3/12/2029,903,"GoDaddy Corporate Domains, LLC",7/26/2001,client transfer prohibited,rdap,https://opensea.io/blog/articles/opensea-digest-august-21-2025,https://content.govdelivery.com/accounts/WYGOV/bulletins/3ee734a
withfabric.xyz,xyz,REGISTERED,3/11/2029,903,Tucows Domains Inc.,3/11/2022,"client transfer prohibited,client update prohibited",rdap,https://opensea.io/blog/articles/opensea-digest-nov-10-2023,https://blog.withfabric.xyz/stp
grammy.com,com,REGISTERED,3/17/2029,908,"GoDaddy.com, LLC",3/16/1995,"client delete prohibited,client renew prohibited,client transfer prohibited,client update prohibited",rdap,https://opensea.io/blog/articles/in-conversation-with-dave-van-patten,https://www.grammy.com/artists/dave-van-patten/52205
bitcoininsider.org,org,REGISTERED,3/27/2029,919,Enartia Single Member S.A.,3/27/2017,"client transfer prohibited,client update prohibited",rdap,https://opensea.io/blog/articles/shrapnels-lock-and-load-plan-for-dominating-gaming-with-a-web3-extraction-shooter,https://www.bitcoininsider.org/article/152002/aaa-first-person-shooter-game-shrapnel-unveils-plans-build-avalanche-blockchain
hackernoon.com,com,REGISTERED,4/3/2029,926,"NameCheap, Inc.",4/3/2016,client transfer prohibited,rdap,https://opensea.io/blog/articles/sell-hearthstone-cards,https://hackernoon.com/how-we-made-100k-trading-cryptokitties-2d69aebe715b/
peaceinside.live,live,REGISTERED,4/5/2029,928,"GoDaddy.com, LLC",4/5/2020,"client delete prohibited,client renew prohibited,client transfer prohibited,client update prohibited",rdap,https://opensea.io/blog/articles/5-health-and-wellness-nft-collections-to-watch-in-2024,https://www.peaceinside.live/
vivo.com,com,REGISTERED,4/6/2029,928,"Alibaba Cloud Computing (Beijing) Co., Ltd.",4/7/1998,active,rdap,https://opensea.io/blog/articles/in-conversation-with-ilan-derech,https://www.vivo.com/en
botto.com,com,REGISTERED,4/8/2029,931,"TurnCommerce, Inc. DBA NameBright.com",4/8/2021,active,rdap,https://opensea.io/blog/articles/live-from-marfa-in-conversation-with-simon-hudson;https://opensea.io/blog/articles/opensea-digest-april-24-2025;https://opensea.io/blog/articles/opensea-digest-june-13-2024,https://abhk.botto.com/collection
veecon.co,co,REGISTERED,4/12/2029,935,"GoDaddy.com, LLC",4/12/2021,clientRenewProhibited https://icann.org/epp#clientRenewProhibited,whois,https://opensea.io/blog/articles/gary-vaynerchuk,https://veecon.co/
thesoul-publishing.com,com,REGISTERED,4/18/2029,940,"GoDaddy.com, LLC",4/18/2016,"client delete prohibited,client renew prohibited,client transfer prohibited,client update prohibited",rdap,https://opensea.io/blog/articles/opensea-digest-march-6-2025,https://www.thesoul-publishing.com/
kennedy-center.org,org,REGISTERED,4/21/2029,943,"GoDaddy.com, LLC",4/20/1995,"client delete prohibited,client renew prohibited,client transfer prohibited,client update prohibited",rdap,https://opensea.io/blog/articles/opensea-digest-september-5-2024,https://www.kennedy-center.org/
candy.io,io,REGISTERED,4/30/2029,953,"GoDaddy.com, LLC",1/5/2008,clientDeleteProhibited https://icann.org/epp#clientDeleteProhibited,whois,https://opensea.io/blog/articles/opensea-digest-april-17-2025,https://www.candy.io/
baldursgate3.game,game,REGISTERED,5/1/2029,954,"Name.com, Inc.",5/1/2019,client transfer prohibited,rdap,https://opensea.io/blog/articles/in-conversation-with-gabby-dizon,https://baldursgate3.game/
coincenter.org,org,REGISTERED,5/6/2029,959,1API GmbH,5/6/2014,client transfer prohibited,rdap,https://opensea.io/blog/articles/buy-and-sell-crypto-collectibles-with-usdc,https://coincenter.org/entry/what-is-money-transmission-and-why-does-it-matter
banklesstimes.com,com,REGISTERED,5/9/2029,961,"GoDaddy.com, LLC",5/9/2012,"client delete prohibited,client renew prohibited,client transfer prohibited,client update prohibited",rdap,https://opensea.io/blog/articles/opensea-digest-april-17-2026,https://www.banklesstimes.com/articles/2026/04/16/telegram-unveils-two-tap-agentic-bots-to-simplify-ai-assistance/
vice.com,com,REGISTERED,5/14/2029,966,"Amazon Registrar, Inc.",5/28/1997,client transfer prohibited,rdap,https://opensea.io/blog/articles/non-fungible-tokens;https://opensea.io/blog/articles/opensea-digest-april-3-2025,https://www.vice.com/en/article/artist-sarah-meyohas-coins-new-currency-with-bitchcoin-392/
holders.com,com,REGISTERED,5/15/2029,968,"Name.com, Inc.",6/22/1997,client transfer prohibited,rdap,https://opensea.io/blog/articles/memeland,http://holders.com
sohohouse.com,com,REGISTERED,5/18/2029,970,"GoDaddy.com, LLC",5/19/1998,"client delete prohibited,client renew prohibited,client transfer prohibited,client update prohibited",rdap,https://opensea.io/blog/articles/in-conversation-with-mo-abrishamchi,https://www.sohohouse.com/en-us/
playmade.com,com,REGISTERED,5/19/2029,972,"GoDaddy.com, LLC",5/19/2007,"client delete prohibited,client renew prohibited,client transfer prohibited,client update prohibited",rdap,https://opensea.io/blog/articles/in-conversation-with-greg-poon-of-imaginary-ones,https://www.playmade.com/
samsungnext.com,com,REGISTERED,5/23/2029,975,Gandi SAS,5/23/2015,client transfer prohibited,rdap,https://opensea.io/blog/articles/opensea-digest-september-12-2024,https://www.samsungnext.com/
decentraland.org,org,REGISTERED,6/3/2029,987,"NameCheap, Inc.",6/3/2014,client transfer prohibited,rdap,https://opensea.io/blog/articles/bringing-on-additional-strategic-investors-to-opensea;https://opensea.io/blog/articles/buy-and-sell-crypto-collectibles-with-mana;https://opensea.io/blog/articles/chainbreakers-are-now-tradable-on-opensea,https://decentraland.org/
pem.org,org,REGISTERED,6/7/2029,990,"Network Solutions, LLC",6/8/1995,client transfer prohibited,rdap,https://opensea.io/blog/articles/opensea-digest-july-11-2024,https://www.pem.org/
ambervittoria.com,com,REGISTERED,6/8/2029,992,"NameCheap, Inc.",6/8/2009,client transfer prohibited,rdap,https://opensea.io/blog/articles/in-conversation-with-amber-vittoria;https://opensea.io/blog/articles/opensea-digest-december-12-2024,https://www.ambervittoria.com/
danromero.org,org,REGISTERED,6/9/2029,992,Tucows Domains Inc.,6/9/2008,"client transfer prohibited,client update prohibited",rdap,https://opensea.io/blog/articles/opensea-digest-august-22-2024;https://opensea.io/blog/articles/opensea-digest-may-23-2024,https://danromero.org/
jcorp.ca,ca,REGISTERED,6/11/2029,994,Webnames.ca Inc.,6/11/2002,client transfer prohibited,rdap,https://opensea.io/blog/articles/in-conversation-with-ponke,https://jcorp.ca/
getmonero.org,org,REGISTERED,6/12/2029,996,Gandi SAS,6/12/2014,client transfer prohibited,rdap,https://opensea.io/blog/articles/in-conversation-with-carly-reilly-overpriced-media,https://www.getmonero.org/
stakeland.com,com,REGISTERED,6/13/2029,997,"Name.com, Inc.",6/13/2022,client transfer prohibited,rdap,https://opensea.io/blog/articles/memeland,https://www.stakeland.com/
martinvanblerk.com,com,REGISTERED,6/22/2029,1005,"GoDaddy.com, LLC",6/22/2023,"client delete prohibited,client renew prohibited,client transfer prohibited,client update prohibited",rdap,https://opensea.io/blog/articles/pixelmon,https://www.martinvanblerk.com/
turkishairlines.com,com,REGISTERED,6/22/2029,1006,Turkticaret.net Yazilim Hizmetleri Sanayi ve Ticaret A.S.,5/8/1996,"client delete prohibited,client transfer prohibited",rdap,https://opensea.io/blog/articles/opensea-digest-december-5-2024,https://www.turkishairlines.com/en-us/innerportrait/
emojipedia.org,org,REGISTERED,7/14/2029,1028,"NameCheap, Inc.",7/14/2013,client transfer prohibited,rdap,https://opensea.io/blog/articles/in-conversation-with-yiying-lu,https://emojipedia.org/peacock
docsend.com,com,REGISTERED,7/18/2029,1032,MarkMonitor Inc.,7/18/2012,"client delete prohibited,client transfer prohibited,client update prohibited",rdap,https://opensea.io/blog/articles/opensea-digest-august-7-2025,https://docsend.com/view/m4iddskei3c58urv
mashable.com,com,REGISTERED,7/19/2029,1033,"CSC Corporate Domains, Inc.",7/19/2005,client transfer prohibited,rdap,https://opensea.io/blog/articles/opensea-digest-march-27-2026,https://mashable.com/article/meta-horizon-worlds-vr-dead-metaverse
claude.ai,ai,REGISTERED,8/4/2029,1049,MarkMonitor Inc.,8/4/2018,"client delete prohibited,client transfer prohibited,client update prohibited",rdap,https://opensea.io/blog/articles/live-from-marfa-in-conversation-with-clownvamp,https://claude.ai/login
etherscan.io,io,REGISTERED,8/12/2029,1056,"NameCheap, Inc.",8/12/2015,clientTransferProhibited https://icann.org/epp#clientTransferProhibited,whois,https://opensea.io/blog/articles/how-to-fund-metamask-with-eth;https://opensea.io/blog/articles/interview-arran-schlosberg;https://opensea.io/blog/articles/interview-phil-from-cryptogametalk-part-three,https://etherscan.io/
bugcrowd.com,com,REGISTERED,9/1/2029,1076,Gandi SAS,9/1/2012,clientTransferProhibited https://icann.org/epp#clientTransferProhibited,whois,https://opensea.io/blog/articles/openseas-bug-bounty-program,https://bugcrowd.com/opensea
hyperfoundation.org,org,REGISTERED,9/2/2029,1078,"Amazon Registrar, Inc.",9/2/2024,active,rdap,https://opensea.io/blog/articles/opensea-digest-january-17-2025,https://hyperfoundation.org/
hakabochi.com,com,REGISTERED,9/3/2029,1078,"GMO Internet Group, Inc. d/b/a Onamae.com",9/3/2019,client transfer prohibited,rdap,https://opensea.io/blog/articles/trending-nfts-keiko-kitahara-boss-logic-and-more,https://en.hakabochi.com/
cotopaxi.com,com,REGISTERED,9/4/2029,1079,Bluehost Inc.,9/5/1998,client transfer prohibited,rdap,https://opensea.io/blog/articles/in-conversation-with-mmerchs-colby-mugrabi,https://www.cotopaxi.com/
gondi.xyz,xyz,REGISTERED,9/6/2029,1082,"GoDaddy.com, LLC",9/6/2022,"client renew prohibited,client transfer prohibited,client update prohibited,client delete prohibited",rdap,https://opensea.io/blog/articles/opensea-digest-december-5-2024,https://www.gondi.xyz/
yieldguild.io,io,REGISTERED,9/13/2029,1089,"NameCheap, Inc.",9/13/2020,clientTransferProhibited https://icann.org/epp#clientTransferProhibited,whois,https://opensea.io/blog/articles/in-conversation-with-nico-del-pino;https://opensea.io/blog/articles/opensea-digest-august-21-2025;https://opensea.io/blog/articles/opensea-digest-august-7-2025,https://www.yieldguild.io/
brave.com,com,REGISTERED,9/17/2029,1092,"NameCheap, Inc.",9/18/1995,client transfer prohibited,rdap,https://opensea.io/blog/articles/live-from-marfa-in-conversation-with-clownvamp;https://opensea.io/blog/articles/opensea-digest-may-26-2023;https://opensea.io/blog/articles/opensea-digest-october-16-2025,https://brave.com/
sfmoma.org,org,REGISTERED,9/21/2029,1096,"Network Solutions, LLC",9/22/1995,client transfer prohibited,rdap,https://opensea.io/blog/articles/in-conversation-with-jvmi;https://opensea.io/blog/articles/opensea-digest-june-21-2024,https://www.sfmoma.org/
edwardgoreyhouse.org,org,REGISTERED,10/1/2029,1107,"GoDaddy.com, LLC",10/1/2001,"client delete prohibited,client renew prohibited,client transfer prohibited,client update prohibited",rdap,https://opensea.io/blog/articles/in-conversation-with-dave-van-patten,https://www.edwardgoreyhouse.org/
cointelegraph.com,com,REGISTERED,10/17/2029,1123,"GoDaddy.com, LLC",10/17/2013,"client delete prohibited,client renew prohibited,client transfer prohibited,client update prohibited",rdap,https://opensea.io/blog/articles/nft-news-sources-and-how-to-access-them;https://opensea.io/blog/articles/onchain-heroes;https://opensea.io/blog/articles/opensea-digest-april-18-2024,https://cointelegraph.com/
criterion.com,com,REGISTERED,10/24/2029,1129,"GoDaddy.com, LLC",10/25/1993,"client delete prohibited,client renew prohibited,client transfer prohibited,client update prohibited",rdap,https://opensea.io/blog/articles/in-conversation-with-dave-van-patten,https://www.criterion.com/films/28636-fantastic-planet
wormhole.com,com,REGISTERED,11/9/2029,1145,"Cloudflare, Inc.",11/10/1994,client transfer prohibited,rdap,https://opensea.io/blog/articles/opensea-digest-oct-20-2023,https://wormhole.com/
illuvium.io,io,REGISTERED,11/19/2029,1156,"GoDaddy.com, LLC",11/19/2020,clientDeleteProhibited https://icann.org/epp#clientDeleteProhibited,whois,https://opensea.io/blog/articles/opensea-digest-april-4-2024;https://opensea.io/blog/articles/opensea-digest-august-15-2024;https://opensea.io/blog/articles/opensea-digest-february-27-2025,https://arena.illuvium.io/
shortyawards.com,com,REGISTERED,11/25/2029,1162,"GoDaddy.com, LLC",11/25/2008,"client delete prohibited,client renew prohibited,client transfer prohibited,client update prohibited",rdap,https://opensea.io/blog/articles/in-conversation-with-yiying-lu,https://shortyawards.com/
blankos.com,com,REGISTERED,11/29/2029,1166,Dynadot Inc,11/29/2017,clientTransferProhibited https://icann.org/epp#clientTransferProhibited,whois,https://opensea.io/blog/articles/opensea-digest-oct-12-2023;https://opensea.io/blog/articles/opensea-digest-sept-29-2023,https://blankos.com/
sneakernews.com,com,REGISTERED,11/30/2029,1167,IONOS SE,11/30/2005,client transfer prohibited,rdap,https://opensea.io/blog/articles/opensea-digest-march-28-2024,https://sneakernews.com/2024/03/27/nike-fortnite-airphoria-2-0/
clairesilver.com,com,REGISTERED,12/3/2029,1169,Wix.com Ltd.,12/3/2020,"client transfer prohibited,client update prohibited",rdap,https://opensea.io/blog/articles/claire-silver,https://www.clairesilver.com/about
arxiv.org,org,REGISTERED,12/28/2029,1194,"Network Solutions, LLC",12/28/1998,client transfer prohibited,rdap,https://opensea.io/blog/articles/elman-mansimov,https://arxiv.org/abs/1511.02793
nftnewstoday.com,com,REGISTERED,12/28/2029,1194,"Cloudflare, Inc.",12/28/2020,clientTransferProhibited https://icann.org/epp#clientTransferProhibited,whois,https://opensea.io/blog/articles/opensea-digest-september-5-2024,https://nftnewstoday.com/2024/08/28/nfl-rivals-and-kansas-city-chiefs-team-up-for-2024-season/
theinformation.com,com,REGISTERED,1/5/2030,1202,"Cloudflare, Inc.",1/5/2002,client transfer prohibited,rdap,https://opensea.io/blog/articles/1-billion-from-creator-fees-in-2022,https://www.theinformation.com/articles/patreon-says-creator-lifetime-earnings-hit-3-5-billion
cointracker.io,io,REGISTERED,1/17/2030,1215,"Cloudflare, Inc",1/17/2014,clientTransferProhibited https://icann.org/epp#clientTransferProhibited,whois,https://opensea.io/blog/articles/nft-tax-help-has-arrived-through-our-partnership-with-cointracker,https://cointracker.io/opensea
worcesterart.org,org,REGISTERED,2/1/2030,1229,"Network Solutions, LLC",1/31/1997,client transfer prohibited,rdap,https://opensea.io/blog/articles/elman-mansimov;https://opensea.io/blog/articles/opensea-digest-feb-8-2024,https://www.worcesterart.org/
wemade.com,com,REGISTERED,2/1/2030,1229,"Gabia, Inc.",2/1/2000,client transfer prohibited,rdap,https://opensea.io/blog/articles/opensea-digest-may-16-2024,https://www.wemade.com/main/En
nodemonkes.com,com,REGISTERED,2/10/2030,1239,"Spaceship, Inc.",2/10/2023,client transfer prohibited,rdap,https://opensea.io/blog/articles/opensea-digest-march-8-2024,https://nodemonkes.com/send-nodes/3
eth.town,town,REGISTERED,2/13/2030,1242,"GoDaddy.com, LLC",2/13/2018,"client delete prohibited,client renew prohibited,client transfer prohibited,client update prohibited",rdap,https://opensea.io/blog/articles/phil-from-cryptogametalk-part-one,https://eth.town/
gemini.com,com,REGISTERED,2/15/2030,1243,Gandi SAS,2/14/1994,client transfer prohibited,rdap,https://opensea.io/blog/articles/crypto-rewards-cards;https://opensea.io/blog/articles/opensea-digest-january-30-2026;https://opensea.io/blog/articles/opensea-digest-november-20-2025,https://www.gemini.com/
poap.xyz,xyz,REGISTERED,2/15/2030,1244,Gandi SAS,2/15/2019,client transfer prohibited,rdap,https://opensea.io/blog/articles/opensea-digest-august-7-2026;https://opensea.io/blog/articles/opensea-digest-march-19-2026,https://poap.xyz/
evefrontier.com,com,REGISTERED,2/23/2030,1252,"GoDaddy.com, LLC",2/23/2022,"client delete prohibited,client renew prohibited,client transfer prohibited,client update prohibited",rdap,https://opensea.io/blog/articles/opensea-digest-october-16-2025;https://opensea.io/blog/articles/opensea-digest-september-19-2024,http://www.evefrontier.com
ulta.com,com,REGISTERED,2/26/2030,1254,"Network Solutions, LLC",2/27/1998,client transfer prohibited,rdap,https://opensea.io/blog/articles/brands-that-started-as-crypto-tokens,https://www.ulta.com/brand/vacation
unicef.org,org,REGISTERED,3/11/2030,1267,"CSC Corporate Domains, Inc.",3/10/1993,client transfer prohibited,rdap,https://opensea.io/blog/articles/women-rise-champions-girls-education-vr,https://www.unicef.org/emergencies/devastating-floods-pakistan-2022
piratenation.foundation,foundation,REGISTERED,3/11/2030,1268,"NameCheap, Inc.",3/11/2024,client transfer prohibited,rdap,https://opensea.io/blog/articles/opensea-digest-august-7-2026,https://www.piratenation.foundation/
hottopic.com,com,REGISTERED,3/15/2030,1271,"Network Solutions, LLC",3/14/1995,client transfer prohibited,rdap,https://opensea.io/blog/articles/opensea-digest-nov-30-2023,https://www.hottopic.com/
arc.network,network,REGISTERED,3/24/2030,1281,101domain GRS Limited,3/24/2017,active,rdap,https://opensea.io/blog/articles/opensea-digest-november-13-2025;https://opensea.io/blog/articles/opensea-digest-october-30-2025,https://www.arc.network/
nastygal.com,com,REGISTERED,3/29/2030,1286,EuroDNS S.A.,3/29/2004,client transfer prohibited,rdap,https://opensea.io/blog/articles/opensea-digest-may-9-2024,https://www.nastygal.com/
billydinh.com,com,REGISTERED,4/11/2030,1299,"GoDaddy.com, LLC",4/11/2020,active,rdap,https://opensea.io/blog/articles/spotlight-on-asian-american-and-pacific-islander-heritage-month,https://www.billydinh.com/about
tether.to,to,REGISTERED,4/16/2030,1304,Government of Kingdom of Tonga,4/16/2015,client transfer prohibited,rdap,https://opensea.io/blog/articles/opensea-digest-february-27-2026;https://opensea.io/blog/articles/opensea-digest-june-4-2026;https://opensea.io/blog/articles/opensea-digest-march-27-2026,https://tether.to/
substack.com,com,REGISTERED,4/27/2030,1315,"Amazon Registrar, Inc.",4/27/2010,client transfer prohibited,rdap,https://opensea.io/blog/articles/guesstimating-where-we-are-in-the-nft-market-life-cycle;https://opensea.io/blog/articles/in-conversation-with-benjamin-white;https://opensea.io/blog/articles/in-conversation-with-carly-reilly-overpriced-media,https://andrewsteinwold.substack.com/
boardgamegeek.com,com,REGISTERED,5/19/2030,1337,"GoDaddy.com, LLC",5/19/2000,"client delete prohibited,client renew prohibited,client transfer prohibited,client update prohibited",rdap,https://opensea.io/blog/articles/live-from-marfa-in-conversation-with-clownvamp,https://boardgamegeek.com/boardgame/6578/electronic-dream-phone
tune.fm,fm,REGISTERED,5/21/2030,1339,"NameCheap, Inc.",5/21/2018,client transfer prohibited,rdap,https://opensea.io/blog/articles/opensea-digest-march-6-2025,http://tune.fm
alibaba.com,com,REGISTERED,5/23/2030,1341,"Alibaba Cloud Computing (Beijing) Co., Ltd.",4/15/1999,"client transfer prohibited,server delete prohibited,server transfer prohibited,server update prohibited",rdap,https://opensea.io/blog/articles/opensea-digest-september-4-2025,https://www.alibaba.com/
squareup.com,com,REGISTERED,5/26/2030,1343,"CSC Corporate Domains, Inc.",5/26/2007,"client transfer prohibited,server delete prohibited,server transfer prohibited,server update prohibited",rdap,https://opensea.io/blog/articles/in-conversation-with-adam-fern-of-proof-of-play;https://opensea.io/blog/articles/opensea-digest-july-24-2025,https://squareup.com/us/en
frieze.com,com,REGISTERED,6/12/2030,1360,"Cloudflare, Inc.",6/13/1996,client transfer prohibited,rdap,https://opensea.io/blog/articles/opensea-digest-october-17-2024,https://www.frieze.com/fairs/frieze-london
trustwallet.com,com,REGISTERED,6/12/2030,1361,MarkMonitor Inc.,10/14/2005,active,rdap,https://opensea.io/blog/articles/bringing-on-additional-strategic-investors-to-opensea,https://trustwallet.com/
superchiefgallery.com,com,REGISTERED,7/9/2030,1387,Bluehost Inc.,7/9/2012,client transfer prohibited,rdap,https://opensea.io/blog/articles/bringing-virtual-games-into-the-real-world,https://www.superchiefgallery.com/
bbc.com,com,REGISTERED,7/14/2030,1392,Tucows Domains Inc.,7/15/1989,"client transfer prohibited,client update prohibited,server delete prohibited,server transfer prohibited",rdap,https://opensea.io/blog/articles/in-conversation-with-alice-delahunt-of-syky,https://www.bbc.com/culture/article/20230921-lady-gaga-meat-dress-the-outfit-that-shocked-the-world
kast.xyz,xyz,REGISTERED,7/16/2030,1395,"GoDaddy.com, LLC",7/16/2019,active,rdap,https://opensea.io/blog/articles/crypto-rewards-cards;https://opensea.io/blog/articles/opensea-digest-february-12-2026,https://www.kast.xyz/
warnerbros.com,com,REGISTERED,7/20/2030,1398,MarkMonitor Inc.,7/21/1995,"client delete prohibited,client transfer prohibited,client update prohibited,server delete prohibited,server transfer prohibited,server update prohibited",rdap,https://opensea.io/blog/articles/in-conversation-with-firestorm-of-neo-tokyo;https://opensea.io/blog/articles/welcoming-the-godfather-to-opensea,https://www.warnerbros.com/
hollywoodreporter.com,com,REGISTERED,7/23/2030,1401,MarkMonitor Inc.,7/24/1995,"client delete prohibited,client transfer prohibited,client update prohibited",rdap,https://opensea.io/blog/articles/in-conversation-with-magic-machine-the-team-behind-forgotten-runes;https://opensea.io/blog/articles/opensea-digest-may-1-2025;https://opensea.io/blog/articles/opensea-digest-september-12-2024,https://www.hollywoodreporter.com/business/business-news/sony-pictures-music-web3-blockchain-sonieum-initiative-1235984907/
gamefiventures.com,com,REGISTERED,8/1/2030,1410,"NameCheap, Inc.",8/1/2021,client transfer prohibited,rdap,https://opensea.io/blog/articles/how-wanderers-transformed-nft-art-into-an-engaging-immersive-game,https://gamefiventures.com/
wmagazine.com,com,REGISTERED,8/2/2030,1411,"Amazon Registrar, Inc.",8/3/1995,client transfer prohibited,rdap,https://opensea.io/blog/articles/damien-hirst,https://www.wmagazine.com/culture/drake-damien-hirst-certified-lover-boy
riverside.com,com,REGISTERED,8/2/2030,1411,"NameCheap, Inc.",8/3/1993,client transfer prohibited,rdap,https://opensea.io/blog/articles/opensea-digest-august-7-2026,https://riverside.com/webinar/registration/eyJldmVudElkIjoiNmE2N2UwYTcyZDg5MmVlZmQ4Y2RmMDMzIiwic2x1ZyI6Im1pZ3VlbC1sYXJhcy1zdHVkaW8tRFBaZlQifQ==
rain.xyz,xyz,REGISTERED,8/18/2030,1428,Porkbun LLC,8/18/2018,"client transfer prohibited,client delete prohibited",rdap,https://opensea.io/blog/articles/opensea-digest-january-9-2026,https://www.rain.xyz/
worldcoin.org,org,REGISTERED,8/21/2030,1431,"Amazon Registrar, Inc.",8/21/2019,client transfer prohibited,rdap,https://opensea.io/blog/articles/opensea-digest-feb-22-2024,https://worldcoin.org/
jeffkoons.com,com,REGISTERED,8/23/2030,1432,"Network Solutions, LLC",8/24/1998,client transfer prohibited,rdap,https://opensea.io/blog/articles/in-conversation-with-marcela-bellini,https://www.jeffkoons.com/
larvalabs.com,com,REGISTERED,8/24/2030,1434,Squarespace Domains II LLC,8/24/2004,"client delete prohibited,client transfer prohibited",rdap,https://opensea.io/blog/articles/decentralizing-nft-metadata-on-opensea;https://opensea.io/blog/articles/in-conversation-with-robi-of-ark-gallery;https://opensea.io/blog/articles/in-conversation-with-sergio-silva,https://larvalabs.com/
rally.xyz,xyz,REGISTERED,8/24/2030,1434,"GoDaddy.com, LLC",8/24/2015,"client renew prohibited,client transfer prohibited,client update prohibited,client delete prohibited",rdap,https://opensea.io/blog/articles/opensea-digest-july-10-2025,https://rally.xyz/
premint.xyz,xyz,REGISTERED,9/4/2030,1445,Squarespace Domains II LLC,9/4/2021,"client transfer prohibited,client delete prohibited",rdap,https://opensea.io/blog/articles/moonrays-unusual-journey-from-comic-books-to-a-futuristic-arena-battler-game;https://opensea.io/blog/articles/opensea-digest-aug-10-2023,https://www.premint.xyz/moonraygame/
iq.wiki,wiki,REGISTERED,9/7/2030,1448,"MarkMonitor, Inc.",9/7/2022,"client transfer prohibited,client delete prohibited,client update prohibited",rdap,https://opensea.io/blog/articles/alpha-centauri-kid,https://iq.wiki/wiki/alpha-centauri-kid
scmp.com,com,REGISTERED,9/8/2030,1448,"GoDaddy.com, LLC",9/9/1994,clientDeleteProhibited https://icann.org/epp#clientDeleteProhibited,whois,https://opensea.io/blog/articles/opensea-digest-nov-10-2023,https://www.scmp.com/tech/policy/article/3240535/bored-apes-owner-draws-2500-nft-enthusiasts-hong-kong-first-international-apefest-win-local-web3
grandviewresearch.com,com,REGISTERED,9/10/2030,1451,"GoDaddy.com, LLC",9/10/2013,"client delete prohibited,client renew prohibited,client transfer prohibited,client update prohibited",rdap,https://opensea.io/blog/articles/non-fungible-tokens,https://www.grandviewresearch.com/press-release/global-online-event-ticketing-market
dustinyellin.com,com,REGISTERED,9/14/2030,1455,"Network Solutions, LLC",9/14/2002,client transfer prohibited,rdap,https://opensea.io/blog/articles/opensea-digest-july-27-2023,https://www.dustinyellin.com/
rileykids.org,org,REGISTERED,9/14/2030,1455,"Network Solutions, LLC",9/14/1999,client transfer prohibited,rdap,https://opensea.io/blog/articles/opensea-digest-march-27-2025,https://rileykids.org/
dapperlabs.com,com,REGISTERED,10/13/2030,1483,Gandi SAS,10/13/2016,client transfer prohibited,rdap,https://opensea.io/blog/articles/in-conversation-with-alan-carr-of-cryptokitties;https://opensea.io/blog/articles/in-conversation-with-carly-reilly-overpriced-media;https://opensea.io/blog/articles/luxury-nfts,https://www.dapperlabs.com/
economics.co.uk,uk,REGISTERED,10/14/2030,1484,"Namecheap, Inc. [Tag = NAMECHEAP-INC]",10/14/1997,Registered until expiry date.,whois,https://opensea.io/blog/articles/predicting-ens-domain-value,http://economics.co.uk/the-economics-of-domain-names/
unstoppabledomains.com,com,REGISTERED,10/20/2030,1490,MarkMonitor Inc.,10/20/2018,"client delete prohibited,client transfer prohibited,client update prohibited,server delete prohibited,server transfer prohibited,server update prohibited",rdap,https://opensea.io/blog/articles/non-fungible-tokens;https://opensea.io/blog/articles/opensea-digest-august-22-2024;https://opensea.io/blog/articles/opensea-digest-july-24-2025,https://get.unstoppabledomains.com/farms/
daz3d.com,com,REGISTERED,11/8/2030,1510,"GoDaddy.com, LLC",11/8/2000,"client delete prohibited,client renew prohibited,client transfer prohibited,client update prohibited",rdap,https://opensea.io/blog/articles/stop-aapi-hate-daz-3d-the-diigitals-and-a-groundbreaking-nft,https://www.daz3d.com/daz-home
anime.com,com,REGISTERED,12/9/2030,1540,"GoDaddy.com, LLC",12/10/1996,"client delete prohibited,client renew prohibited,client transfer prohibited,client update prohibited",rdap,https://opensea.io/blog/articles/in-conversation-with-zagabond-of-azuki;https://opensea.io/blog/articles/opensea-digest-february-27-2025;https://opensea.io/blog/articles/opensea-digest-september-19-2024,http://anime.com
archive.org,org,REGISTERED,12/13/2030,1544,easyDNS Technologies Inc.,12/14/1995,"client transfer prohibited,client update prohibited",rdap,https://opensea.io/blog/articles/complexity-gamings-bold-pivot-to-web3-gaming;https://opensea.io/blog/articles/interview-phil-from-cryptogametalk-part-three,https://archive.org/details/gameboysprofessi00kane/page/74/mode/2up
goat.vc,vc,REGISTERED,12/15/2030,1547,Marcaria International LLC,12/15/2018,ok https://icann.org/epp#ok,whois,https://opensea.io/blog/articles/startup-stories-from-justin-kan-co-founder-of-twitch,http://goat.vc/
marketresearchintellect.com,com,REGISTERED,12/17/2030,1549,"GoDaddy.com, LLC",12/17/2019,"client delete prohibited,client renew prohibited,client transfer prohibited,client update prohibited",rdap,https://opensea.io/blog/articles/off-the-grid-console-gaming-web3-battle-royale,https://www.marketresearchintellect.com/product/global-battle-royale-games-market-size-and-forecast/
sothebys.com,com,REGISTERED,12/19/2030,1550,"Amazon Registrar, Inc.",12/20/1994,client transfer prohibited,rdap,https://opensea.io/blog/articles/damien-hirst;https://opensea.io/blog/articles/opensea-digest-aug-4-2023;https://opensea.io/blog/articles/opensea-digest-august-22-2024,https://metaverse.sothebys.com/
redpoints.com,com,REGISTERED,12/24/2030,1556,OVH sas,12/24/2011,"client delete prohibited,client transfer prohibited",rdap,https://opensea.io/blog/articles/luxury-nfts,https://www.redpoints.com/blog/fashion-counterfeit-impact/
madonnainn.com,com,REGISTERED,12/26/2030,1557,"Network Solutions, LLC",12/27/1995,client transfer prohibited,rdap,https://opensea.io/blog/articles/julie-pacino,https://www.madonnainn.com/
travala.com,com,REGISTERED,12/25/2030,1557,MarkMonitor Inc.,12/25/2016,"client delete prohibited,client transfer prohibited,client update prohibited,server delete prohibited,server transfer prohibited,server update prohibited",rdap,https://opensea.io/blog/articles/travel-nfts,http://travala.com
budnitz.com,com,REGISTERED,12/29/2030,1561,Squarespace Domains II LLC,12/29/2001,"client delete prohibited,client transfer prohibited",rdap,https://opensea.io/blog/articles/interview-with-john-orion-young,https://budnitz.com/bio/
mntge.com,com,REGISTERED,12/30/2030,1562,"GoDaddy.com, LLC",12/30/2022,"client delete prohibited,client renew prohibited,client transfer prohibited,client update prohibited",rdap,https://opensea.io/blog/articles/opensea-digest-april-4-2024;https://opensea.io/blog/articles/opensea-digest-july-18-2024;https://opensea.io/blog/articles/opensea-digest-march-1-2024,https://mntge.com/
procreate.com,com,REGISTERED,1/1/2031,1563,Netregistry Wholesale Pty Ltd,1/2/1998,"client transfer prohibited,client update prohibited",rdap,https://opensea.io/blog/articles/get-based-with-mariela-victoria;https://opensea.io/blog/articles/live-from-marfa-in-conversation-with-jimena-buena-vida,https://procreate.com/
lvcidia.xyz,xyz,REGISTERED,1/3/2031,1566,Squarespace Domains II LLC,1/3/2022,"client transfer prohibited,client delete prohibited",rdap,https://opensea.io/blog/articles/opensea-digest-april-25-2024,https://lvcidia.xyz/
bitcoin.com,com,REGISTERED,1/4/2031,1567,"NameCheap, Inc.",1/4/2008,client transfer prohibited,rdap,https://opensea.io/blog/articles/opensea-digest-march-20-2025,https://www.bitcoin.com/get-started/what-is-bitcoin-op-cat/
ocula.com,com,REGISTERED,1/6/2031,1569,"Network Solutions, LLC",1/6/2000,client transfer prohibited,rdap,https://opensea.io/blog/articles/opensea-digest-may-28-2026,https://ocula.com/art-galleries/k-contemporary/
avantarte.com,com,REGISTERED,1/25/2031,1588,"Cloudflare, Inc.",1/25/2017,client transfer prohibited,rdap,https://opensea.io/blog/articles/opensea-digest-nov-30-2023;https://opensea.io/blog/articles/opensea-digest-oct-27-2023,https://avantarte.com/
justinaversano.com,com,REGISTERED,1/30/2031,1593,"GoDaddy.com, LLC",1/30/2015,"client delete prohibited,client renew prohibited,client transfer prohibited,client update prohibited",rdap,https://opensea.io/blog/articles/in-conversation-with-justin-aversano;https://opensea.io/blog/articles/opensea-digest-april-10-2025;https://opensea.io/blog/articles/opensea-digest-december-12-2024,https://www.justinaversano.com/
deafbeef.com,com,REGISTERED,2/1/2031,1594,"GoDaddy.com, LLC",2/1/2021,"client delete prohibited,client renew prohibited,client transfer prohibited,client update prohibited",rdap,https://opensea.io/blog/articles/in-conversation-with-jediwolf;https://opensea.io/blog/articles/interview-arran-schlosberg,https://www.deafbeef.com/
tmz.com,com,REGISTERED,2/16/2031,1609,"GoDaddy Corporate Domains, LLC",2/15/1996,"client transfer prohibited,server delete prohibited,server transfer prohibited,server update prohibited",rdap,https://opensea.io/blog/articles/gronk-x-medium-rare-x-opensea,https://www.tmz.com/2021/03/09/rob-gronkowski-releasing-rare-digital-trading-cards-nft-commemorating-super-bowl-wins/
coinspeaker.com,com,REGISTERED,3/6/2031,1628,SafeNames Ltd.,3/6/2014,"client delete prohibited,client transfer prohibited,client update prohibited",rdap,https://opensea.io/blog/articles/opensea-digest-october-2-2024,https://www.coinspeaker.com/pudgy-penguins-nft-polar-challenge-game-us/
rtfkt.com,com,REGISTERED,3/19/2031,1641,"GoDaddy.com, LLC",3/19/2011,"client delete prohibited,client renew prohibited,client transfer prohibited,client update prohibited",rdap,https://opensea.io/blog/articles/fashion-nfts;https://opensea.io/blog/articles/opensea-digest-april-28;https://opensea.io/blog/articles/opensea-digest-december-5-2024,https://af1-lookbook.rtfkt.com/
battle.net,net,REGISTERED,3/27/2031,1648,MarkMonitor Inc.,3/26/1996,"client delete prohibited,client transfer prohibited,client update prohibited",rdap,https://opensea.io/blog/articles/sell-hearthstone-cards,https://us.battle.net/forums/en/hearthstone/topic/20771137221/
gitbook.io,io,REGISTERED,3/30/2031,1651,"Cloudflare, Inc",3/30/2014,clientTransferProhibited https://icann.org/epp#clientTransferProhibited,whois,https://opensea.io/blog/articles/this-week-in-web3-and-nfts-mmerch-parallel-goat-gaming-more;https://opensea.io/blog/articles/zen-academy,https://goatgaming.gitbook.io/goat-gaming-v2/about-us/roadmap#id-2026-and-beyond
lars-mueller-publishers.com,com,REGISTERED,4/9/2031,1662,"Register.com - Network Solutions, LLC",4/9/2001,client transfer prohibited,rdap,https://opensea.io/blog/articles/live-from-marfa-in-conversation-with-neel-shivdasani,https://www.lars-mueller-publishers.com/poemotion-1
wb.com,com,REGISTERED,4/25/2031,1677,MarkMonitor Inc.,4/24/1996,"client delete prohibited,client transfer prohibited,client update prohibited,server delete prohibited,server transfer prohibited,server update prohibited",rdap,https://opensea.io/blog/articles/opensea-digest-june-16-2023,https://web3.wb.com/
thetrevorproject.org,org,REGISTERED,5/2/2031,1685,"GoDaddy.com, LLC",5/2/2001,"client delete prohibited,client renew prohibited,client transfer prohibited,client update prohibited",rdap,https://opensea.io/blog/articles/not-your-bro-nfts,https://www.thetrevorproject.org/
yff.com,com,REGISTERED,5/9/2031,1692,"GoDaddy.com, LLC",5/9/2000,"client delete prohibited,client renew prohibited,client transfer prohibited,client update prohibited",rdap,https://opensea.io/blog/articles/opensea-digest-september-4-2025,https://www.yff.com/en/
hashed.com,com,REGISTERED,5/19/2031,1702,"GoDaddy.com, LLC",5/19/2001,"client delete prohibited,client renew prohibited,client transfer prohibited,client update prohibited",rdap,https://opensea.io/blog/articles/opensea-digest-sept-7-2023,https://www.hashed.com/
code4rena.com,com,REGISTERED,5/27/2031,1710,1API GmbH,5/27/2021,client transfer prohibited,rdap,https://opensea.io/blog/articles/introducing-seaport-protocol;https://opensea.io/blog/articles/introducing-the-nft-security-group,https://code4rena.com/
forgottenrunes.com,com,REGISTERED,5/30/2031,1713,"NameCheap, Inc.",5/30/2021,client transfer prohibited,rdap,https://opensea.io/blog/articles/in-conversation-with-magic-machine-the-team-behind-forgotten-runes;https://opensea.io/blog/articles/opensea-digest-march-20-2025,http://forgottenrunes.com
communitynewspapers.com,com,REGISTERED,6/1/2031,1715,"GoDaddy.com, LLC",6/12/1996,"client delete prohibited,client renew prohibited,client transfer prohibited,client update prohibited",rdap,https://opensea.io/blog/articles/opensea-digest-november-20-2025,https://communitynewspapers.com/biscayne-bay/the-pudgy-penguins-take-over-winter-during-art-week-miami/
standardcrypto.vc,vc,REGISTERED,6/4/2031,1718,Gandi SAS,6/4/2020,clientTransferProhibited https://icann.org/epp#clientTransferProhibited,whois,https://opensea.io/blog/articles/opensea-digest-march-20-2025;https://opensea.io/blog/articles/opensea-digest-may-23-2024;https://opensea.io/blog/articles/opensea-raises-23m-to-scale-the-largest-marketplace-for-nfts,https://standardcrypto.vc/
enjin.io,io,REGISTERED,6/22/2031,1736,MarkMonitor Inc.,6/22/2018,clientDeleteProhibited https://icann.org/epp#clientDeleteProhibited,whois,https://opensea.io/blog/articles/5-health-and-wellness-nft-collections-to-watch-in-2024;https://opensea.io/blog/articles/non-fungible-tokens,https://blog.enjin.io/erc-1155-token-standard-ethereum/
bankless.com,com,REGISTERED,6/26/2031,1739,"GoDaddy.com, LLC",6/26/1999,"client delete prohibited,client renew prohibited,client transfer prohibited,client update prohibited",rdap,https://opensea.io/blog/articles/in-conversation-with-carly-reilly-overpriced-media;https://opensea.io/blog/articles/nft-news-sources-and-how-to-access-them;https://opensea.io/blog/articles/opensea-digest-august-15-2024,https://www.bankless.com/
spatial.io,io,REGISTERED,7/1/2031,1745,101domain GRS Limited,7/1/2019,clientTransferProhibited https://icann.org/epp#clientTransferProhibited,whois,https://opensea.io/blog/articles/trending-nfts-vogue-blair-bernstein-and-more,https://app.spatial.io/rooms/6099a1f26c51d56631ba3577
imagecomics.com,com,REGISTERED,7/3/2031,1746,"Network Solutions, LLC",7/4/1997,client transfer prohibited,rdap,https://opensea.io/blog/articles/moonrays-unusual-journey-from-comic-books-to-a-futuristic-arena-battler-game,https://imagecomics.com/comics/series/prophet
1hotels.com,com,REGISTERED,7/5/2031,1748,"GoDaddy.com, LLC",7/6/1998,"client delete prohibited,client renew prohibited,client transfer prohibited,client update prohibited",rdap,https://opensea.io/blog/articles/opensea-digest-july-18-2024,https://www.1hotels.com/brooklyn-bridge
coinpaper.com,com,REGISTERED,7/16/2031,1760,"NameCheap, Inc.",7/16/2015,client transfer prohibited,rdap,https://opensea.io/blog/articles/opensea-digest-january-9-2026,https://coinpaper.com/13543/retail-giant-walmart-embraces-bitcoin-opening-crypto-payments-to-150-m-users
pay.sh,sh,REGISTERED,7/20/2031,1763,101domain GRS Limited,7/20/2017,clientTransferProhibited https://icann.org/epp#clientTransferProhibited,whois,https://opensea.io/blog/articles/opensea-digest-may-8-2026,http://pay.sh
leilahellergallery.com,com,REGISTERED,7/20/2031,1764,"GoDaddy.com, LLC",7/20/2011,"client delete prohibited,client renew prohibited,client transfer prohibited,client update prohibited",rdap,https://opensea.io/blog/articles/in-conversation-with-ryan-koopmans-and-alice-wexell;https://opensea.io/blog/articles/opensea-digest-december-18-2025,https://www.leilahellergallery.com/
tinybasedfrogs.xyz,xyz,REGISTERED,7/21/2031,1765,"NameCheap, Inc.",7/21/2023,client transfer prohibited,rdap,https://opensea.io/blog/articles/get-based-with-dailofrog,https://www.tinybasedfrogs.xyz/
veve.me,me,REGISTERED,7/22/2031,1765,Gandi SAS,7/22/2019,clientTransferProhibited https://icann.org/epp#clientTransferProhibited,whois,https://opensea.io/blog/articles/opensea-digest-march-21-2024,https://www.veve.me/
thenextweb.com,com,REGISTERED,8/2/2031,1777,"NameCheap, Inc.",8/2/2008,client transfer prohibited,rdap,https://opensea.io/blog/articles/non-fungible-tokens,https://thenextweb.com/hardfork/2018/09/05/most-expensive-cryptokitty/
iyk.app,app,REGISTERED,8/25/2031,1800,Squarespace Domains II LLC.,8/25/2021,"client delete prohibited,client transfer prohibited",rdap,https://opensea.io/blog/articles/opensea-digest-march-8-2024,https://www.iyk.app/
collectorcrypt.com,com,REGISTERED,8/26/2031,1801,"GoDaddy.com, LLC",8/26/2021,"client delete prohibited,client renew prohibited,client transfer prohibited,client update prohibited",rdap,https://opensea.io/blog/articles/in-conversation-with-tuomas-holmberg-of-collector-crypt,https://gacha.collectorcrypt.com/
toikido.com,com,REGISTERED,8/28/2031,1803,123-Reg Limited,8/28/2020,active,rdap,https://opensea.io/blog/articles/in-conversation-with-darran-garnham;https://opensea.io/blog/articles/in-conversation-with-darran-garnham-of-bad-egg-co,https://www.toikido.com/
indelible.xyz,xyz,REGISTERED,9/16/2031,1822,"Name.com, Inc.",9/16/2021,client transfer prohibited,rdap,https://opensea.io/blog/articles/how-chain-runners-sparked-300-onchain-nft-collections,https://www.indelible.xyz/
aip.org,org,REGISTERED,9/20/2031,1825,"Network Solutions, LLC",9/21/1989,client transfer prohibited,rdap,https://opensea.io/blog/articles/get-based-with-nix-eth,https://pubs.aip.org/aip/apl/article-abstract/98/23/231103/340404/Real-time-demonstration-of-high-bitrate-quantum
foxbusiness.com,com,REGISTERED,10/4/2031,1840,"GoDaddy Corporate Domains, LLC",10/4/1999,"client transfer prohibited,server delete prohibited,server transfer prohibited,server update prohibited",rdap,https://opensea.io/blog/articles/gronk-x-medium-rare-x-opensea,https://www.foxbusiness.com/sports/rob-gronkowski-digital-trading-cards-nft-craze
zenacademy.com,com,REGISTERED,10/6/2031,1842,"NameCheap, Inc.",10/6/2007,client transfer prohibited,rdap,https://opensea.io/blog/articles/zen-academy,https://zenacademy.com/
poynter.org,org,REGISTERED,10/16/2031,1851,"Network Solutions, LLC",10/17/1994,client transfer prohibited,rdap,https://opensea.io/blog/articles/insights-on-coindesk-s-10-most-influential-nfts,https://www.poynter.org/reporting-editing/2015/growing-support-for-the-listicle-at-the-new-york-times/
whitney.org,org,REGISTERED,10/18/2031,1853,"Network Solutions, LLC",10/19/1998,client transfer prohibited,rdap,https://opensea.io/blog/articles/opensea-digest-may-8-2025;https://opensea.io/blog/articles/opensea-digest-november-7-2024;https://opensea.io/blog/articles/opensea-digest-september-26-2024,https://whitney.org/
baby2baby.org,org,REGISTERED,10/27/2031,1863,"GoDaddy.com, LLC",10/27/2006,"client delete prohibited,client renew prohibited,client transfer prohibited,client update prohibited",rdap,https://opensea.io/blog/articles/this-week-in-web3-and-nfts-mmerch-parallel-goat-gaming-more,https://donate.baby2baby.org/give/648067/#!/donation/checkout
bantamtools.com,com,REGISTERED,10/30/2031,1866,"GoDaddy.com, LLC",10/30/2013,"client delete prohibited,client renew prohibited,client transfer prohibited,client update prohibited",rdap,https://opensea.io/blog/articles/in-conversation-with-cory-haber;https://opensea.io/blog/articles/in-conversation-with-james-merrill,https://store.bantamtools.com/collections/artframe
billboard.com,com,REGISTERED,11/6/2031,1872,MarkMonitor Inc.,11/7/1996,"client delete prohibited,client transfer prohibited,client update prohibited",rdap,https://opensea.io/blog/articles/opensea-digest-march-6-2025,https://www.billboard.com/pro/snoop-dogg-tune-fm-partnership-web3-streaming-platform/
tempo.xyz,xyz,REGISTERED,11/9/2031,1876,MarkMonitor Inc.,11/9/2017,"server update prohibited,server delete prohibited,server transfer prohibited,client transfer prohibited,client update prohibited,client delete prohibited",rdap,https://opensea.io/blog/articles/opensea-digest-april-17-2026;https://opensea.io/blog/articles/opensea-digest-april-24-2026;https://opensea.io/blog/articles/opensea-digest-april-30-2026,https://tempo.xyz/
nftbank.ai,ai,REGISTERED,11/21/2031,1888,Whois Corp.,11/21/2019,active,rdap,https://opensea.io/blog/articles/klaytn-nfts-are-coming-to-opensea,https://nftbank.ai/
uniswap.org,org,REGISTERED,11/26/2031,1892,"Cloudflare, Inc.",11/26/2018,client transfer prohibited,rdap,https://opensea.io/blog/articles/opensea-digest-december-5-2025,https://blog.uniswap.org/revolut-onramp-now-live
ethereum.org,org,REGISTERED,11/27/2031,1894,"Ascio Technologies, Inc. Danmark - Filial af Ascio technologies, Inc. USA",11/27/2013,active,rdap,https://opensea.io/blog/articles/erc1155-marketplace;https://opensea.io/blog/articles/in-conversation-with-alan-carr-of-cryptokitties;https://opensea.io/blog/articles/in-conversation-with-material-protocol-arts-team-the-creative-studio-behind-cycles,https://blog.ethereum.org/2025/06/04/ef-treasury-policy
telegram.org,org,REGISTERED,12/15/2031,1912,"GoDaddy.com, LLC",12/15/2003,"client delete prohibited,client renew prohibited,client transfer prohibited,client update prohibited",rdap,https://opensea.io/blog/articles/opensea-digest-january-30-2025;https://opensea.io/blog/articles/opensea-digest-january-9-2025;https://opensea.io/blog/articles/opensea-digest-july-17-2025,https://telegram.org/
dataland.art,art,REGISTERED,12/15/2031,1912,"GoDaddy.com, LLC",12/15/2021,"client renew prohibited,client transfer prohibited,client update prohibited,client delete prohibited",rdap,https://opensea.io/blog/articles/opensea-digest-may-15-2025;https://opensea.io/blog/articles/opensea-digest-september-26-2024;https://opensea.io/blog/articles/refik-anadol,https://dataland.art/
christies.com,com,REGISTERED,1/2/2032,1929,"CSC Corporate Domains, Inc.",1/3/1995,"client transfer prohibited,server delete prohibited,server transfer prohibited,server update prohibited",rdap,https://opensea.io/blog/articles/alpha-centauri-kid;https://opensea.io/blog/articles/beeple;https://opensea.io/blog/articles/damien-hirst,https://nft.christies.com/
dflow.net,net,REGISTERED,1/14/2032,1941,"NameCheap, Inc.",1/14/2004,client transfer prohibited,rdap,https://opensea.io/blog/articles/opensea-digest-may-8-2026,https://dflow.net/
valfre.com,com,REGISTERED,1/16/2032,1944,"GoDaddy.com, LLC",1/16/2013,"client delete prohibited,client renew prohibited,client transfer prohibited,client update prohibited",rdap,https://opensea.io/blog/articles/spotlight-on-hispanic-heritage-month,https://valfre.com/
fedi.xyz,xyz,REGISTERED,2/4/2032,1963,"NameCheap, Inc.",2/4/2022,client transfer prohibited,rdap,https://opensea.io/blog/articles/in-conversation-with-antonia-roupell-of-save-the-children,https://www.fedi.xyz/
technologyreview.com,com,REGISTERED,2/22/2032,1980,"Network Solutions, LLC",2/23/1998,client transfer prohibited,rdap,https://opensea.io/blog/articles/opensea-digest-march-12-2026,https://www.technologyreview.com/2025/02/17/1111387/ai-sougwen-chung-art-robots-collaboration/
squiggledao.com,com,REGISTERED,2/24/2032,1983,"NameCheap, Inc.",2/24/2021,client transfer prohibited,rdap,https://opensea.io/blog/articles/live-from-marfa-in-conversation-with-tyler-hobbs,https://www.squiggledao.com/
charlessaatchi.com,com,REGISTERED,3/2/2032,1990,123-Reg Limited,3/2/2021,"client delete prohibited,client transfer prohibited,client update prohibited",rdap,https://opensea.io/blog/articles/damien-hirst,https://www.charlessaatchi.com/
mmerch.xyz,xyz,REGISTERED,3/2/2032,1990,TLD Registrar Solutions Ltd.,3/2/2022,client transfer prohibited,rdap,https://opensea.io/blog/articles/in-conversation-with-mmerchs-colby-mugrabi;https://opensea.io/blog/articles/in-conversation-with-sergio-silva;https://opensea.io/blog/articles/mmerchs-generative-hoodie-drop-seedphrase-swarovski-crystals-claire-silver,https://mmerch.xyz/
berachain.com,com,REGISTERED,3/15/2032,2003,"Amazon Registrar, Inc.",3/15/2022,client transfer prohibited,rdap,https://opensea.io/blog/articles/opensea-digest-april-17-2025;https://opensea.io/blog/articles/opensea-digest-february-6-2025,https://docs.berachain.com/learn/testnet/berachain-testnet-v1-vs-v2
tradingview.com,com,REGISTERED,3/20/2032,2008,DomainSpot LLC,3/20/2010,client transfer prohibited,rdap,https://opensea.io/blog/articles/opensea-digest-november-20-2025;https://opensea.io/blog/articles/opensea-digest-october-16-2025,https://www.tradingview.com/
boredapeyachtclub.com,com,REGISTERED,3/30/2032,2017,MarkMonitor Inc.,3/30/2021,"client delete prohibited,client transfer prohibited,client update prohibited",rdap,https://opensea.io/blog/articles/opensea-digest-february-20-2025;https://opensea.io/blog/articles/opensea-digest-june-12-2025;https://opensea.io/blog/articles/opensea-digest-june-5-2025,https://boredapeyachtclub.com/
farcaster.xyz,xyz,REGISTERED,3/31/2032,2019,Gandi SAS,3/31/2021,client transfer prohibited,rdap,https://opensea.io/blog/articles/in-conversation-with-jacek-trocinski-of-degen;https://opensea.io/blog/articles/opensea-digest-august-22-2024;https://opensea.io/blog/articles/opensea-digest-december-12-2024,https://docs.farcaster.xyz/developers/frames/v2/
9dcc.xyz,xyz,REGISTERED,4/21/2032,2040,"GoDaddy.com, LLC",4/21/2022,"client renew prohibited,client transfer prohibited,client update prohibited,client delete prohibited",rdap,https://opensea.io/blog/articles/opensea-digest-april-3-2025;https://opensea.io/blog/articles/opensea-digest-feb-22-2024;https://opensea.io/blog/articles/opensea-digest-july-6-2024,https://9dcc.xyz/
ccn.com,com,REGISTERED,4/25/2032,2044,"GoDaddy.com, LLC",4/28/1992,"client delete prohibited,client renew prohibited,client transfer prohibited,client update prohibited",rdap,https://opensea.io/blog/articles/off-the-grid-console-gaming-web3-battle-royale;https://opensea.io/blog/articles/opensea-digest-june-5-2025;https://opensea.io/blog/articles/opensea-digest-october-10-2024,https://www.ccn.com/news/crypto/gunzillas-off-the-grid-blockchain-game-playstation-5/
revolut.com,com,REGISTERED,5/4/2032,2053,INWX GmbH,5/4/2006,client transfer prohibited,rdap,https://opensea.io/blog/articles/opensea-digest-december-5-2025;https://opensea.io/blog/articles/stablecoins-for-consumers,https://www.revolut.com/en-US/
telco.in,in,REGISTERED,5/5/2032,2054,Gandi SAS,5/5/2013,clientTransferProhibited https://icann.org/epp#clientTransferProhibited,whois,https://opensea.io/blog/articles/opensea-digest-november-13-2025,https://www.telco.in/en
drinkarizona.com,com,REGISTERED,5/14/2032,2062,"Amazon Registrar, Inc.",5/14/2006,client transfer prohibited,rdap,https://opensea.io/blog/articles/opensea-digest-august-8-2024,https://drinkarizona.com/
bit.ly,ly,REGISTERED,5/17/2032,2066,Libyan Spider Network (int),5/17/2008,"client transfer prohibited,client delete prohibited,DS automation disabled,NS automation disabled",rdap,https://opensea.io/blog/articles/ember-sword-marketplace;https://opensea.io/blog/articles/save-thousands-of-lives-through-this-nft,http://bit.ly/ESBusinessPitch
benzinga.com,com,REGISTERED,5/18/2032,2067,"NameCheap, Inc.",5/18/2009,client transfer prohibited,rdap,https://opensea.io/blog/articles/in-conversation-with-hantao-yuan;https://opensea.io/blog/articles/opensea-digest-july-13-2023,https://www.benzinga.com/fintech/22/09/29024042/collectible-ape-water-introduced-at-artcade-fred-segal-gallery-on-sunset-blvd-in-la
playavalon.com,com,REGISTERED,6/6/2032,2086,"GoDaddy.com, LLC",6/6/2019,"client delete prohibited,client renew prohibited,client transfer prohibited,client update prohibited",rdap,https://opensea.io/blog/articles/in-conversation-with-sean-pinnock-of-avalon,https://playavalon.com/
artlightmuseum.org,org,REGISTERED,6/14/2032,2093,"GoDaddy.com, LLC",6/14/2022,"client delete prohibited,client renew prohibited,client transfer prohibited,client update prohibited",rdap,https://opensea.io/blog/articles/in-conversation-with-des-lucrece;https://opensea.io/blog/articles/opensea-digest-february-19-2026;https://opensea.io/blog/articles/opensea-digest-july-11-2024,https://artlightmuseum.org/
faraway.com,com,REGISTERED,7/6/2032,2116,"GoDaddy.com, LLC",7/6/2003,"client delete prohibited,client renew prohibited,client transfer prohibited,client update prohibited",rdap,https://opensea.io/blog/articles/opensea-digest-aug-31-2023,https://faraway.com/
wildcardgame.com,com,REGISTERED,7/9/2032,2119,"NameCheap, Inc.",7/9/2007,client transfer prohibited,rdap,https://opensea.io/blog/articles/in-conversation-with-nico-del-pino,https://www.wildcardgame.com/
voxels.com,com,REGISTERED,8/1/2032,2142,"GoDaddy.com, LLC",8/1/2001,"client delete prohibited,client renew prohibited,client transfer prohibited,client update prohibited",rdap,https://opensea.io/blog/articles/non-fungible-tokens,https://www.voxels.com/play
smithsonianmag.com,com,REGISTERED,8/7/2032,2147,"DNC Holdings, Inc.",8/8/1997,"client delete prohibited,client transfer prohibited,client update prohibited",rdap,https://opensea.io/blog/articles/damien-hirst;https://opensea.io/blog/articles/insights-on-coindesk-s-10-most-influential-nfts;https://opensea.io/blog/articles/trey-ratcliff,https://photocontest.smithsonianmag.com/photocontest/detail/the-4th-of-july-on-lake-austin/
nftnow.com,com,REGISTERED,8/8/2032,2149,"GoDaddy.com, LLC",8/8/2020,"client delete prohibited,client renew prohibited,client transfer prohibited,client update prohibited",rdap,https://opensea.io/blog/articles/claire-silver;https://opensea.io/blog/articles/in-conversation-with-han;https://opensea.io/blog/articles/in-conversation-with-jeremy-booth,https://nftnow.com/
marketbeat.com,com,REGISTERED,8/24/2032,2164,"Cloudflare, Inc.",8/25/1997,client transfer prohibited,rdap,https://opensea.io/blog/articles/opensea-digest-july-24-2026,https://www.marketbeat.com/articles/paypal-rejected-a-53-billion-takeover-bid-is-the-stock-undervalued/
interviewmagazine.com,com,REGISTERED,8/30/2032,2171,"GoDaddy.com, LLC",8/30/2000,"client delete prohibited,client renew prohibited,client transfer prohibited,client update prohibited",rdap,https://opensea.io/blog/articles/in-conversation-with-jessica-yatrofsky,https://www.interviewmagazine.com/culture/jessica-yatrofsky
sparklabstaiwan.com,com,REGISTERED,9/6/2032,2178,"GoDaddy.com, LLC",9/6/2022,"client delete prohibited,client renew prohibited,client transfer prohibited,client update prohibited",rdap,https://opensea.io/blog/articles/in-conversation-with-sean-pinnock-of-avalon,https://www.sparklabstaiwan.com/mentors/kevin-lin
theshed.org,org,REGISTERED,10/21/2032,2223,"NameCheap, Inc.",10/21/2013,client transfer prohibited,rdap,https://opensea.io/blog/articles/opensea-digest-june-26-2025,https://www.theshed.org/program/480-diffuse-control-by-beeple
r-project.org,org,REGISTERED,10/27/2032,2229,Gandi SAS,10/27/1999,client transfer prohibited,rdap,https://opensea.io/blog/articles/interview-phil-from-cryptogametalk;https://opensea.io/blog/articles/predicting-ens-domain-value,https://cran.r-project.org/web/packages/tidytext/vignettes/tidytext.html
ton.org,org,REGISTERED,11/13/2032,2246,"GoDaddy.com, LLC",11/13/2003,"client delete prohibited,client renew prohibited,client transfer prohibited,client update prohibited",rdap,https://opensea.io/blog/articles/opensea-digest-april-30-2026;https://opensea.io/blog/articles/opensea-digest-january-30-2025;https://opensea.io/blog/articles/opensea-digest-july-24-2025,https://ton.org/
blizzard.com,com,REGISTERED,12/8/2032,2270,MarkMonitor Inc.,12/9/1994,"client delete prohibited,client transfer prohibited,client update prohibited",rdap,https://opensea.io/blog/articles/in-conversation-with-chevan-tin-of-anichess;https://opensea.io/blog/articles/in-conversation-with-jeffrey-jihoz-zirlin;https://opensea.io/blog/articles/sell-hearthstone-cards,https://hearthstone.blizzard.com/en-us
rain.com,com,REGISTERED,12/11/2032,2273,Squarespace Domains II LLC,12/12/1990,"client delete prohibited,client transfer prohibited",rdap,https://opensea.io/blog/articles/opensea-digest-august-21-2025,https://www.rain.com/
citi.com,com,REGISTERED,12/29/2032,2291,"CSC Corporate Domains, Inc.",12/29/1998,"client delete prohibited,client transfer prohibited,server delete prohibited,server transfer prohibited,server update prohibited",rdap,https://opensea.io/blog/articles/opensea-digest-november-7-2024,https://www.citi.com/
foundation-labs.xyz,xyz,REGISTERED,1/20/2033,2314,Squarespace Domains II LLC,1/20/2026,"client transfer prohibited,client delete prohibited",rdap,https://opensea.io/blog/articles/opensea-digest-april-17-2026,https://www.foundation-labs.xyz/
nftfi.com,com,REGISTERED,1/21/2033,2315,"GoDaddy.com, LLC",1/21/2020,"client delete prohibited,client renew prohibited,client transfer prohibited,client update prohibited",rdap,https://opensea.io/blog/articles/in-conversation-with-robi-of-ark-gallery,https://nftfi.com/
odiville.com,com,REGISTERED,2/13/2033,2337,Squarespace Domains II LLC,2/13/2023,"client delete prohibited,client transfer prohibited",rdap,https://opensea.io/blog/articles/in-conversation-with-odious,http://echoes.odiville.com
cloudflare.com,com,REGISTERED,2/17/2033,2342,"Cloudflare, Inc.",2/17/2009,"client delete prohibited,client transfer prohibited,client update prohibited,server delete prohibited,server transfer prohibited,server update prohibited",rdap,https://opensea.io/blog/articles/1-billion-from-creator-fees-in-2022;https://opensea.io/blog/articles/10-tips-for-avoiding-scams-and-staying-safe-on-the-decentralized-web;https://opensea.io/blog/articles/12-curated-works-for-cadaf-online,https://cdnjs.cloudflare.com/ajax/libs/font-awesome/5.8.2/css/all.css
anrealage.com,com,REGISTERED,3/28/2033,2380,"eNom, LLC",3/28/2005,client transfer prohibited,rdap,https://opensea.io/blog/articles/in-conversation-with-nicola-formichetti,https://www.anrealage.com/
kraken.com,com,REGISTERED,4/3/2033,2387,MarkMonitor Inc.,4/3/2000,"client delete prohibited,client transfer prohibited,client update prohibited,server delete prohibited,server transfer prohibited,server update prohibited",rdap,https://opensea.io/blog/articles/opensea-digest-april-10-2025;https://opensea.io/blog/articles/opensea-digest-august-21-2025;https://opensea.io/blog/articles/opensea-digest-january-9-2026,https://blog.kraken.com/news/800-million-raise-to-advance-strategic-roadmap
mixcloud.com,com,REGISTERED,4/11/2033,2395,"Cloudflare, Inc.",4/11/2008,client transfer prohibited,rdap,https://opensea.io/blog/articles/pride-perspectives-june-2023,https://www.mixcloud.com/mxmeduusa/openseas-pride-perspectives-opening-night/
ubisoft.com,com,REGISTERED,4/28/2033,2411,Gandi SAS,4/27/1995,client transfer prohibited,rdap,https://opensea.io/blog/articles/in-conversation-with-omar-ghanem-of-gam3s-gg;https://opensea.io/blog/articles/moonrays-unusual-journey-from-comic-books-to-a-futuristic-arena-battler-game;https://opensea.io/blog/articles/opensea-digest-april-24-2025,https://championstactics.ubisoft.com/
rookperfumes.co.uk,uk,REGISTERED,5/17/2033,2430,Gandi [Tag = GANDI],5/17/2018,Registered until expiry date.,whois,https://opensea.io/blog/articles/opensea-digest-feb-1-2024,https://rookperfumes.co.uk/
cameo.com,com,REGISTERED,5/23/2033,2436,"GoDaddy.com, LLC",5/22/1997,"client delete prohibited,client renew prohibited,client transfer prohibited,client update prohibited",rdap,https://opensea.io/blog/articles/cameo-expands-from-personalized-video-messages-to-nfts,https://pass.cameo.com/
ens.domains,domains,REGISTERED,5/27/2033,2441,Tucows Domains Inc.,5/27/2016,"client transfer prohibited,client update prohibited",rdap,https://opensea.io/blog/articles/a-brand-new-marketplace-place-for-ens-names-buy-and-sell-ens-names-on-opensea;https://opensea.io/blog/articles/non-fungible-tokens;https://opensea.io/blog/articles/opensea-digest-april-10-2025,https://ens.domains/
chimpers.com,com,REGISTERED,6/16/2033,2460,123-Reg Limited,11/17/2005,"client delete prohibited,client renew prohibited,client transfer prohibited,client update prohibited",rdap,https://opensea.io/blog/articles/in-conversation-with-jacob-timperley-of-chimpers,https://cards.chimpers.com/drops/against-all-odds
automattic.com,com,REGISTERED,6/19/2033,2463,MarkMonitor Inc.,6/19/2004,"client delete prohibited,client transfer prohibited,client update prohibited,server delete prohibited,server transfer prohibited,server update prohibited",rdap,https://opensea.io/blog/articles/live-from-marfa-in-conversation-with-neel-shivdasani,https://automattic.com/
chain.link,link,REGISTERED,7/27/2033,2501,MarkMonitor Inc.,7/27/2017,"client transfer prohibited,client update prohibited,client delete prohibited",rdap,https://opensea.io/blog/articles/opensea-digest-april-10-2025;https://opensea.io/blog/articles/opensea-digest-august-21-2026;https://opensea.io/blog/articles/opensea-digest-february-20-2025,https://chain.link/
gala.com,com,REGISTERED,7/28/2033,2502,"Cloudflare, Inc.",7/29/1995,client transfer prohibited,rdap,https://opensea.io/blog/articles/opensea-digest-aug-31-2023;https://opensea.io/blog/articles/opensea-digest-march-28-2024,https://music.gala.com/
wire.network,network,REGISTERED,8/2/2033,2508,"GoDaddy.com, LLC",8/2/2020,"client delete prohibited,client renew prohibited,client transfer prohibited,client update prohibited",rdap,https://opensea.io/blog/articles/in-conversation-with-jaime-rogozinski-founder-of-redacted;https://opensea.io/blog/articles/opensea-digest-april-10-2025,https://www.wire.network/
pacegallery.com,com,REGISTERED,8/7/2033,2513,"Network Solutions, LLC",8/7/2002,client transfer prohibited,rdap,https://opensea.io/blog/articles/generative-art-nfts;https://opensea.io/blog/articles/opensea-digest-november-7-2024;https://opensea.io/blog/articles/tyler-hobbs,https://www.pacegallery.com/
refikanadol.com,com,REGISTERED,8/19/2033,2525,"Wild West Domains, LLC",8/19/2007,"client delete prohibited,client renew prohibited,client transfer prohibited,client update prohibited",rdap,https://opensea.io/blog/articles/opensea-digest-december-5-2024;https://opensea.io/blog/articles/opensea-digest-february-13-2025;https://opensea.io/blog/articles/opensea-digest-february-27-2026,https://refikanadol.com/
nft.nyc,nyc,REGISTERED,8/27/2033,2533,"GoDaddy.com, LLC",8/27/2018,"client delete prohibited,client transfer prohibited,client renew prohibited,client update prohibited",rdap,https://opensea.io/blog/articles/cryptotickets-erc721-tickets;https://opensea.io/blog/articles/in-conversation-with-firestorm-of-neo-tokyo;https://opensea.io/blog/articles/introducing-the-nft-security-group,http://nft.nyc/
cryptotimes.io,io,REGISTERED,9/9/2033,2546,"GoDaddy.com, LLC",9/9/2018,clientDeleteProhibited https://icann.org/epp#clientDeleteProhibited,whois,https://opensea.io/blog/articles/opensea-digest-jan-25-2024,https://www.cryptotimes.io/sega-partners-with-finschia-for-development-of-web3-games/
bossbeauties.com,com,REGISTERED,10/5/2033,2572,"Network Solutions, LLC",10/5/2009,clientTransferProhibited https://icann.org/epp#clientTransferProhibited,whois,https://opensea.io/blog/articles/opensea-digest-oct-5-2023,https://bossbeauties.com/
biennialfoundation.org,org,REGISTERED,10/9/2033,2575,Squarespace Domains II LLC,10/9/2007,"client delete prohibited,client transfer prohibited",rdap,https://opensea.io/blog/articles/orkan-mammadov,https://www.biennialfoundation.org/biennials/venice-biennale/
asteriafilm.com,com,REGISTERED,10/9/2033,2576,"GoDaddy.com, LLC",10/9/2023,"client delete prohibited,client renew prohibited,client transfer prohibited,client update prohibited",rdap,https://opensea.io/blog/articles/opensea-digest-october-16-2025,https://www.asteriafilm.com/
han.io,io,REGISTERED,10/28/2033,2595,"GoDaddy.com, LLC",10/28/2017,clientDeleteProhibited https://icann.org/epp#clientDeleteProhibited,whois,https://opensea.io/blog/articles/in-conversation-with-han,https://han.io/
volaris.com,com,REGISTERED,11/2/2033,2599,"Amazon Registrar, Inc.",2/18/1998,client transfer prohibited,rdap,https://opensea.io/blog/articles/airline-nfts,https://cms.volaris.com/es/informacion-util/nfts-pase-anual/
guild.xyz,xyz,REGISTERED,11/17/2033,2615,"Cloudflare, Inc.",11/17/2016,client transfer prohibited,rdap,https://opensea.io/blog/articles/opensea-digest-aug-4-2023,https://guild.xyz/titlesxyz
giphy.com,com,REGISTERED,11/27/2033,2625,"GoDaddy.com, LLC",11/27/2012,"client delete prohibited,client renew prohibited,client transfer prohibited,client update prohibited",rdap,https://opensea.io/blog/articles/dan-beasley-grapes,https://giphy.com/JoinGrapes
robinhood.com,com,REGISTERED,11/29/2033,2626,MarkMonitor Inc.,11/30/1995,"client delete prohibited,client transfer prohibited,client update prohibited,server delete prohibited,server transfer prohibited,server update prohibited",rdap,https://opensea.io/blog/articles/opensea-digest-july-2-2026;https://opensea.io/blog/articles/robinhood-chain-is-live-on-opensea,https://robinhood.com/us/en/chain/
perplexity.com,com,REGISTERED,1/2/2034,2660,"GoDaddy.com, LLC",6/30/2001,"client delete prohibited,client renew prohibited,client transfer prohibited,client update prohibited",rdap,https://opensea.io/blog/articles/opensea-integrates-with-perplexity-computer,https://perplexity.com
justinbanon.com,com,REGISTERED,1/10/2034,2669,"GoDaddy.com, LLC",1/10/2024,"client delete prohibited,client renew prohibited,client transfer prohibited,client update prohibited",rdap,https://opensea.io/blog/articles/opensea-digest-february-27-2025,https://www.justinbanon.com/
trimont.com,com,REGISTERED,1/17/2034,2676,"Network Solutions, LLC",1/17/2003,client transfer prohibited,rdap,https://opensea.io/blog/articles/opensea-digest-september-11-2025,https://trimont.com/
newrafael.com,com,REGISTERED,1/25/2034,2683,"NameCheap, Inc.",5/9/2003,client transfer prohibited,rdap,https://opensea.io/blog/articles/spotlight-on-hispanic-heritage-month,https://www.newrafael.com/internet/
phantom.com,com,REGISTERED,2/15/2034,2704,"NameCheap, Inc.",2/14/1992,client transfer prohibited,rdap,https://opensea.io/blog/articles/opensea-digest-august-7-2025;https://opensea.io/blog/articles/opensea-digest-december-12-2024;https://opensea.io/blog/articles/opensea-digest-february-6-2025,https://phantom.com/
thedomains.com,com,REGISTERED,2/16/2034,2705,1API GmbH,2/16/1999,client transfer prohibited,rdap,https://opensea.io/blog/articles/non-fungible-tokens,https://www.thedomains.com/2019/10/05/the-number-of-domain-names-sold-in-2019-has-already-surpassed-2018/
laughingplace.com,com,REGISTERED,2/17/2034,2706,"Network Solutions, LLC",2/17/1999,client transfer prohibited,rdap,https://opensea.io/blog/articles/opensea-digest-october-30-2025,https://www.laughingplace.com/disney-parks/hilton-anaheim-disney-pinnacle/
punkism.art,art,REGISTERED,2/25/2034,2715,"NameCheap, Inc.",2/25/2024,client transfer prohibited,rdap,https://opensea.io/blog/articles/in-conversation-with-piv,https://punkism.art/
0x.org,org,REGISTERED,3/13/2034,2731,"Amazon Registrar, Inc.",3/13/2000,client transfer prohibited,rdap,https://opensea.io/blog/articles/sell-hearthstone-cards,https://0x.org/
cryptocubes.io,io,REGISTERED,3/16/2034,2734,"GoDaddy.com, LLC",3/16/2021,clientDeleteProhibited https://icann.org/epp#clientDeleteProhibited,whois,https://opensea.io/blog/articles/in-conversation-with-han,https://cryptocubes.io/playground
nvidia.com,com,REGISTERED,4/21/2034,2769,SafeNames Ltd.,4/20/1993,"client delete prohibited,client transfer prohibited,server delete prohibited,server transfer prohibited,server update prohibited",rdap,https://opensea.io/blog/articles/live-from-marfa-in-conversation-with-clownvamp;https://opensea.io/blog/articles/opensea-digest-october-16-2025,https://www.nvidia.com/en-us/
monad.xyz,xyz,REGISTERED,4/20/2034,2769,MarkMonitor Inc.,4/20/2019,"server update prohibited,server delete prohibited,server transfer prohibited,client transfer prohibited,client update prohibited,client delete prohibited",rdap,https://opensea.io/blog/articles/opensea-digest-october-16-2025,https://www.monad.xyz/
crypto.com,com,REGISTERED,5/7/2034,2785,"Network Solutions, LLC",5/6/1993,"client delete prohibited,client transfer prohibited,client update prohibited,server delete prohibited,server transfer prohibited,server update prohibited",rdap,https://opensea.io/blog/articles/crypto-rewards-cards;https://opensea.io/blog/articles/opensea-digest-october-2-2025,https://crypto.com/en/company-news/cryptocom-renews-partnership-with-formula-1-to-2030
oculus.com,com,REGISTERED,5/10/2034,2788,"RegistrarSafe, LLC",5/9/1995,"client delete prohibited,client transfer prohibited,client update prohibited,server delete prohibited,server transfer prohibited,server update prohibited",rdap,https://opensea.io/blog/articles/interview-with-john-orion-young,https://www.oculus.com/
blooloop.com,com,REGISTERED,6/13/2034,2823,123-Reg Limited,6/13/2005,active,rdap,https://opensea.io/blog/articles/opensea-digest-march-13-2025,https://blooloop.com/technology/news/christies-artificial-intelligence-art-auction-exceeds-expectations/
gamespress.com,com,REGISTERED,6/15/2034,2825,"No-IP Technologies, LLC",6/15/2000,client transfer prohibited,rdap,https://opensea.io/blog/articles/in-conversation-with-april-stallings-of-make-a-wish,https://www.gamespress.com/Make-A-Wish-International-and-2TG-Entertainment-Partner-to-Bring-Hope-
typeform.com,com,REGISTERED,6/20/2034,2830,"Amazon Registrar, Inc.",6/20/2002,client transfer prohibited,rdap,https://opensea.io/blog/articles/opensea-digest-april-10-2025;https://opensea.io/blog/articles/opensea-digest-february-27-2026;https://opensea.io/blog/articles/opensea-digest-june-12-2025,https://fh185ypwh53.typeform.com/to/Am6W49wO
lacoste.com,com,REGISTERED,7/9/2034,2848,MarkMonitor Inc.,7/10/1997,"client delete prohibited,client transfer prohibited,client update prohibited",rdap,https://opensea.io/blog/articles/opensea-digest-july-13-2023;https://opensea.io/blog/articles/opensea-digest-march-1-2024,http://undw3.lacoste.com
perplexity.ai,ai,REGISTERED,7/8/2034,2848,"GoDaddy.com, LLC",7/8/2022,"client delete prohibited,client renew prohibited,client transfer prohibited,client update prohibited",rdap,https://opensea.io/blog/articles/opensea-integrates-with-perplexity-computer,https://www.perplexity.ai/computer/connectors
pymnts.com,com,REGISTERED,7/15/2034,2855,"Network Solutions, LLC",7/15/2009,client transfer prohibited,rdap,https://opensea.io/blog/articles/stablecoins-for-consumers,https://www.pymnts.com/cryptocurrency/2026/polygon-makes-250-million-dollar-investment-stablecoin-payments/
img.com,com,REGISTERED,7/23/2034,2862,"Network Solutions, LLC",7/24/1998,client transfer prohibited,rdap,https://opensea.io/blog/articles/opensea-digest-oct-27-2023,https://www.img.com/
shibastorygo.com,com,REGISTERED,7/24/2034,2864,"Cloudflare, Inc.",7/24/2025,client transfer prohibited,rdap,https://opensea.io/blog/articles/opensea-digest-august-7-2026,https://www.shibastorygo.com/en
obeygiant.com,com,REGISTERED,8/11/2034,2881,"Network Solutions, LLC",8/12/1998,client transfer prohibited,rdap,https://opensea.io/blog/articles/opensea-digest-march-5-2026,https://obeygiant.com/
bitcoin.org,org,REGISTERED,8/18/2034,2889,"NameCheap, Inc.",8/18/2008,client transfer prohibited,rdap,https://opensea.io/blog/articles/finiliar;https://opensea.io/blog/articles/in-conversation-with-jacek-trocinski-of-degen;https://opensea.io/blog/articles/in-conversation-with-jeffrey-jihoz-zirlin,https://bitcoin.org/bitcoin.pdf
whatsapp.com,com,REGISTERED,9/4/2034,2906,"RegistrarSafe, LLC",9/4/2008,"client delete prohibited,client transfer prohibited,client update prohibited,server delete prohibited,server transfer prohibited,server update prohibited",rdap,https://opensea.io/blog/articles/opensea-digest-march-21-2024,https://www.whatsapp.com/
pump.fun,fun,REGISTERED,9/19/2034,2921,"GoDaddy.com, LLC",9/19/2023,"client delete prohibited,client renew prohibited,client transfer prohibited,client update prohibited",rdap,https://opensea.io/blog/articles/in-conversation-with-jacek-trocinski-of-degen;https://opensea.io/blog/articles/opensea-digest-july-17-2025;https://opensea.io/blog/articles/opensea-digest-november-6-2025,http://pump.fun
circle.so,so,REGISTERED,11/24/2034,2987,Key-Systems,11/24/2019,active https://icann.org/epp#active,whois,https://opensea.io/blog/articles/opensea-digest-august-7-2025;https://opensea.io/blog/articles/stablecoins-for-consumers,https://circle.so/
absen.com,com,REGISTERED,11/28/2034,2991,"Alibaba Cloud Computing (Beijing) Co., Ltd.",11/28/2003,client transfer prohibited,rdap,https://opensea.io/blog/articles/opensea-digest-february-6-2025,https://www.absen.com/
mercedes-benz.com,com,REGISTERED,12/8/2034,3000,Key-Systems GmbH,12/9/1994,"client delete prohibited,client transfer prohibited,client update prohibited,server delete prohibited,server transfer prohibited,server update prohibited",rdap,https://opensea.io/blog/articles/opensea-digest-june-9-2023,https://nxt.mercedes-benz.com/maschine
angrybirds.com,com,REGISTERED,12/13/2034,3006,"GoDaddy.com, LLC",12/13/2009,"client delete prohibited,client renew prohibited,client transfer prohibited,client update prohibited",rdap,https://opensea.io/blog/articles/dan-beasley-grapes,https://www.angrybirds.com/
mbusa.com,com,REGISTERED,12/19/2034,3011,Key-Systems GmbH,12/20/1996,"client delete prohibited,client transfer prohibited,client update prohibited,server delete prohibited,server transfer prohibited,server update prohibited",rdap,https://opensea.io/blog/articles/luxury-nfts,https://www.mbusa.com/en/home
foundersfund.com,com,REGISTERED,12/19/2034,3011,"Blue Razor Domains, LLC",12/19/1998,"client delete prohibited,client renew prohibited,client transfer prohibited,client update prohibited",rdap,https://opensea.io/blog/articles/opensea-digest-october-31-2024,https://foundersfund.com/team/peter-thiel/
igg.com,com,REGISTERED,2/2/2035,3057,"GoDaddy.com, LLC",1/13/1996,"client delete prohibited,client renew prohibited,client transfer prohibited,client update prohibited",rdap,https://opensea.io/blog/articles/in-conversation-with-hantao-yuan,https://www.igg.com/
unesco.org,org,REGISTERED,3/2/2035,3084,Gandi SAS,3/1/1994,client transfer prohibited,rdap,https://opensea.io/blog/articles/orkan-mammadov;https://opensea.io/blog/articles/spotlight-on-asian-american-and-pacific-islander-heritage-month,https://ich.unesco.org/en/RL/traditional-art-of-azerbaijani-carpet-weaving-in-the-republic-of-azerbaijan-00389
megaeth.com,com,REGISTERED,3/24/2035,3107,"Cloudflare, Inc.",3/24/2019,client transfer prohibited,rdap,https://opensea.io/blog/articles/opensea-digest-february-12-2026;https://opensea.io/blog/articles/opensea-digest-june-18-2026;https://opensea.io/blog/articles/opensea-digest-may-21-2026,https://rabbithole.megaeth.com/
bape.com,com,REGISTERED,3/30/2035,3113,Web Commerce Communications Limited dba WebNic.cc,3/11/1999,"client delete prohibited,client transfer prohibited,client update prohibited",rdap,https://opensea.io/blog/articles/fashion-nfts;https://opensea.io/blog/articles/opensea-digest-august-29-2024,https://us.bape.com/
midjourney.com,com,REGISTERED,4/24/2035,3138,"GoDaddy.com, LLC",4/24/2007,"client delete prohibited,client renew prohibited,client transfer prohibited,client update prohibited",rdap,https://opensea.io/blog/articles/elman-mansimov;https://opensea.io/blog/articles/infiniteyay;https://opensea.io/blog/articles/live-from-marfa-in-conversation-with-deltasauce,https://www.midjourney.com/explore
luma.com,com,REGISTERED,8/5/2035,3240,"Cloudflare, Inc.",8/6/1995,client transfer prohibited,rdap,https://opensea.io/blog/articles/opensea-digest-november-13-2025,https://luma.com/imugd1ds
jio.com,com,REGISTERED,11/19/2035,3346,"GoDaddy.com, LLC",11/20/1998,"client delete prohibited,client renew prohibited,client transfer prohibited,client update prohibited",rdap,https://opensea.io/blog/articles/opensea-digest-april-24-2025,https://www.jio.com/
warpcast.com,com,REGISTERED,12/15/2035,3373,Squarespace Domains II LLC,12/15/2002,"client delete prohibited,client transfer prohibited",rdap,https://opensea.io/blog/articles/opensea-digest-august-22-2024;https://opensea.io/blog/articles/opensea-digest-march-21-2024,https://warpcast.com/
proofofplay.com,com,REGISTERED,12/19/2035,3377,"NameCheap, Inc.",12/19/2006,client transfer prohibited,rdap,https://opensea.io/blog/articles/in-conversation-with-adam-fern-of-proof-of-play;https://opensea.io/blog/articles/pioneering-programmatic-allowlists-with-dith-and-glhfers,https://proofofplay.com/
azragames.com,com,REGISTERED,12/29/2035,3386,"GoDaddy.com, LLC",12/29/2021,"client delete prohibited,client renew prohibited,client transfer prohibited,client update prohibited",rdap,https://opensea.io/blog/articles/opensea-digest-october-17-2024,https://azragames.com/games/
arweave.org,org,REGISTERED,1/25/2036,3414,"NameCheap, Inc.",1/25/2018,client transfer prohibited,rdap,https://opensea.io/blog/articles/decentralizing-nft-metadata-on-opensea,https://www.arweave.org/
weekday.com,com,REGISTERED,4/15/2036,3494,"CSC Corporate Domains, Inc.",4/16/1998,"client transfer prohibited,server delete prohibited,server transfer prohibited,server update prohibited",rdap,https://opensea.io/blog/articles/opensea-digest-june-9-2023,https://www.weekday.com/en/index.html
flow.com,com,REGISTERED,7/4/2036,3574,"GoDaddy.com, LLC",7/5/1994,"client delete prohibited,client renew prohibited,client transfer prohibited,client update prohibited",rdap,https://opensea.io/blog/articles/in-conversation-with-alan-carr-of-cryptokitties;https://opensea.io/blog/articles/opensea-digest-july-31-2025;https://opensea.io/blog/articles/opensea-digest-june-25-2026,https://developers.flow.com/cadence/intro
intellimize.co,co,REGISTERED,,,"MarkMonitor, Inc.",12/3/2015,clientUpdateProhibited (https://www.icann.org/epp#clientUpdateProhibited),whois,https://opensea.io/blog/articles/1-billion-from-creator-fees-in-2022;https://opensea.io/blog/articles/10-tips-for-avoiding-scams-and-staying-safe-on-the-decentralized-web;https://opensea.io/blog/articles/12-curated-works-for-cadaf-online,https://api.intellimize.co
cadaf.art,art,UNREGISTERED,,,,,,rdap,https://opensea.io/blog/articles/12-curated-works-for-cadaf-online,https://cadaf.art/artfair
ana.co.jp,jp,UNKNOWN,,,,,,whois,https://opensea.io/blog/articles/airline-nfts;https://opensea.io/blog/articles/opensea-digest-june-2-2023,https://www.ana.co.jp/en/us/
kittyhats.co,co,REGISTERED,,,GANDI SAS,12/16/2017,clientTransferProhibited http://www.icann.org/epp#clientTransferProhibited,whois,https://opensea.io/blog/articles/atomic-bazaar;https://opensea.io/blog/articles/bringing-on-additional-strategic-investors-to-opensea;https://opensea.io/blog/articles/non-fungible-tokens,https://kittyhats.co/
decrypt.co,co,REGISTERED,,,"Cloudflare, Inc.",3/1/2012,clienttransferprohibited https://icann.org/epp#clienttransferprohibited,whois,https://opensea.io/blog/articles/brands-that-started-as-crypto-tokens;https://opensea.io/blog/articles/bringing-virtual-games-into-the-real-world;https://opensea.io/blog/articles/gronk-x-medium-rare-x-opensea,https://decrypt.co/
cryptokitties.co,co,REGISTERED,,,GANDI SAS,9/13/2017,clientTransferProhibited http://www.icann.org/epp#clientTransferProhibited,whois,https://opensea.io/blog/articles/bringing-on-additional-strategic-investors-to-opensea;https://opensea.io/blog/articles/decentralizing-nft-metadata-on-opensea;https://opensea.io/blog/articles/in-conversation-with-alan-carr-of-cryptokitties,https://allthezen.cryptokitties.co/
complexity.gg,gg,REGISTERED,,,Gandi SAS (http://www.gandi.net),,"Active,Registered until cancelled",whois,https://opensea.io/blog/articles/complexity-gamings-bold-pivot-to-web3-gaming,https://complexity.gg/
esports.gg,gg,REGISTERED,,,Key Systems (http://www.key-systems.net),,"Active,Registered until cancelled",whois,https://opensea.io/blog/articles/complexity-gamings-bold-pivot-to-web3-gaming;https://opensea.io/blog/articles/off-the-grid-console-gaming-web3-battle-royale,https://esports.gg/news/gaming/complexity-sold-to-former-owner-jason-lake/
si.edu,edu,REGISTERED,,,,,,whois,https://opensea.io/blog/articles/defaced;https://opensea.io/blog/articles/trey-ratcliff,https://www.si.edu/
epics.gg,gg,REGISTERED,,,MarkMonitor Inc. (http://www.markmonitor.com),,"Inactive,Registered until cancelled",whois,https://opensea.io/blog/articles/epics-trading-cards;https://opensea.io/blog/articles/non-fungible-tokens,https://app.epics.gg/
linktr.ee,ee,REGISTERED,,,name:       Zone Media OÜ,3/8/2016,ok (paid and in zone),whois,https://opensea.io/blog/articles/get-based-with-dailofrog,https://linktr.ee/dailofrog
glossy.co,co,REGISTERED,,,Key-Systems GmbH,7/20/2010,clientDeleteProhibited https://icann.org/epp#clientDeleteProhibited,whois,https://opensea.io/blog/articles/in-conversation-with-alice-delahunt-of-syky;https://opensea.io/blog/articles/opensea-digest-march-1-2024,https://www.glossy.co/fashion/how-syky-is-preparing-digital-fashion-designers-for-the-4-8-billion-brand-opportunity/
museoreinasofia.es,es,UNKNOWN,,,,,,none,https://opensea.io/blog/articles/in-conversation-with-ana-maria-caballero-art-basel,https://www.museoreinasofia.es/en/
moku.gg,gg,REGISTERED,,,"NameCheap, Inc (https://www.namecheap.com)",,"Active,Registered until cancelled",whois,https://opensea.io/blog/articles/in-conversation-with-hantao-yuan,https://hq.moku.gg/
upstreamgallery.nl,nl,REGISTERED,,,Registrar.eu,10/13/2003,active,rdap,https://opensea.io/blog/articles/in-conversation-with-jan-robert-leegte,https://www.upstreamgallery.nl/exhibitions/273/sightings
projecto.gg,gg,REGISTERED,,,"NameCheap, Inc (https://www.namecheap.com)",,"Active,Registered until cancelled",whois,https://opensea.io/blog/articles/in-conversation-with-koin-games,https://www.projecto.gg/
donate.gg,gg,REGISTERED,,,"NameCheap, Inc (https://www.namecheap.com)",,"Active,Registered until cancelled",whois,https://opensea.io/blog/articles/in-conversation-with-leap;https://opensea.io/blog/articles/opensea-digest-october-23-2025,http://donate.gg
nyu.edu,edu,REGISTERED,,,,,,whois,https://opensea.io/blog/articles/in-conversation-with-mmerchs-colby-mugrabi,https://gallatin.nyu.edu/
sease.it,it,REGISTERED,,,,10/13/2016,ok,whois,https://opensea.io/blog/articles/in-conversation-with-mo-abrishamchi,https://sease.it/en-us
lu.ma,ma,UNKNOWN,,,,,,none,https://opensea.io/blog/articles/in-conversation-with-mo-abrishamchi;https://opensea.io/blog/articles/opensea-digest-april-24-2025;https://opensea.io/blog/articles/opensea-digest-february-13-2025,https://lu.ma/MONHubOpenHouse20Sept
moon.it,it,REGISTERED,,,,4/4/2002,ok,whois,https://opensea.io/blog/articles/in-conversation-with-nobody-sausage,https://moon.it/
gam3s.gg,gg,REGISTERED,,,"NameCheap, Inc (https://www.namecheap.com)",,"Active,Registered until cancelled",whois,https://opensea.io/blog/articles/in-conversation-with-omar-ghanem-of-gam3s-gg;https://opensea.io/blog/articles/off-the-grid-console-gaming-web3-battle-royale;https://opensea.io/blog/articles/opensea-digest-dec-7-2023,http://gam3s.gg
superplastic.co,co,REGISTERED,,,Key-Systems GmbH,10/4/2017,clientDeleteProhibited https://icann.org/epp#clientDeleteProhibited,whois,https://opensea.io/blog/articles/interview-with-john-orion-young,https://superplastic.co/
mica.edu,edu,REGISTERED,,,,,,whois,https://opensea.io/blog/articles/jen-stark,https://www.mica.edu/
itsmountvitruvius.com,com,UNREGISTERED,,,,,,rdap,https://opensea.io/blog/articles/live-from-marfa-in-conversation-with-mountvitruvius,http://itsmountvitruvius.com
xga.gg,gg,REGISTERED,,,"NameCheap, Inc (https://www.namecheap.com)",,"Active,Registered until cancelled",whois,https://opensea.io/blog/articles/memeland,https://academy.xga.gg/memeland-collaborates-with-whiskygenius-to-release-exclusive-whiskey/
theblock.co,co,REGISTERED,,,GANDI SAS,2/3/2017,clientTransferProhibited http://www.icann.org/epp#clientTransferProhibited,whois,https://opensea.io/blog/articles/nft-news-sources-and-how-to-access-them;https://opensea.io/blog/articles/opensea-digest-april-24-2026;https://opensea.io/blog/articles/opensea-digest-april-3-2025,https://www.theblock.co/category/nfts
bitcoin.it,it,REGISTERED,,,,12/1/2010,ok,whois,https://opensea.io/blog/articles/non-fungible-tokens,https://en.bitcoin.it/wiki/Colored_Coins
cryptospells.jp,jp,UNKNOWN,,,,,,whois,https://opensea.io/blog/articles/non-fungible-tokens,https://cryptospells.jp/
vogue.com.au,au,REGISTERED,,,,,serverRenewProhibited https://identitydigital.au/whois-status-codes#serverRenewProhibited,whois,https://opensea.io/blog/articles/not-your-bro-nfts,https://www.vogue.com.au/culture/features/we-realised-how-much-good-we-could-do-on-a-global-scale-introducing-the-womanled-nft-collection-thats-all-about-giving-back/news-story/8ed93d190cd875d852ded11
battleplan.gg,gg,REGISTERED,,,Registry (http://www.channelisles.net),,"Inactive,Cancellation pending",whois,https://opensea.io/blog/articles/opensea-digest-april-11-2024,https://www.battleplan.gg/
beratone.game,game,UNREGISTERED,,,,,,rdap,https://opensea.io/blog/articles/opensea-digest-april-17-2025,https://www.beratone.game/
offf.barcelona,barcelona,UNKNOWN,,,,,,none,https://opensea.io/blog/articles/opensea-digest-april-24-2026,https://www.offf.barcelona/
forge.gg,gg,REGISTERED,,,Gandi SAS (http://www.gandi.net),,"Active,Registered until cancelled",whois,https://opensea.io/blog/articles/opensea-digest-april-25-2024,https://forge.gg/
akmistanbul.gov.tr,tr,UNKNOWN,,,,,,whois,https://opensea.io/blog/articles/opensea-digest-december-5-2024,https://akmistanbul.gov.tr/ataturk-cultural-centre
deathstr.gg,gg,REGISTERED,,,"NameCheap, Inc (https://www.namecheap.com)",,"Active,Registered until cancelled",whois,https://opensea.io/blog/articles/opensea-digest-february-12-2026,https://deathstr.gg/
ethresear.ch,ch,UNKNOWN,,,,,,whois,https://opensea.io/blog/articles/opensea-digest-jan-4-2024,https://ethresear.ch/t/sticking-to-8192-signatures-per-slot-post-ssf-how-and-why/17989
teamsecret.gg,gg,REGISTERED,,,"NameCheap, Inc (https://www.namecheap.com)",,"Active,Registered until cancelled",whois,https://opensea.io/blog/articles/opensea-digest-january-15-2026,https://teamsecret.gg/
opyn.co,co,REGISTERED,,,Key-Systems GmbH,5/8/2019,clientDeleteProhibited https://icann.org/epp#clientDeleteProhibited,whois,https://opensea.io/blog/articles/opensea-digest-july-17-2025,https://www.opyn.co/
cscs.ch,ch,UNKNOWN,,,,,,whois,https://opensea.io/blog/articles/opensea-digest-july-17-2025,https://www.cscs.ch/
ethz.ch,ch,UNKNOWN,,,,,,whois,https://opensea.io/blog/articles/opensea-digest-july-17-2025,https://ethz.ch/en/news-and-events/eth-news/news/2025/07/a-language-model-built-for-the-public-good.html
consensys.io,io,UNKNOWN,,,,,,none,https://opensea.io/blog/articles/opensea-digest-july-31-2025;https://opensea.io/blog/articles/opensea-digest-march-6-2025;https://opensea.io/blog/articles/opensea-digest-october-2-2025,https://consensys.io/
pbt.io,io,UNKNOWN,,,,,,none,https://opensea.io/blog/articles/opensea-digest-june-13-2024,https://www.pbt.io/
qivalis.eu,eu,REGISTERED,,,Name: GANDI,,,whois,https://opensea.io/blog/articles/opensea-digest-june-25-2026,https://qivalis.eu/
metavisio.eu,eu,REGISTERED,,,Name: OVH SAS,,,whois,https://opensea.io/blog/articles/opensea-digest-march-27-2025,https://www.metavisio.eu/en
haun.co,co,REGISTERED,,,Key-Systems GmbH,3/22/2022,clientDeleteProhibited https://icann.org/epp#clientDeleteProhibited,whois,https://opensea.io/blog/articles/opensea-digest-may-23-2024,https://www.haun.co/
mit.edu,edu,REGISTERED,,,,,,whois,https://opensea.io/blog/articles/opensea-digest-october-16-2025,https://www.media.mit.edu/people/cynthiab/overview/
theresareiwer.de,de,REGISTERED,,,,,connect,whois,https://opensea.io/blog/articles/opensea-digest-october-17-2024,https://www.theresareiwer.de/
yggplay.gg,gg,REGISTERED,,,GoDaddy.com LLC (https://www.godaddy.com),,"Active,Registered until cancelled",whois,https://opensea.io/blog/articles/opensea-digest-october-2-2024,https://www.yggplay.gg/
sorah-nft.io,io,UNREGISTERED,,,,,,whois,https://opensea.io/blog/articles/opensea-digest-october-31-2024,https://sorah-nft.io/en
dastan.co,co,REGISTERED,,,"Cloudflare, Inc.",8/1/2022,clienttransferprohibited https://icann.org/epp#clienttransferprohibited,whois,https://opensea.io/blog/articles/opensea-digest-october-9-2025,https://www.dastan.co/
lh-innovationhub.de,de,REGISTERED,,,,,connect,whois,https://opensea.io/blog/articles/opensea-digest-sept-7-2023,https://lh-innovationhub.de/en/
linztourismus.at,at,REGISTERED,,,World4You Internet Services GmbH ( https://nic.at/registrar/61 ),,,whois,https://opensea.io/blog/articles/opensea-digest-september-12-2024,https://www.linztourismus.at/en/leisure/discover-linz/museums-and-exhibitions/francisco-carolinum
sonynetwork.co.jp,jp,UNKNOWN,,,,,,whois,https://opensea.io/blog/articles/opensea-digest-september-12-2024,https://www.sonynetwork.co.jp/sonynetworkcomlabs/en/
soulbound.gg,gg,REGISTERED,,,"NameCheap, Inc (https://www.namecheap.com)",,"Active,Registered until cancelled",whois,https://opensea.io/blog/articles/opensea-digest-september-26-2024,https://soulbound.gg/
lentos.at,at,UNKNOWN,,,,,,none,https://opensea.io/blog/articles/opensea-digest-september-5-2024,https://www.lentos.at/en
allships.co,co,REGISTERED,,,Key-Systems GmbH,12/2/2018,clientDeleteProhibited https://icann.org/epp#clientDeleteProhibited,whois,https://opensea.io/blog/articles/oveck-reyes;https://opensea.io/blog/articles/spotlight-on-lgbtqia-pride-month,https://allships.co/article/interview-cowboy-killer
prime.wiki,wiki,UNREGISTERED,,,,,,rdap,https://opensea.io/blog/articles/parallel-trading-card-game,https://prime.wiki/a-spotlight-on-the-paragons/
reforged.gg,gg,REGISTERED,,,Gandi SAS (http://www.gandi.net),,"Active,Registered until cancelled",whois,https://opensea.io/blog/articles/pixelmon,https://reforged.gg/
carrd.co,co,REGISTERED,,,"MarkMonitor, Inc.",4/30/2015,clientUpdateProhibited (https://www.icann.org/epp#clientUpdateProhibited),whois,https://opensea.io/blog/articles/spotlight-january-2021,https://stellabelle.carrd.co/
getty.edu,edu,REGISTERED,,,,,,whois,https://opensea.io/blog/articles/spotlight-on-hispanic-heritage-month,https://www.getty.edu/research/exhibitions_events/exhibitions/bauhaus/new_artist/history/
boxofchocolates.nl,nl,REGISTERED,,,ZXCS,7/10/2002,active,rdap,https://opensea.io/blog/articles/spotlight-on-hispanic-heritage-month,https://www.boxofchocolates.nl/
arcade.xyz,xyz,REGISTERED,,,NAMECHEAP INC,10/31/2019,serverTransferProhibited https://icann.org/epp#serverTransferProhibited,whois,https://opensea.io/blog/articles/strongthe-2022-nft-awards-strong,https://www.arcade.xyz/
y.at,at,REGISTERED,,,101Domain GRS Ltd. ( https://nic.at/registrar/670 ),,,whois,https://opensea.io/blog/articles/trending-nfts-keiko-kitahara-boss-logic-and-more,https://start.y.at/
paramount.com,com,UNKNOWN,,,,,,none,https://opensea.io/blog/articles/welcoming-the-godfather-to-opensea,https://www.paramount.com/
meta.com,com,UNKNOWN,,,,,,none,https://opensea.io/blog/articles/what-is-co-create-ink,https://about.meta.com/
scad.edu,edu,REGISTERED,,,,,,whois,https://opensea.io/blog/articles/who-is-sam-spratt,https://www.scad.edu/about/news-press-and-recognition/meet-sam-spratt-new-york-based-freelance-illustrator-scad-alum-and
